text,label
Monthly statement available at https://microsoft.com,0
Your order is confirmed on https://microsoft.com,0
Visit our official site for updates: https://google.com,0
Class notice posted at https://amazon.in,0
Payment failed. Retry here: http://gift-claim.org/pk1dat5s,1
KYC pending for Netflix. Update immediately at https://verify-login.net/97qv8ttl,1
Your Google account is locked. Verify now: http://pay-now.in/qljoko93,1
Your SBI account is locked. Verify now: http://gift-claim.org/zcbc0h7d,1
Payment failed. Retry here: http://trackparcel.in/ur3oaw88,1
Your order is confirmed on https://college.edu,0
Meeting link shared on portal. See https://amazon.in,0
KYC pending for Google. Update immediately at https://account-check.net/knyrvb5i,1
Payment failed. Retry here: http://verify-login.net/75ln0pxf,1
Your Flipkart account is locked. Verify now: http://secure-update.co/csdfkv6m,1
Courier fee ₹49 pending. Pay now: http://gift-claim.org/s0renjr2,1
Visit our official site for updates: https://college.edu,0
Class notice posted at https://college.edu,0
Your Flipkart account is locked. Verify now: http://gift-claim.org/uo3jfuzt,1
Meeting link shared on portal. See https://microsoft.com,0
Monthly statement available at https://college.edu,0
Meeting link shared on portal. See https://college.edu,0
Courier fee ₹49 pending. Pay now: http://account-check.net/wqist5an,1
You won a reward from Amazon! Claim: https://pay-now.in/09rapa0h,1
Visit our official site for updates: https://company.com,0
You won a reward from Google! Claim: https://verify-login.net/6xyxehkt,1
Payment failed. Retry here: http://secure-update.co/cnx5r9nt,1
You won a reward from Netflix! Claim: https://account-check.net/iispaz3a,1
Your Flipkart account is locked. Verify now: http://gift-claim.org/u3vw2l0x,1
Payment failed. Retry here: http://account-check.net/8itgi989,1
KYC pending for HDFC. Update immediately at https://gift-claim.org/qrg7qoj9,1
Visit our official site for updates: https://company.com,0
Meeting link shared on portal. See https://irctc.co.in,0
You won a reward from ICICI! Claim: https://trackparcel.in/cgiyp86m,1
Meeting link shared on portal. See https://microsoft.com,0
Payment failed. Retry here: http://account-check.net/qzulj5z4,1
Your order is confirmed on https://microsoft.com,0
Meeting link shared on portal. See https://google.com,0
Your Amazon account is locked. Verify now: http://account-check.net/45ck6zva,1
Visit our official site for updates: https://microsoft.com,0
Visit our official site for updates: https://amazon.in,0
Visit our official site for updates: https://company.com,0
KYC pending for HDFC. Update immediately at https://account-check.net/ejtltx8n,1
Visit our official site for updates: https://company.com,0
Courier fee ₹49 pending. Pay now: http://trackparcel.in/simk2je1,1
Monthly statement available at https://college.edu,0
KYC pending for SBI. Update immediately at https://secure-update.co/tj04r8h8,1
Class notice posted at https://company.com,0
Courier fee ₹49 pending. Pay now: http://verify-login.net/50v045fg,1
Meeting link shared on portal. See https://google.com,0
Visit our official site for updates: https://microsoft.com,0
Visit our official site for updates: https://irctc.co.in,0
Visit our official site for updates: https://microsoft.com,0
Courier fee ₹49 pending. Pay now: http://pay-now.in/fng53fp9,1
Monthly statement available at https://google.com,0
Your HDFC account is locked. Verify now: http://verify-login.net/9mxd6ik0,1
Payment failed. Retry here: http://secure-update.co/quowb5ss,1
Monthly statement available at https://microsoft.com,0
You won a reward from Flipkart! Claim: https://account-check.net/09trl81t,1
Payment failed. Retry here: http://pay-now.in/m3tnf4b8,1
Payment failed. Retry here: http://trackparcel.in/8vt84kv6,1
Courier fee ₹49 pending. Pay now: http://secure-update.co/j49h876a,1
Meeting link shared on portal. See https://google.com,0
Class notice posted at https://microsoft.com,0
KYC pending for Netflix. Update immediately at https://trackparcel.in/o819mdg8,1
Payment failed. Retry here: http://verify-login.net/ls0vqxfw,1
KYC pending for HDFC. Update immediately at https://gift-claim.org/8a96g8wu,1
Monthly statement available at https://microsoft.com,0
Class notice posted at https://irctc.co.in,0
Your order is confirmed on https://irctc.co.in,0
You won a reward from Microsoft! Claim: https://verify-login.net/0b64ard8,1
Your ICICI account is locked. Verify now: http://trackparcel.in/c1ensqmx,1
Monthly statement available at https://college.edu,0
You won a reward from Amazon! Claim: https://secure-update.co/3p0liz7m,1
Your Flipkart account is locked. Verify now: http://secure-update.co/rxkrkl6i,1
Visit our official site for updates: https://amazon.in,0
Your order is confirmed on https://company.com,0
Monthly statement available at https://company.com,0
Courier fee ₹49 pending. Pay now: http://secure-update.co/x24csz09,1
You won a reward from WhatsApp! Claim: https://account-check.net/qq6ydak8,1
Visit our official site for updates: https://irctc.co.in,0
Payment failed. Retry here: http://account-check.net/xbxjsf1d,1
Class notice posted at https://amazon.in,0
KYC pending for SBI. Update immediately at https://secure-update.co/njmemhjo,1
Your order is confirmed on https://company.com,0
Visit our official site for updates: https://college.edu,0
Your SBI account is locked. Verify now: http://trackparcel.in/w0gq32qn,1
Class notice posted at https://irctc.co.in,0
Your order is confirmed on https://microsoft.com,0
Class notice posted at https://irctc.co.in,0
Courier fee ₹49 pending. Pay now: http://account-check.net/p5v9vctu,1
Your Paytm account is locked. Verify now: http://gift-claim.org/uzkwlh9e,1
Meeting link shared on portal. See https://college.edu,0
Meeting link shared on portal. See https://college.edu,0
Class notice posted at https://college.edu,0
KYC pending for SBI. Update immediately at https://pay-now.in/fhbqjq0d,1
You won a reward from Netflix! Claim: https://account-check.net/sk00mx1a,1
Meeting link shared on portal. See https://google.com,0
Your order is confirmed on https://amazon.in,0
Courier fee ₹49 pending. Pay now: http://account-check.net/guv4rz1f,1
Monthly statement available at https://google.com,0
Visit our official site for updates: https://amazon.in,0
Monthly statement available at https://google.com,0
Visit our official site for updates: https://company.com,0
Your Flipkart account is locked. Verify now: http://pay-now.in/6whf9l52,1
KYC pending for Netflix. Update immediately at https://gift-claim.org/t7n4ofb2,1
Monthly statement available at https://microsoft.com,0
You won a reward from SBI! Claim: https://trackparcel.in/3h4o4zb5,1
Your order is confirmed on https://company.com,0
Your order is confirmed on https://microsoft.com,0
Courier fee ₹49 pending. Pay now: http://gift-claim.org/ajl3i5bc,1
Your Microsoft account is locked. Verify now: http://secure-update.co/wgdfz11i,1
Visit our official site for updates: https://company.com,0
Courier fee ₹49 pending. Pay now: http://secure-update.co/a53j1zou,1
Visit our official site for updates: https://microsoft.com,0
Class notice posted at https://company.com,0
KYC pending for HDFC. Update immediately at https://pay-now.in/zrfj86je,1
Payment failed. Retry here: http://gift-claim.org/3ya5r2rp,1
Your Netflix account is locked. Verify now: http://gift-claim.org/gkn9apv7,1
Monthly statement available at https://microsoft.com,0
Payment failed. Retry here: http://trackparcel.in/450i3521,1
KYC pending for ICICI. Update immediately at https://verify-login.net/x6jp7niu,1
Monthly statement available at https://irctc.co.in,0
Your Amazon account is locked. Verify now: http://gift-claim.org/s3vo9qu7,1
Class notice posted at https://amazon.in,0
Payment failed. Retry here: http://gift-claim.org/0e9jnwg3,1
Meeting link shared on portal. See https://company.com,0
You won a reward from Microsoft! Claim: https://secure-update.co/uo3k5j08,1
Courier fee ₹49 pending. Pay now: http://pay-now.in/19vbyd5u,1
Payment failed. Retry here: http://trackparcel.in/d4qns747,1
You won a reward from Netflix! Claim: https://verify-login.net/yjnze6fn,1
KYC pending for Flipkart. Update immediately at https://secure-update.co/9pldkqd4,1
Monthly statement available at https://google.com,0
Your Google account is locked. Verify now: http://pay-now.in/a7awirrp,1
Your order is confirmed on https://microsoft.com,0
You won a reward from Flipkart! Claim: https://secure-update.co/i8dhga8i,1
Payment failed. Retry here: http://gift-claim.org/nnxk50z2,1
Monthly statement available at https://company.com,0
KYC pending for ICICI. Update immediately at https://account-check.net/lzu922gj,1
Your ICICI account is locked. Verify now: http://trackparcel.in/zw279a4z,1
Visit our official site for updates: https://amazon.in,0
Monthly statement available at https://irctc.co.in,0
Courier fee ₹49 pending. Pay now: http://verify-login.net/t84cth7z,1
Payment failed. Retry here: http://account-check.net/0vsyj5bk,1
Monthly statement available at https://college.edu,0
Meeting link shared on portal. See https://college.edu,0
Monthly statement available at https://google.com,0
Your Paytm account is locked. Verify now: http://secure-update.co/h8fwpk7w,1
Your Amazon account is locked. Verify now: http://account-check.net/2e4w0c78,1
Monthly statement available at https://google.com,0
You won a reward from ICICI! Claim: https://gift-claim.org/ba0m8a2d,1
Meeting link shared on portal. See https://google.com,0
Class notice posted at https://irctc.co.in,0
Your order is confirmed on https://irctc.co.in,0
Monthly statement available at https://amazon.in,0
Your order is confirmed on https://google.com,0
KYC pending for Google. Update immediately at https://pay-now.in/41cscsxm,1
Class notice posted at https://irctc.co.in,0
Your order is confirmed on https://google.com,0
KYC pending for Google. Update immediately at https://verify-login.net/dux05vea,1
Class notice posted at https://microsoft.com,0
KYC pending for WhatsApp. Update immediately at https://gift-claim.org/xfik1dno,1
You won a reward from Microsoft! Claim: https://pay-now.in/lanw9mvv,1
You won a reward from Paytm! Claim: https://pay-now.in/7fb3t5rt,1
You won a reward from WhatsApp! Claim: https://trackparcel.in/3rfjofgt,1
Visit our official site for updates: https://college.edu,0
Class notice posted at https://irctc.co.in,0
Your order is confirmed on https://company.com,0
You won a reward from ICICI! Claim: https://gift-claim.org/t1urpa55,1
KYC pending for Paytm. Update immediately at https://verify-login.net/oyi648qe,1
Your Flipkart account is locked. Verify now: http://trackparcel.in/l1wt0k4c,1
Courier fee ₹49 pending. Pay now: http://trackparcel.in/hult6mpn,1
Monthly statement available at https://college.edu,0
Courier fee ₹49 pending. Pay now: http://account-check.net/u38szyoa,1
Class notice posted at https://microsoft.com,0
KYC pending for ICICI. Update immediately at https://trackparcel.in/3k226rio,1
You won a reward from Microsoft! Claim: https://verify-login.net/8rz1ohp3,1
Meeting link shared on portal. See https://microsoft.com,0
KYC pending for Paytm. Update immediately at https://verify-login.net/8bhjl6js,1
Visit our official site for updates: https://company.com,0
You won a reward from SBI! Claim: https://gift-claim.org/a7jcafmq,1
Your order is confirmed on https://college.edu,0
Courier fee ₹49 pending. Pay now: http://verify-login.net/r40ijvo7,1
Monthly statement available at https://google.com,0
KYC pending for HDFC. Update immediately at https://verify-login.net/8pgi77sd,1
Meeting link shared on portal. See https://amazon.in,0
Your Flipkart account is locked. Verify now: http://verify-login.net/1u5xttbd,1
Class notice posted at https://microsoft.com,0
KYC pending for Flipkart. Update immediately at https://trackparcel.in/t8rg4gb7,1
Meeting link shared on portal. See https://company.com,0
Payment failed. Retry here: http://pay-now.in/e998rjgb,1
Meeting link shared on portal. See https://amazon.in,0
KYC pending for Flipkart. Update immediately at https://account-check.net/cvq4xo0f,1
Meeting link shared on portal. See https://google.com,0
KYC pending for Microsoft. Update immediately at https://verify-login.net/ufdtryr4,1
KYC pending for HDFC. Update immediately at https://verify-login.net/bu1nwrpw,1
Meeting link shared on portal. See https://microsoft.com,0
Monthly statement available at https://irctc.co.in,0
KYC pending for Amazon. Update immediately at https://verify-login.net/4wjzb9vx,1
KYC pending for Microsoft. Update immediately at https://account-check.net/ygvf7zl9,1
Your order is confirmed on https://company.com,0
Meeting link shared on portal. See https://irctc.co.in,0
Class notice posted at https://microsoft.com,0
You won a reward from Paytm! Claim: https://trackparcel.in/lw45tzd3,1
Courier fee ₹49 pending. Pay now: http://secure-update.co/su0c22kw,1
KYC pending for Amazon. Update immediately at https://trackparcel.in/sbe5ajg7,1
Payment failed. Retry here: http://pay-now.in/csna4204,1
KYC pending for HDFC. Update immediately at https://gift-claim.org/1poz26ix,1
Class notice posted at https://amazon.in,0
Monthly statement available at https://company.com,0
Your ICICI account is locked. Verify now: http://verify-login.net/31ivdh7r,1
Class notice posted at https://amazon.in,0
Your order is confirmed on https://amazon.in,0
Class notice posted at https://college.edu,0
Your order is confirmed on https://amazon.in,0
KYC pending for ICICI. Update immediately at https://gift-claim.org/fgkquxo3,1
You won a reward from ICICI! Claim: https://verify-login.net/vnmdnb3p,1
Visit our official site for updates: https://microsoft.com,0
KYC pending for HDFC. Update immediately at https://gift-claim.org/imy6ozv0,1
Visit our official site for updates: https://microsoft.com,0
Courier fee ₹49 pending. Pay now: http://trackparcel.in/eden2qdv,1
Your order is confirmed on https://google.com,0
Courier fee ₹49 pending. Pay now: http://gift-claim.org/dxltkium,1
Monthly statement available at https://microsoft.com,0
KYC pending for Google. Update immediately at https://gift-claim.org/w4dz6kuv,1
Visit our official site for updates: https://college.edu,0
Visit our official site for updates: https://google.com,0
Class notice posted at https://microsoft.com,0
You won a reward from ICICI! Claim: https://trackparcel.in/nslr83lj,1
Class notice posted at https://company.com,0
Payment failed. Retry here: http://gift-claim.org/sxvh3273,1
You won a reward from ICICI! Claim: https://verify-login.net/h16rbv87,1
Your Flipkart account is locked. Verify now: http://verify-login.net/d01f4060,1
You won a reward from SBI! Claim: https://gift-claim.org/dpy2l06x,1
Visit our official site for updates: https://irctc.co.in,0
KYC pending for ICICI. Update immediately at https://pay-now.in/7msksy5e,1
Meeting link shared on portal. See https://college.edu,0
Meeting link shared on portal. See https://amazon.in,0
Payment failed. Retry here: http://secure-update.co/s1oyxgw0,1
Payment failed. Retry here: http://pay-now.in/pe9ngwef,1
Visit our official site for updates: https://google.com,0
Courier fee ₹49 pending. Pay now: http://gift-claim.org/0at24xx1,1
Payment failed. Retry here: http://trackparcel.in/hrsohkli,1
Visit our official site for updates: https://amazon.in,0
Your HDFC account is locked. Verify now: http://gift-claim.org/ku2zyzms,1
You won a reward from Flipkart! Claim: https://secure-update.co/u2cyh3w6,1
Class notice posted at https://amazon.in,0
Your WhatsApp account is locked. Verify now: http://verify-login.net/2twhytxk,1
Your ICICI account is locked. Verify now: http://pay-now.in/i0y4yfh1,1
You won a reward from Amazon! Claim: https://pay-now.in/ko653cjd,1
Visit our official site for updates: https://microsoft.com,0
KYC pending for Paytm. Update immediately at https://pay-now.in/hm94xh0m,1
Class notice posted at https://company.com,0
Payment failed. Retry here: http://gift-claim.org/ry75fetu,1
Visit our official site for updates: https://irctc.co.in,0
Payment failed. Retry here: http://pay-now.in/qbqbbt32,1
KYC pending for Amazon. Update immediately at https://verify-login.net/ndqcpw20,1
Monthly statement available at https://irctc.co.in,0
Visit our official site for updates: https://company.com,0
KYC pending for WhatsApp. Update immediately at https://trackparcel.in/hvd41p3w,1
Your order is confirmed on https://google.com,0
Courier fee ₹49 pending. Pay now: http://verify-login.net/enq30jzn,1
KYC pending for ICICI. Update immediately at https://secure-update.co/zgnmh7wy,1
Courier fee ₹49 pending. Pay now: http://gift-claim.org/8n4lepbd,1
Meeting link shared on portal. See https://company.com,0
Courier fee ₹49 pending. Pay now: http://gift-claim.org/zuad2rbz,1
Visit our official site for updates: https://irctc.co.in,0
Courier fee ₹49 pending. Pay now: http://gift-claim.org/94m3xar1,1
Monthly statement available at https://college.edu,0
Class notice posted at https://company.com,0
You won a reward from ICICI! Claim: https://account-check.net/tjma0tri,1
Your order is confirmed on https://amazon.in,0
Courier fee ₹49 pending. Pay now: http://account-check.net/6h9wxpvp,1
Class notice posted at https://google.com,0
Monthly statement available at https://amazon.in,0
Meeting link shared on portal. See https://irctc.co.in,0
Your order is confirmed on https://irctc.co.in,0
Visit our official site for updates: https://irctc.co.in,0
Your Amazon account is locked. Verify now: http://pay-now.in/dsiyn0ar,1
Visit our official site for updates: https://company.com,0
Monthly statement available at https://google.com,0
Courier fee ₹49 pending. Pay now: http://verify-login.net/vgvdtt6g,1
KYC pending for SBI. Update immediately at https://trackparcel.in/qtbqec1z,1
Meeting link shared on portal. See https://irctc.co.in,0
Class notice posted at https://company.com,0
Class notice posted at https://irctc.co.in,0
Courier fee ₹49 pending. Pay now: http://trackparcel.in/fmfhq9n5,1
KYC pending for Microsoft. Update immediately at https://account-check.net/szxkqzv3,1
Meeting link shared on portal. See https://google.com,0
Monthly statement available at https://irctc.co.in,0
KYC pending for Flipkart. Update immediately at https://pay-now.in/nqlz87dy,1
Visit our official site for updates: https://google.com,0
Meeting link shared on portal. See https://google.com,0
Your order is confirmed on https://company.com,0
KYC pending for ICICI. Update immediately at https://verify-login.net/t7w9d2g0,1
KYC pending for Flipkart. Update immediately at https://trackparcel.in/evnfrx5c,1
Class notice posted at https://amazon.in,0
Meeting link shared on portal. See https://microsoft.com,0
Your Paytm account is locked. Verify now: http://trackparcel.in/1gt9x9iq,1
Meeting link shared on portal. See https://microsoft.com,0
Visit our official site for updates: https://microsoft.com,0
Your order is confirmed on https://microsoft.com,0
Your Amazon account is locked. Verify now: http://pay-now.in/us2r6mut,1
Courier fee ₹49 pending. Pay now: http://trackparcel.in/f7sf1erv,1
Class notice posted at https://company.com,0
Visit our official site for updates: https://amazon.in,0
Monthly statement available at https://company.com,0
KYC pending for Google. Update immediately at https://pay-now.in/nmxrlswx,1
Your order is confirmed on https://amazon.in,0
Your order is confirmed on https://google.com,0
Meeting link shared on portal. See https://college.edu,0
Payment failed. Retry here: http://secure-update.co/dslh76nw,1
Monthly statement available at https://google.com,0
Monthly statement available at https://microsoft.com,0
Your order is confirmed on https://amazon.in,0
Monthly statement available at https://irctc.co.in,0
Monthly statement available at https://google.com,0
Your order is confirmed on https://google.com,0
Meeting link shared on portal. See https://amazon.in,0
Your order is confirmed on https://amazon.in,0
You won a reward from Microsoft! Claim: https://account-check.net/hct59syp,1
You won a reward from Amazon! Claim: https://verify-login.net/n8r5zq82,1
You won a reward from HDFC! Claim: https://account-check.net/cdxr19l3,1
Visit our official site for updates: https://amazon.in,0
Visit our official site for updates: https://irctc.co.in,0
Your Google account is locked. Verify now: http://verify-login.net/wl0lz7if,1
Courier fee ₹49 pending. Pay now: http://verify-login.net/xoeu7igu,1
Meeting link shared on portal. See https://google.com,0
Your order is confirmed on https://microsoft.com,0
You won a reward from Google! Claim: https://pay-now.in/jj4agkx2,1
You won a reward from Amazon! Claim: https://pay-now.in/f2lg9bep,1
KYC pending for HDFC. Update immediately at https://trackparcel.in/6q3be28d,1
Your order is confirmed on https://google.com,0
Visit our official site for updates: https://google.com,0
Your SBI account is locked. Verify now: http://secure-update.co/2axnumgb,1
Your order is confirmed on https://company.com,0
Courier fee ₹49 pending. Pay now: http://verify-login.net/dfclzqkf,1
Your order is confirmed on https://college.edu,0
KYC pending for Amazon. Update immediately at https://secure-update.co/yxz5qjkq,1
Visit our official site for updates: https://irctc.co.in,0
You won a reward from Netflix! Claim: https://account-check.net/l2y015au,1
KYC pending for Paytm. Update immediately at https://verify-login.net/8n4zi241,1
You won a reward from ICICI! Claim: https://account-check.net/y8f1q413,1
Your order is confirmed on https://microsoft.com,0
Monthly statement available at https://google.com,0
Your order is confirmed on https://company.com,0
Courier fee ₹49 pending. Pay now: http://pay-now.in/9p16ni6y,1
Class notice posted at https://company.com,0
Class notice posted at https://company.com,0
You won a reward from SBI! Claim: https://verify-login.net/presbqub,1
Courier fee ₹49 pending. Pay now: http://trackparcel.in/og687lxj,1
Your Netflix account is locked. Verify now: http://secure-update.co/0usv0kxf,1
Class notice posted at https://microsoft.com,0
Your Paytm account is locked. Verify now: http://secure-update.co/yz24u0ae,1
Meeting link shared on portal. See https://company.com,0
Class notice posted at https://company.com,0
You won a reward from WhatsApp! Claim: https://verify-login.net/9koic1kw,1
You won a reward from Microsoft! Claim: https://verify-login.net/k2wkx2ac,1
Meeting link shared on portal. See https://google.com,0
Monthly statement available at https://microsoft.com,0
Your order is confirmed on https://google.com,0
You won a reward from HDFC! Claim: https://gift-claim.org/spt8tj9n,1
Class notice posted at https://amazon.in,0
Class notice posted at https://google.com,0
Monthly statement available at https://microsoft.com,0
Your order is confirmed on https://irctc.co.in,0
Visit our official site for updates: https://amazon.in,0
KYC pending for HDFC. Update immediately at https://verify-login.net/qa83qmsv,1
You won a reward from WhatsApp! Claim: https://verify-login.net/2ij02n08,1
You won a reward from Paytm! Claim: https://verify-login.net/hk6e32zd,1
Visit our official site for updates: https://college.edu,0
KYC pending for HDFC. Update immediately at https://pay-now.in/2wzcanyv,1
KYC pending for Flipkart. Update immediately at https://gift-claim.org/ftk9jof9,1
KYC pending for SBI. Update immediately at https://account-check.net/qfyfdro3,1
Class notice posted at https://google.com,0
Your order is confirmed on https://microsoft.com,0
Meeting link shared on portal. See https://microsoft.com,0
Courier fee ₹49 pending. Pay now: http://gift-claim.org/0t3txqk7,1
Visit our official site for updates: https://google.com,0
Visit our official site for updates: https://amazon.in,0
Meeting link shared on portal. See https://amazon.in,0
Meeting link shared on portal. See https://google.com,0
You won a reward from SBI! Claim: https://secure-update.co/elqlc5dz,1
Payment failed. Retry here: http://account-check.net/t0rsx3x9,1
Meeting link shared on portal. See https://irctc.co.in,0
Payment failed. Retry here: http://verify-login.net/wtpj5nqo,1
Monthly statement available at https://irctc.co.in,0
Meeting link shared on portal. See https://college.edu,0
Meeting link shared on portal. See https://amazon.in,0
You won a reward from Netflix! Claim: https://secure-update.co/62a5xfm6,1
Payment failed. Retry here: http://pay-now.in/hw5pobaz,1
Courier fee ₹49 pending. Pay now: http://secure-update.co/ppy38vwl,1
Your order is confirmed on https://college.edu,0
Class notice posted at https://company.com,0
Your ICICI account is locked. Verify now: http://trackparcel.in/krr01jty,1
Class notice posted at https://company.com,0
Courier fee ₹49 pending. Pay now: http://gift-claim.org/0luyc9yi,1
Your order is confirmed on https://college.edu,0
Visit our official site for updates: https://google.com,0
You won a reward from SBI! Claim: https://pay-now.in/vgoazoom,1
Your WhatsApp account is locked. Verify now: http://trackparcel.in/fe5fkypo,1
Class notice posted at https://microsoft.com,0
Monthly statement available at https://amazon.in,0
Monthly statement available at https://college.edu,0
Your order is confirmed on https://microsoft.com,0
Visit our official site for updates: https://company.com,0
Your Microsoft account is locked. Verify now: http://pay-now.in/mxxc5ank,1
KYC pending for SBI. Update immediately at https://pay-now.in/px5kapqz,1
KYC pending for Paytm. Update immediately at https://pay-now.in/v3d5ueb0,1
Class notice posted at https://google.com,0
Visit our official site for updates: https://google.com,0
Monthly statement available at https://irctc.co.in,0
Visit our official site for updates: https://college.edu,0
Monthly statement available at https://google.com,0
Payment failed. Retry here: http://gift-claim.org/qlmpcq2h,1
Meeting link shared on portal. See https://college.edu,0
You won a reward from Flipkart! Claim: https://verify-login.net/9fu58j2y,1
Class notice posted at https://microsoft.com,0
You won a reward from Amazon! Claim: https://secure-update.co/8jvhjpth,1
Your order is confirmed on https://college.edu,0
Your order is confirmed on https://google.com,0
You won a reward from SBI! Claim: https://account-check.net/0fotycsz,1
KYC pending for Microsoft. Update immediately at https://account-check.net/q1u5tlcp,1
Monthly statement available at https://college.edu,0
Payment failed. Retry here: http://pay-now.in/pndsagvo,1
Courier fee ₹49 pending. Pay now: http://trackparcel.in/9yy39zl9,1
Your Netflix account is locked. Verify now: http://gift-claim.org/n1fqe1ye,1
Courier fee ₹49 pending. Pay now: http://pay-now.in/y9fnb7sm,1
You won a reward from Amazon! Claim: https://gift-claim.org/x2dy3a11,1
Visit our official site for updates: https://company.com,0
You won a reward from HDFC! Claim: https://gift-claim.org/uj9cbzk9,1
Your ICICI account is locked. Verify now: http://secure-update.co/9sk6bc5e,1
Payment failed. Retry here: http://account-check.net/y6c5wnmr,1
Your order is confirmed on https://company.com,0
You won a reward from Flipkart! Claim: https://pay-now.in/sad24chl,1
KYC pending for WhatsApp. Update immediately at https://secure-update.co/tpcavrpz,1
Your order is confirmed on https://college.edu,0
Monthly statement available at https://google.com,0
You won a reward from WhatsApp! Claim: https://verify-login.net/hhusyqok,1
Meeting link shared on portal. See https://google.com,0
Your order is confirmed on https://google.com,0
You won a reward from ICICI! Claim: https://secure-update.co/1x0l5zsh,1
Monthly statement available at https://company.com,0
KYC pending for Google. Update immediately at https://secure-update.co/pz05swba,1
Class notice posted at https://microsoft.com,0
KYC pending for ICICI. Update immediately at https://pay-now.in/fx3wpsuc,1
KYC pending for Amazon. Update immediately at https://verify-login.net/e1lud4ii,1
Visit our official site for updates: https://google.com,0
Monthly statement available at https://irctc.co.in,0
Meeting link shared on portal. See https://company.com,0
Monthly statement available at https://irctc.co.in,0
Meeting link shared on portal. See https://amazon.in,0
Meeting link shared on portal. See https://irctc.co.in,0
KYC pending for WhatsApp. Update immediately at https://secure-update.co/pvqb31g9,1
KYC pending for Google. Update immediately at https://pay-now.in/4qez61vx,1
Your Microsoft account is locked. Verify now: http://pay-now.in/8nj5eg59,1
Monthly statement available at https://irctc.co.in,0
Payment failed. Retry here: http://secure-update.co/sip06lk6,1
Visit our official site for updates: https://company.com,0
Meeting link shared on portal. See https://microsoft.com,0
Your order is confirmed on https://google.com,0
You won a reward from Flipkart! Claim: https://verify-login.net/sw4a1b1q,1
Meeting link shared on portal. See https://college.edu,0
Your WhatsApp account is locked. Verify now: http://trackparcel.in/p6g51cdp,1
Monthly statement available at https://irctc.co.in,0
Monthly statement available at https://google.com,0
Class notice posted at https://microsoft.com,0
Monthly statement available at https://company.com,0
Your Amazon account is locked. Verify now: http://pay-now.in/lkuu66o3,1
Visit our official site for updates: https://amazon.in,0
KYC pending for Paytm. Update immediately at https://secure-update.co/4o0xe9bf,1
Class notice posted at https://college.edu,0
Payment failed. Retry here: http://trackparcel.in/ohs9mn2k,1
Visit our official site for updates: https://microsoft.com,0
KYC pending for Paytm. Update immediately at https://pay-now.in/x416ajxr,1
Meeting link shared on portal. See https://college.edu,0
Meeting link shared on portal. See https://college.edu,0
Your WhatsApp account is locked. Verify now: http://verify-login.net/kkem39gs,1
Payment failed. Retry here: http://verify-login.net/fo7yxi5o,1
Meeting link shared on portal. See https://microsoft.com,0
Class notice posted at https://google.com,0
Visit our official site for updates: https://amazon.in,0
Your HDFC account is locked. Verify now: http://gift-claim.org/ikdc8wwy,1
Monthly statement available at https://irctc.co.in,0
Courier fee ₹49 pending. Pay now: http://secure-update.co/gbz7f5p0,1
Payment failed. Retry here: http://trackparcel.in/cs7iuwa8,1
Payment failed. Retry here: http://secure-update.co/cnm7z646,1
KYC pending for HDFC. Update immediately at https://trackparcel.in/y6pp15x5,1
KYC pending for Paytm. Update immediately at https://gift-claim.org/nw15awfw,1
You won a reward from SBI! Claim: https://verify-login.net/tcsd2x49,1
Your Paytm account is locked. Verify now: http://verify-login.net/gt05i6kh,1
Meeting link shared on portal. See https://company.com,0
Payment failed. Retry here: http://trackparcel.in/sxw9uta6,1
KYC pending for HDFC. Update immediately at https://verify-login.net/ddvwbz7h,1
Courier fee ₹49 pending. Pay now: http://pay-now.in/ny13rrdg,1
Your order is confirmed on https://irctc.co.in,0
Courier fee ₹49 pending. Pay now: http://trackparcel.in/et1yknfy,1
You won a reward from WhatsApp! Claim: https://pay-now.in/om8e99pu,1
Payment failed. Retry here: http://account-check.net/tn2r473y,1
Your Netflix account is locked. Verify now: http://trackparcel.in/8stvdt6g,1
Payment failed. Retry here: http://account-check.net/mqboqtv6,1
You won a reward from SBI! Claim: https://secure-update.co/6g88ip50,1
Visit our official site for updates: https://google.com,0
KYC pending for SBI. Update immediately at https://pay-now.in/z7wnq2bi,1
KYC pending for Google. Update immediately at https://trackparcel.in/6rq0bge7,1
Courier fee ₹49 pending. Pay now: http://verify-login.net/f9t6v2dj,1
Your order is confirmed on https://company.com,0
Courier fee ₹49 pending. Pay now: http://account-check.net/u95k1dat,1
Monthly statement available at https://irctc.co.in,0
Meeting link shared on portal. See https://microsoft.com,0
KYC pending for Google. Update immediately at https://verify-login.net/002yrwrz,1
Courier fee ₹49 pending. Pay now: http://gift-claim.org/hypj1tyr,1
Visit our official site for updates: https://company.com,0
Meeting link shared on portal. See https://google.com,0
Payment failed. Retry here: http://account-check.net/y1mdr41i,1
Your order is confirmed on https://company.com,0
Your Flipkart account is locked. Verify now: http://trackparcel.in/jd92oc4b,1
Monthly statement available at https://microsoft.com,0
Your WhatsApp account is locked. Verify now: http://pay-now.in/8z7w78dg,1
Payment failed. Retry here: http://pay-now.in/vabawsn2,1
Monthly statement available at https://microsoft.com,0
Class notice posted at https://company.com,0
Monthly statement available at https://amazon.in,0
Visit our official site for updates: https://microsoft.com,0
Courier fee ₹49 pending. Pay now: http://secure-update.co/wou5h36p,1
Payment failed. Retry here: http://pay-now.in/n2putub5,1
Visit our official site for updates: https://college.edu,0
You won a reward from HDFC! Claim: https://pay-now.in/2nuj955k,1
Payment failed. Retry here: http://secure-update.co/qicj44t3,1
You won a reward from SBI! Claim: https://trackparcel.in/dd50umht,1
Your order is confirmed on https://microsoft.com,0
Visit our official site for updates: https://microsoft.com,0
Your order is confirmed on https://microsoft.com,0
You won a reward from Google! Claim: https://pay-now.in/56j68281,1
Payment failed. Retry here: http://pay-now.in/efdd7wws,1
Your order is confirmed on https://microsoft.com,0
You won a reward from Flipkart! Claim: https://trackparcel.in/m2drocat,1
Meeting link shared on portal. See https://google.com,0
Courier fee ₹49 pending. Pay now: http://pay-now.in/7xwefx7n,1
Visit our official site for updates: https://microsoft.com,0
Monthly statement available at https://college.edu,0
Meeting link shared on portal. See https://google.com,0
Courier fee ₹49 pending. Pay now: http://gift-claim.org/7v3xd8oz,1
Class notice posted at https://company.com,0
You won a reward from Google! Claim: https://gift-claim.org/pmt4ncsz,1
Courier fee ₹49 pending. Pay now: http://gift-claim.org/4mtcarii,1
KYC pending for Google. Update immediately at https://trackparcel.in/d9duajja,1
Visit our official site for updates: https://microsoft.com,0
Monthly statement available at https://amazon.in,0
You won a reward from Flipkart! Claim: https://gift-claim.org/wzam9eex,1
Class notice posted at https://company.com,0
Visit our official site for updates: https://microsoft.com,0
Payment failed. Retry here: http://verify-login.net/3x8vhgk1,1
Payment failed. Retry here: http://gift-claim.org/zbpss9cw,1
KYC pending for HDFC. Update immediately at https://gift-claim.org/j2bejco7,1
Monthly statement available at https://company.com,0
You won a reward from WhatsApp! Claim: https://gift-claim.org/wnvw0gow,1
KYC pending for SBI. Update immediately at https://secure-update.co/zhlmteyl,1
KYC pending for Microsoft. Update immediately at https://account-check.net/1xv8u87u,1
Your Netflix account is locked. Verify now: http://trackparcel.in/6ca0n5fm,1
You won a reward from Flipkart! Claim: https://account-check.net/bfj3qntu,1
Your SBI account is locked. Verify now: http://verify-login.net/1lzhoror,1
Monthly statement available at https://company.com,0
Payment failed. Retry here: http://pay-now.in/sksg95sv,1
Meeting link shared on portal. See https://company.com,0
You won a reward from HDFC! Claim: https://verify-login.net/kwys81ra,1
Class notice posted at https://google.com,0
You won a reward from WhatsApp! Claim: https://trackparcel.in/rvb2ay18,1
You won a reward from ICICI! Claim: https://pay-now.in/kzi9w4vl,1
Your order is confirmed on https://google.com,0
Payment failed. Retry here: http://pay-now.in/z9l10cuj,1
Monthly statement available at https://irctc.co.in,0
Your Microsoft account is locked. Verify now: http://account-check.net/iop11h9t,1
Visit our official site for updates: https://google.com,0
Your Netflix account is locked. Verify now: http://trackparcel.in/1se37jek,1
Visit our official site for updates: https://amazon.in,0
Payment failed. Retry here: http://verify-login.net/vf4jfrhf,1
Monthly statement available at https://amazon.in,0
Payment failed. Retry here: http://account-check.net/kwanexte,1
Your order is confirmed on https://company.com,0
Courier fee ₹49 pending. Pay now: http://trackparcel.in/gqoi86di,1
Monthly statement available at https://amazon.in,0
You won a reward from Microsoft! Claim: https://trackparcel.in/tbwn7lj7,1
Monthly statement available at https://irctc.co.in,0
Your order is confirmed on https://microsoft.com,0
Visit our official site for updates: https://microsoft.com,0
Your SBI account is locked. Verify now: http://secure-update.co/tshdar9q,1
Monthly statement available at https://microsoft.com,0
Monthly statement available at https://irctc.co.in,0
Payment failed. Retry here: http://gift-claim.org/8lc2se0s,1
Courier fee ₹49 pending. Pay now: http://trackparcel.in/buoskm9o,1
Payment failed. Retry here: http://secure-update.co/prl8ondx,1
You won a reward from Flipkart! Claim: https://account-check.net/5ct07xro,1
Monthly statement available at https://amazon.in,0
Your order is confirmed on https://college.edu,0
You won a reward from ICICI! Claim: https://verify-login.net/6mlhvt6g,1
Your order is confirmed on https://irctc.co.in,0
You won a reward from Paytm! Claim: https://secure-update.co/r9c86h9r,1
Your order is confirmed on https://amazon.in,0
Class notice posted at https://irctc.co.in,0
Payment failed. Retry here: http://verify-login.net/pbqn9plb,1
Your Flipkart account is locked. Verify now: http://gift-claim.org/47hy9jri,1
Meeting link shared on portal. See https://google.com,0
Meeting link shared on portal. See https://google.com,0
Courier fee ₹49 pending. Pay now: http://gift-claim.org/jw4lq3h8,1
Your WhatsApp account is locked. Verify now: http://verify-login.net/pzp8xjns,1
Meeting link shared on portal. See https://microsoft.com,0
Meeting link shared on portal. See https://google.com,0
Meeting link shared on portal. See https://irctc.co.in,0
Meeting link shared on portal. See https://google.com,0
Your Microsoft account is locked. Verify now: http://account-check.net/we2lgwju,1
Your order is confirmed on https://amazon.in,0
You won a reward from SBI! Claim: https://account-check.net/qiwc8j6m,1
Payment failed. Retry here: http://trackparcel.in/dxx6jxww,1
You won a reward from WhatsApp! Claim: https://verify-login.net/v6luy0nr,1
Courier fee ₹49 pending. Pay now: http://gift-claim.org/evvpizgf,1
Class notice posted at https://irctc.co.in,0
Your order is confirmed on https://college.edu,0
Monthly statement available at https://irctc.co.in,0
Visit our official site for updates: https://microsoft.com,0
Meeting link shared on portal. See https://college.edu,0
Your Netflix account is locked. Verify now: http://trackparcel.in/kt4eze7f,1
Meeting link shared on portal. See https://google.com,0
KYC pending for SBI. Update immediately at https://secure-update.co/frow13l1,1
Monthly statement available at https://college.edu,0
Courier fee ₹49 pending. Pay now: http://pay-now.in/ljg1uq2x,1
Meeting link shared on portal. See https://google.com,0
KYC pending for Flipkart. Update immediately at https://trackparcel.in/6hq8n1wn,1
KYC pending for Microsoft. Update immediately at https://gift-claim.org/3b7unb12,1
KYC pending for Microsoft. Update immediately at https://account-check.net/wrm7hdkj,1
Payment failed. Retry here: http://secure-update.co/5itp0cpv,1
KYC pending for Microsoft. Update immediately at https://account-check.net/le8imut6,1
Monthly statement available at https://irctc.co.in,0
Visit our official site for updates: https://company.com,0
Your SBI account is locked. Verify now: http://trackparcel.in/dtn1nnk8,1
Courier fee ₹49 pending. Pay now: http://trackparcel.in/o4n7v5iw,1
Monthly statement available at https://google.com,0
Visit our official site for updates: https://company.com,0
KYC pending for Flipkart. Update immediately at https://pay-now.in/u9ukkphs,1
KYC pending for Microsoft. Update immediately at https://trackparcel.in/5wwvea0d,1
Class notice posted at https://company.com,0
KYC pending for WhatsApp. Update immediately at https://secure-update.co/pzpcp3qm,1
Meeting link shared on portal. See https://irctc.co.in,0
Meeting link shared on portal. See https://google.com,0
Visit our official site for updates: https://microsoft.com,0
Payment failed. Retry here: http://gift-claim.org/g8u22cbw,1
Meeting link shared on portal. See https://google.com,0
Courier fee ₹49 pending. Pay now: http://gift-claim.org/mnx3o7ld,1
Meeting link shared on portal. See https://company.com,0
Class notice posted at https://irctc.co.in,0
Class notice posted at https://college.edu,0
Class notice posted at https://college.edu,0
Monthly statement available at https://irctc.co.in,0
Class notice posted at https://irctc.co.in,0
You won a reward from HDFC! Claim: https://account-check.net/hjwgadbj,1
Payment failed. Retry here: http://pay-now.in/wnak8pxa,1
You won a reward from WhatsApp! Claim: https://pay-now.in/0zuvfgng,1
Your Flipkart account is locked. Verify now: http://gift-claim.org/l4shn0m0,1
Your order is confirmed on https://google.com,0
You won a reward from HDFC! Claim: https://gift-claim.org/ne9gtzjm,1
Class notice posted at https://google.com,0
Class notice posted at https://google.com,0
KYC pending for Flipkart. Update immediately at https://verify-login.net/8uohi50t,1
KYC pending for ICICI. Update immediately at https://gift-claim.org/luh8el63,1
Courier fee ₹49 pending. Pay now: http://pay-now.in/78p6m6zq,1
Payment failed. Retry here: http://verify-login.net/on6b615r,1
Payment failed. Retry here: http://verify-login.net/9cktbh7f,1
Courier fee ₹49 pending. Pay now: http://trackparcel.in/xzr10zkf,1
Meeting link shared on portal. See https://college.edu,0
Your Flipkart account is locked. Verify now: http://gift-claim.org/w3xcrnhf,1
Your order is confirmed on https://microsoft.com,0
Your Google account is locked. Verify now: http://account-check.net/2ol9alkp,1
You won a reward from Amazon! Claim: https://account-check.net/b6lzg1cu,1
Class notice posted at https://company.com,0
Meeting link shared on portal. See https://google.com,0
Meeting link shared on portal. See https://college.edu,0
Class notice posted at https://irctc.co.in,0
Meeting link shared on portal. See https://college.edu,0
Payment failed. Retry here: http://secure-update.co/f478kulo,1
You won a reward from HDFC! Claim: https://verify-login.net/alj3au2r,1
Payment failed. Retry here: http://secure-update.co/4rsq9h2g,1
You won a reward from Flipkart! Claim: https://trackparcel.in/mkezack5,1
Class notice posted at https://company.com,0
Your order is confirmed on https://irctc.co.in,0
Payment failed. Retry here: http://account-check.net/vksgz73l,1
Class notice posted at https://company.com,0
Your Microsoft account is locked. Verify now: http://account-check.net/i9v7saxb,1
Payment failed. Retry here: http://gift-claim.org/j8zand61,1
Courier fee ₹49 pending. Pay now: http://pay-now.in/ts3mta27,1
Courier fee ₹49 pending. Pay now: http://gift-claim.org/4flz246k,1
Monthly statement available at https://college.edu,0
You won a reward from SBI! Claim: https://secure-update.co/7zjsq3ct,1
You won a reward from Microsoft! Claim: https://gift-claim.org/x9eqrmtt,1
Meeting link shared on portal. See https://college.edu,0
Payment failed. Retry here: http://gift-claim.org/urj8xjcp,1
Class notice posted at https://google.com,0
Your order is confirmed on https://google.com,0
Courier fee ₹49 pending. Pay now: http://verify-login.net/zbe5e9pt,1
Your order is confirmed on https://college.edu,0
Your order is confirmed on https://google.com,0
Meeting link shared on portal. See https://irctc.co.in,0
Courier fee ₹49 pending. Pay now: http://account-check.net/2qpxmjlt,1
Courier fee ₹49 pending. Pay now: http://trackparcel.in/ra3ymdgn,1
Your order is confirmed on https://irctc.co.in,0
Class notice posted at https://microsoft.com,0
Meeting link shared on portal. See https://google.com,0
Monthly statement available at https://company.com,0
Courier fee ₹49 pending. Pay now: http://gift-claim.org/klno5kr0,1
Visit our official site for updates: https://college.edu,0
Courier fee ₹49 pending. Pay now: http://secure-update.co/vxw04qrz,1
Monthly statement available at https://google.com,0
Visit our official site for updates: https://amazon.in,0
Meeting link shared on portal. See https://company.com,0
Visit our official site for updates: https://irctc.co.in,0
You won a reward from Netflix! Claim: https://pay-now.in/wz6lyfpd,1
Meeting link shared on portal. See https://microsoft.com,0
Class notice posted at https://irctc.co.in,0
Courier fee ₹49 pending. Pay now: http://trackparcel.in/avb5woeu,1
Meeting link shared on portal. See https://college.edu,0
Monthly statement available at https://microsoft.com,0
Courier fee ₹49 pending. Pay now: http://pay-now.in/a0ldkzhb,1
Your Microsoft account is locked. Verify now: http://verify-login.net/39tt3wrv,1
You won a reward from ICICI! Claim: https://account-check.net/sku5f4r1,1
Your order is confirmed on https://irctc.co.in,0
You won a reward from HDFC! Claim: https://secure-update.co/fgfahlir,1
KYC pending for Netflix. Update immediately at https://secure-update.co/p2fvq5tc,1
You won a reward from SBI! Claim: https://secure-update.co/jgvb3d36,1
Courier fee ₹49 pending. Pay now: http://trackparcel.in/fw0vfq8a,1
Monthly statement available at https://google.com,0
Courier fee ₹49 pending. Pay now: http://verify-login.net/1zn2tspc,1
Monthly statement available at https://irctc.co.in,0
Courier fee ₹49 pending. Pay now: http://secure-update.co/2u4mxrap,1
Class notice posted at https://microsoft.com,0
Visit our official site for updates: https://irctc.co.in,0
Your order is confirmed on https://college.edu,0
Payment failed. Retry here: http://account-check.net/sm16irda,1
You won a reward from WhatsApp! Claim: https://gift-claim.org/jimg65qm,1
Your Amazon account is locked. Verify now: http://gift-claim.org/s7xqtbfa,1
Your Flipkart account is locked. Verify now: http://gift-claim.org/qytng9ns,1
KYC pending for WhatsApp. Update immediately at https://secure-update.co/ptootmmr,1
Meeting link shared on portal. See https://irctc.co.in,0
Payment failed. Retry here: http://secure-update.co/8lktjuj1,1
KYC pending for HDFC. Update immediately at https://secure-update.co/g00soe0m,1
You won a reward from Google! Claim: https://pay-now.in/16vg8it7,1
Visit our official site for updates: https://amazon.in,0
Visit our official site for updates: https://irctc.co.in,0
You won a reward from HDFC! Claim: https://trackparcel.in/t1f8pba2,1
Meeting link shared on portal. See https://google.com,0
Your Paytm account is locked. Verify now: http://pay-now.in/hhdiy1kw,1
Meeting link shared on portal. See https://irctc.co.in,0
Meeting link shared on portal. See https://company.com,0
Monthly statement available at https://microsoft.com,0
Your Microsoft account is locked. Verify now: http://trackparcel.in/potl19kb,1
Visit our official site for updates: https://amazon.in,0
Your order is confirmed on https://irctc.co.in,0
Your Google account is locked. Verify now: http://gift-claim.org/ioal266y,1
Your Paytm account is locked. Verify now: http://secure-update.co/4fe6c168,1
Visit our official site for updates: https://college.edu,0
Class notice posted at https://company.com,0
Visit our official site for updates: https://amazon.in,0
You won a reward from ICICI! Claim: https://gift-claim.org/bo9aaxo6,1
Class notice posted at https://irctc.co.in,0
Payment failed. Retry here: http://gift-claim.org/gwnh8ces,1
Your SBI account is locked. Verify now: http://pay-now.in/hh01eqfo,1
Visit our official site for updates: https://microsoft.com,0
Monthly statement available at https://college.edu,0
KYC pending for Paytm. Update immediately at https://verify-login.net/bn19jva0,1
Courier fee ₹49 pending. Pay now: http://gift-claim.org/ioo2r9u5,1
KYC pending for Flipkart. Update immediately at https://gift-claim.org/uaq2i2oo,1
KYC pending for WhatsApp. Update immediately at https://verify-login.net/hgu8ssun,1
Monthly statement available at https://company.com,0
Meeting link shared on portal. See https://amazon.in,0
Meeting link shared on portal. See https://microsoft.com,0
Courier fee ₹49 pending. Pay now: http://trackparcel.in/wmotltax,1
You won a reward from Flipkart! Claim: https://trackparcel.in/uwx6hxh6,1
Payment failed. Retry here: http://gift-claim.org/el05z138,1
Class notice posted at https://amazon.in,0
Monthly statement available at https://college.edu,0
Monthly statement available at https://college.edu,0
Meeting link shared on portal. See https://microsoft.com,0
Meeting link shared on portal. See https://microsoft.com,0
Class notice posted at https://amazon.in,0
Meeting link shared on portal. See https://college.edu,0
KYC pending for Google. Update immediately at https://trackparcel.in/mvwuan43,1
Visit our official site for updates: https://microsoft.com,0
You won a reward from Netflix! Claim: https://gift-claim.org/3t1ax2b0,1
Meeting link shared on portal. See https://company.com,0
Class notice posted at https://irctc.co.in,0
Your order is confirmed on https://microsoft.com,0
Your ICICI account is locked. Verify now: http://gift-claim.org/qq49riei,1
Payment failed. Retry here: http://pay-now.in/3hfkcst5,1
Class notice posted at https://college.edu,0
Monthly statement available at https://microsoft.com,0
Courier fee ₹49 pending. Pay now: http://gift-claim.org/bgkdkqz2,1
Class notice posted at https://college.edu,0
Class notice posted at https://microsoft.com,0
Courier fee ₹49 pending. Pay now: http://account-check.net/00700zws,1
Your order is confirmed on https://college.edu,0
Meeting link shared on portal. See https://google.com,0
Class notice posted at https://google.com,0
Payment failed. Retry here: http://account-check.net/rytmvqtl,1
Meeting link shared on portal. See https://company.com,0
Visit our official site for updates: https://college.edu,0
Visit our official site for updates: https://google.com,0
Visit our official site for updates: https://irctc.co.in,0
Class notice posted at https://college.edu,0
KYC pending for ICICI. Update immediately at https://trackparcel.in/kd8dhq1z,1
Payment failed. Retry here: http://trackparcel.in/fqxqrvi4,1
Monthly statement available at https://amazon.in,0
Your ICICI account is locked. Verify now: http://secure-update.co/5wsce8ty,1
Your Microsoft account is locked. Verify now: http://account-check.net/0plkeju6,1
Payment failed. Retry here: http://trackparcel.in/mvvi5as0,1
Courier fee ₹49 pending. Pay now: http://pay-now.in/ne5yx9of,1
Meeting link shared on portal. See https://microsoft.com,0
KYC pending for Netflix. Update immediately at https://secure-update.co/nup0dz1p,1
You won a reward from WhatsApp! Claim: https://account-check.net/nr2cx75k,1
Class notice posted at https://google.com,0
You won a reward from Google! Claim: https://pay-now.in/im5dkdma,1
Monthly statement available at https://college.edu,0
Your WhatsApp account is locked. Verify now: http://secure-update.co/xz112hbn,1
Visit our official site for updates: https://irctc.co.in,0
Payment failed. Retry here: http://gift-claim.org/38nqwaos,1
Courier fee ₹49 pending. Pay now: http://secure-update.co/kt028vw8,1
You won a reward from Flipkart! Claim: https://trackparcel.in/gir927wu,1
Meeting link shared on portal. See https://amazon.in,0
Courier fee ₹49 pending. Pay now: http://account-check.net/ncey3cs1,1
Class notice posted at https://google.com,0
You won a reward from HDFC! Claim: https://pay-now.in/24ikbnm9,1
Visit our official site for updates: https://amazon.in,0
Monthly statement available at https://amazon.in,0
Visit our official site for updates: https://company.com,0
You won a reward from WhatsApp! Claim: https://trackparcel.in/dsi4aegs,1
Your Amazon account is locked. Verify now: http://trackparcel.in/tmk2nali,1
Meeting link shared on portal. See https://company.com,0
Class notice posted at https://google.com,0
Courier fee ₹49 pending. Pay now: http://trackparcel.in/cfrlban1,1
KYC pending for Amazon. Update immediately at https://verify-login.net/6vdt306f,1
Class notice posted at https://google.com,0
Your WhatsApp account is locked. Verify now: http://secure-update.co/a2cvh4xs,1
You won a reward from HDFC! Claim: https://verify-login.net/4i5syrsa,1
Your order is confirmed on https://college.edu,0
Meeting link shared on portal. See https://google.com,0
KYC pending for Amazon. Update immediately at https://trackparcel.in/o4ybyy9w,1
Visit our official site for updates: https://google.com,0
You won a reward from HDFC! Claim: https://verify-login.net/d1h6zrms,1
Class notice posted at https://google.com,0
Class notice posted at https://amazon.in,0
You won a reward from Netflix! Claim: https://secure-update.co/dor4g49z,1
You won a reward from Flipkart! Claim: https://verify-login.net/692jzwuy,1
Meeting link shared on portal. See https://microsoft.com,0
Your order is confirmed on https://microsoft.com,0
KYC pending for Netflix. Update immediately at https://secure-update.co/4f30ffcv,1
You won a reward from Flipkart! Claim: https://secure-update.co/rv6yfsai,1
Monthly statement available at https://amazon.in,0
Courier fee ₹49 pending. Pay now: http://trackparcel.in/xi8r26ik,1
Visit our official site for updates: https://amazon.in,0
Your order is confirmed on https://college.edu,0
Payment failed. Retry here: http://account-check.net/fw09lh6s,1
Class notice posted at https://amazon.in,0
You won a reward from Netflix! Claim: https://secure-update.co/kic2v1m7,1
Your order is confirmed on https://microsoft.com,0
You won a reward from Amazon! Claim: https://account-check.net/3anhuive,1
You won a reward from SBI! Claim: https://trackparcel.in/17boo6gp,1
You won a reward from WhatsApp! Claim: https://trackparcel.in/lhjxjctb,1
Your Google account is locked. Verify now: http://pay-now.in/u4m5xjmh,1
KYC pending for Amazon. Update immediately at https://verify-login.net/s8jyu2y3,1
Meeting link shared on portal. See https://irctc.co.in,0
Payment failed. Retry here: http://pay-now.in/yxvephpb,1
Class notice posted at https://google.com,0
Meeting link shared on portal. See https://google.com,0
Meeting link shared on portal. See https://amazon.in,0
Courier fee ₹49 pending. Pay now: http://pay-now.in/tp7g8nl1,1
Meeting link shared on portal. See https://irctc.co.in,0
KYC pending for Microsoft. Update immediately at https://gift-claim.org/dom480ow,1
Class notice posted at https://amazon.in,0
Visit our official site for updates: https://amazon.in,0
Your order is confirmed on https://google.com,0
Class notice posted at https://company.com,0
Monthly statement available at https://company.com,0
Meeting link shared on portal. See https://google.com,0
Courier fee ₹49 pending. Pay now: http://secure-update.co/hi0w17pd,1
Your order is confirmed on https://irctc.co.in,0
Visit our official site for updates: https://irctc.co.in,0
Visit our official site for updates: https://college.edu,0
Payment failed. Retry here: http://gift-claim.org/8odpjmdt,1
Payment failed. Retry here: http://verify-login.net/ogv0gkfb,1
You won a reward from Amazon! Claim: https://secure-update.co/5wth6w1e,1
Your SBI account is locked. Verify now: http://pay-now.in/sq9u57he,1
Payment failed. Retry here: http://gift-claim.org/o4nqp0pi,1
Your ICICI account is locked. Verify now: http://secure-update.co/bt009l7m,1
Courier fee ₹49 pending. Pay now: http://gift-claim.org/vfitzoog,1
You won a reward from Paytm! Claim: https://trackparcel.in/a7sehtm5,1
Visit our official site for updates: https://amazon.in,0
KYC pending for Flipkart. Update immediately at https://verify-login.net/jspwwxri,1
You won a reward from Microsoft! Claim: https://verify-login.net/orntqqua,1
Visit our official site for updates: https://college.edu,0
Monthly statement available at https://company.com,0
Meeting link shared on portal. See https://google.com,0
You won a reward from HDFC! Claim: https://pay-now.in/1qxr1700,1
Meeting link shared on portal. See https://irctc.co.in,0
Your Microsoft account is locked. Verify now: http://pay-now.in/70bwvvgf,1
Monthly statement available at https://company.com,0
You won a reward from Paytm! Claim: https://verify-login.net/fcz34p53,1
Courier fee ₹49 pending. Pay now: http://trackparcel.in/88p6079f,1
Monthly statement available at https://college.edu,0
Meeting link shared on portal. See https://college.edu,0
KYC pending for SBI. Update immediately at https://verify-login.net/gzv3ryne,1
Monthly statement available at https://google.com,0
Monthly statement available at https://college.edu,0
Visit our official site for updates: https://google.com,0
Your order is confirmed on https://irctc.co.in,0
Your Flipkart account is locked. Verify now: http://verify-login.net/bkcz0y9j,1
Your order is confirmed on https://microsoft.com,0
Monthly statement available at https://microsoft.com,0
Class notice posted at https://amazon.in,0
Payment failed. Retry here: http://secure-update.co/zk26cxg7,1
Visit our official site for updates: https://college.edu,0
Class notice posted at https://google.com,0
Your Google account is locked. Verify now: http://pay-now.in/6vapyl9n,1
Courier fee ₹49 pending. Pay now: http://secure-update.co/r66bfvhp,1
KYC pending for Paytm. Update immediately at https://account-check.net/1d6fjsq9,1
Your Flipkart account is locked. Verify now: http://pay-now.in/ioainska,1
Monthly statement available at https://amazon.in,0
Payment failed. Retry here: http://gift-claim.org/w5gldcco,1
Payment failed. Retry here: http://gift-claim.org/b83b2c0r,1
Monthly statement available at https://google.com,0
Monthly statement available at https://amazon.in,0
Your order is confirmed on https://college.edu,0
Class notice posted at https://microsoft.com,0
Courier fee ₹49 pending. Pay now: http://verify-login.net/j0so9vkx,1
Payment failed. Retry here: http://trackparcel.in/m0rh3cn8,1
KYC pending for HDFC. Update immediately at https://gift-claim.org/onpfb6mm,1
KYC pending for Microsoft. Update immediately at https://gift-claim.org/8q7hr8ma,1
Monthly statement available at https://amazon.in,0
You won a reward from SBI! Claim: https://gift-claim.org/4llvetbl,1
Meeting link shared on portal. See https://company.com,0
Your order is confirmed on https://company.com,0
Monthly statement available at https://google.com,0
KYC pending for Microsoft. Update immediately at https://gift-claim.org/1b1l6ikw,1
Your order is confirmed on https://amazon.in,0
You won a reward from Amazon! Claim: https://account-check.net/cpvqwzd0,1
Meeting link shared on portal. See https://company.com,0
Courier fee ₹49 pending. Pay now: http://account-check.net/ejydkzms,1
Monthly statement available at https://microsoft.com,0
Payment failed. Retry here: http://trackparcel.in/u9jjgtqh,1
Class notice posted at https://microsoft.com,0
Monthly statement available at https://amazon.in,0
Payment failed. Retry here: http://account-check.net/xw396a1a,1
Visit our official site for updates: https://microsoft.com,0
Courier fee ₹49 pending. Pay now: http://gift-claim.org/jidt69ww,1
Class notice posted at https://microsoft.com,0
Visit our official site for updates: https://company.com,0
Meeting link shared on portal. See https://google.com,0
Meeting link shared on portal. See https://microsoft.com,0
Visit our official site for updates: https://microsoft.com,0
Payment failed. Retry here: http://pay-now.in/ppzmxkb4,1
KYC pending for Google. Update immediately at https://verify-login.net/qjomum78,1
Your HDFC account is locked. Verify now: http://trackparcel.in/s65bqyve,1
Payment failed. Retry here: http://trackparcel.in/khyoveio,1
You won a reward from Netflix! Claim: https://pay-now.in/qs1ln87w,1
Your ICICI account is locked. Verify now: http://trackparcel.in/d8r9m1bm,1
You won a reward from HDFC! Claim: https://gift-claim.org/3z153i5u,1
Courier fee ₹49 pending. Pay now: http://gift-claim.org/7qo676st,1
Meeting link shared on portal. See https://amazon.in,0
Monthly statement available at https://amazon.in,0
Monthly statement available at https://microsoft.com,0
Meeting link shared on portal. See https://company.com,0
Class notice posted at https://company.com,0
Monthly statement available at https://company.com,0
Visit our official site for updates: https://company.com,0
Class notice posted at https://college.edu,0
Courier fee ₹49 pending. Pay now: http://pay-now.in/lck4jvt4,1
Class notice posted at https://college.edu,0
You won a reward from Google! Claim: https://gift-claim.org/fe0aa6dv,1
KYC pending for Flipkart. Update immediately at https://account-check.net/dmxp4ust,1
Payment failed. Retry here: http://pay-now.in/9m5x2t56,1
Class notice posted at https://amazon.in,0
Visit our official site for updates: https://college.edu,0
Your order is confirmed on https://amazon.in,0
Your order is confirmed on https://company.com,0
Payment failed. Retry here: http://account-check.net/he27ppzl,1
Visit our official site for updates: https://company.com,0
KYC pending for Netflix. Update immediately at https://secure-update.co/98vqve1l,1
Class notice posted at https://google.com,0
Your Flipkart account is locked. Verify now: http://trackparcel.in/6kuv0xdg,1
Meeting link shared on portal. See https://college.edu,0
Courier fee ₹49 pending. Pay now: http://trackparcel.in/1ru22mdd,1
Payment failed. Retry here: http://gift-claim.org/93temd1i,1
Meeting link shared on portal. See https://amazon.in,0
Visit our official site for updates: https://company.com,0
Your order is confirmed on https://college.edu,0
Meeting link shared on portal. See https://irctc.co.in,0
Class notice posted at https://google.com,0
Monthly statement available at https://company.com,0
Visit our official site for updates: https://irctc.co.in,0
Monthly statement available at https://microsoft.com,0
Class notice posted at https://irctc.co.in,0
Monthly statement available at https://college.edu,0
You won a reward from ICICI! Claim: https://pay-now.in/cjhtnpj9,1
KYC pending for Netflix. Update immediately at https://secure-update.co/zkzzqt9i,1
Your HDFC account is locked. Verify now: http://secure-update.co/wag14liq,1
Your order is confirmed on https://amazon.in,0
KYC pending for SBI. Update immediately at https://pay-now.in/lcs0naxw,1
Visit our official site for updates: https://amazon.in,0
Visit our official site for updates: https://google.com,0
Class notice posted at https://google.com,0
KYC pending for ICICI. Update immediately at https://pay-now.in/uzkzpxe4,1
Courier fee ₹49 pending. Pay now: http://trackparcel.in/poyulo56,1
Class notice posted at https://irctc.co.in,0
You won a reward from HDFC! Claim: https://trackparcel.in/zdm3cb5l,1
Visit our official site for updates: https://microsoft.com,0
KYC pending for Amazon. Update immediately at https://gift-claim.org/18vtw8fd,1
Meeting link shared on portal. See https://college.edu,0
Meeting link shared on portal. See https://microsoft.com,0
Courier fee ₹49 pending. Pay now: http://verify-login.net/06yrvi0d,1
Courier fee ₹49 pending. Pay now: http://trackparcel.in/7mr80hp1,1
You won a reward from Microsoft! Claim: https://gift-claim.org/ol732e1k,1
You won a reward from ICICI! Claim: https://account-check.net/t2dov4fe,1
Visit our official site for updates: https://google.com,0
Class notice posted at https://college.edu,0
KYC pending for HDFC. Update immediately at https://pay-now.in/ny3hxitb,1
Courier fee ₹49 pending. Pay now: http://trackparcel.in/tf15n7qi,1
Monthly statement available at https://google.com,0
Monthly statement available at https://google.com,0
Your Microsoft account is locked. Verify now: http://trackparcel.in/5xz8vcnw,1
KYC pending for Paytm. Update immediately at https://secure-update.co/13ef9tae,1
Class notice posted at https://microsoft.com,0
Class notice posted at https://college.edu,0
Meeting link shared on portal. See https://google.com,0
Payment failed. Retry here: http://secure-update.co/yj53zlvp,1
Your order is confirmed on https://company.com,0
KYC pending for Flipkart. Update immediately at https://trackparcel.in/8iy3t08h,1
You won a reward from Microsoft! Claim: https://account-check.net/s7t71cg5,1
Courier fee ₹49 pending. Pay now: http://gift-claim.org/rgpkjijn,1
Class notice posted at https://college.edu,0
KYC pending for ICICI. Update immediately at https://trackparcel.in/95fzlfu8,1
Class notice posted at https://company.com,0
Courier fee ₹49 pending. Pay now: http://secure-update.co/gfz6x4v3,1
Your order is confirmed on https://google.com,0
KYC pending for WhatsApp. Update immediately at https://verify-login.net/xmcen8gh,1
You won a reward from Flipkart! Claim: https://pay-now.in/x5m7na98,1
Visit our official site for updates: https://amazon.in,0
Class notice posted at https://microsoft.com,0
Your order is confirmed on https://company.com,0
Your HDFC account is locked. Verify now: http://verify-login.net/36ceceos,1
Courier fee ₹49 pending. Pay now: http://account-check.net/7cx5catf,1
KYC pending for WhatsApp. Update immediately at https://trackparcel.in/e4x80tjc,1
Payment failed. Retry here: http://trackparcel.in/8bxianap,1
You won a reward from Amazon! Claim: https://pay-now.in/9upkmmzn,1
Monthly statement available at https://google.com,0
Meeting link shared on portal. See https://college.edu,0
Meeting link shared on portal. See https://microsoft.com,0
Monthly statement available at https://college.edu,0
Your order is confirmed on https://amazon.in,0
Monthly statement available at https://amazon.in,0
Visit our official site for updates: https://google.com,0
You won a reward from WhatsApp! Claim: https://pay-now.in/3con9crx,1
Your SBI account is locked. Verify now: http://trackparcel.in/ic54jovf,1
Courier fee ₹49 pending. Pay now: http://verify-login.net/ympks3ax,1
Meeting link shared on portal. See https://company.com,0
Payment failed. Retry here: http://trackparcel.in/reegoh5g,1
Your Flipkart account is locked. Verify now: http://secure-update.co/4mnknyuy,1
Your Flipkart account is locked. Verify now: http://gift-claim.org/vnu40gvc,1
Meeting link shared on portal. See https://amazon.in,0
Your Netflix account is locked. Verify now: http://pay-now.in/7y5szfk7,1
Payment failed. Retry here: http://verify-login.net/qz2bvc5w,1
Visit our official site for updates: https://google.com,0
Visit our official site for updates: https://microsoft.com,0
Meeting link shared on portal. See https://irctc.co.in,0
Your Google account is locked. Verify now: http://account-check.net/vq5d0jy0,1
Meeting link shared on portal. See https://google.com,0
Your order is confirmed on https://amazon.in,0
Courier fee ₹49 pending. Pay now: http://account-check.net/l3rv4eza,1
Your order is confirmed on https://amazon.in,0
Class notice posted at https://microsoft.com,0
Class notice posted at https://company.com,0
Your ICICI account is locked. Verify now: http://secure-update.co/ac29s4le,1
Payment failed. Retry here: http://secure-update.co/hro8bvy7,1
Courier fee ₹49 pending. Pay now: http://verify-login.net/zgsdb9ad,1
Courier fee ₹49 pending. Pay now: http://gift-claim.org/y4v0lul0,1
Courier fee ₹49 pending. Pay now: http://pay-now.in/gz5vwxen,1
Your order is confirmed on https://company.com,0
Visit our official site for updates: https://microsoft.com,0
Courier fee ₹49 pending. Pay now: http://trackparcel.in/h7uc64qf,1
Visit our official site for updates: https://amazon.in,0
Class notice posted at https://company.com,0
Visit our official site for updates: https://company.com,0
Your Flipkart account is locked. Verify now: http://verify-login.net/831bncn3,1
Class notice posted at https://amazon.in,0
Courier fee ₹49 pending. Pay now: http://account-check.net/egvlq394,1
Courier fee ₹49 pending. Pay now: http://trackparcel.in/ebxmnnnh,1
Your Amazon account is locked. Verify now: http://gift-claim.org/hrtrymyx,1
Your SBI account is locked. Verify now: http://verify-login.net/23t0e5k4,1
Payment failed. Retry here: http://gift-claim.org/g61h368h,1
Payment failed. Retry here: http://account-check.net/0bvjosxw,1
Class notice posted at https://google.com,0
Your order is confirmed on https://company.com,0
Class notice posted at https://company.com,0
Your order is confirmed on https://amazon.in,0
Your Flipkart account is locked. Verify now: http://secure-update.co/1t06bpwx,1
Payment failed. Retry here: http://verify-login.net/ici032j6,1
You won a reward from WhatsApp! Claim: https://trackparcel.in/ujkivjqv,1
Your Amazon account is locked. Verify now: http://trackparcel.in/z3cj237j,1
Your order is confirmed on https://microsoft.com,0
Monthly statement available at https://irctc.co.in,0
Your Google account is locked. Verify now: http://gift-claim.org/2u3zfgyg,1
Class notice posted at https://amazon.in,0
Class notice posted at https://college.edu,0
Monthly statement available at https://irctc.co.in,0
KYC pending for Google. Update immediately at https://pay-now.in/rh52yin4,1
Monthly statement available at https://college.edu,0
Your order is confirmed on https://company.com,0
Monthly statement available at https://microsoft.com,0
Courier fee ₹49 pending. Pay now: http://verify-login.net/vrc1rmwo,1
Your Paytm account is locked. Verify now: http://secure-update.co/yl48up97,1
KYC pending for WhatsApp. Update immediately at https://pay-now.in/pt7ts2uq,1
Courier fee ₹49 pending. Pay now: http://verify-login.net/38d6ee36,1
Courier fee ₹49 pending. Pay now: http://gift-claim.org/ducymytk,1
Class notice posted at https://microsoft.com,0
KYC pending for Netflix. Update immediately at https://gift-claim.org/48e4p8qf,1
Meeting link shared on portal. See https://amazon.in,0
You won a reward from Paytm! Claim: https://pay-now.in/u8dvhihl,1
Monthly statement available at https://company.com,0
You won a reward from SBI! Claim: https://secure-update.co/p82rcrsc,1
Your order is confirmed on https://company.com,0
Your SBI account is locked. Verify now: http://account-check.net/l5ofc35a,1
You won a reward from Flipkart! Claim: https://account-check.net/s3bo4mya,1
You won a reward from ICICI! Claim: https://account-check.net/28p2berm,1
Your order is confirmed on https://irctc.co.in,0
Payment failed. Retry here: http://secure-update.co/s1rkwidv,1
You won a reward from SBI! Claim: https://gift-claim.org/ru0iwmsc,1
Courier fee ₹49 pending. Pay now: http://account-check.net/b39rxmli,1
Your WhatsApp account is locked. Verify now: http://secure-update.co/kh588w9o,1
Your order is confirmed on https://amazon.in,0
Your Netflix account is locked. Verify now: http://secure-update.co/r46dysf9,1
You won a reward from Google! Claim: https://gift-claim.org/ldl8pxam,1
Courier fee ₹49 pending. Pay now: http://verify-login.net/xkk9ldpu,1
KYC pending for Google. Update immediately at https://gift-claim.org/77hw6byt,1
KYC pending for HDFC. Update immediately at https://verify-login.net/vcwgesa9,1
Visit our official site for updates: https://company.com,0
Payment failed. Retry here: http://pay-now.in/4f6chxdj,1
Courier fee ₹49 pending. Pay now: http://gift-claim.org/cbrlo3qv,1
Monthly statement available at https://amazon.in,0
Monthly statement available at https://irctc.co.in,0
Class notice posted at https://irctc.co.in,0
KYC pending for HDFC. Update immediately at https://pay-now.in/wubdeb4o,1
Your order is confirmed on https://college.edu,0
Your order is confirmed on https://google.com,0
Courier fee ₹49 pending. Pay now: http://account-check.net/1gu24ymt,1
Class notice posted at https://company.com,0
Your Google account is locked. Verify now: http://pay-now.in/c3qd1xxl,1
You won a reward from Flipkart! Claim: https://trackparcel.in/fecy23o9,1
You won a reward from ICICI! Claim: https://pay-now.in/112p79q5,1
You won a reward from Netflix! Claim: https://verify-login.net/hcbv8vdh,1
Payment failed. Retry here: http://verify-login.net/231e46mt,1
Visit our official site for updates: https://google.com,0
KYC pending for HDFC. Update immediately at https://pay-now.in/d4t1kgns,1
Courier fee ₹49 pending. Pay now: http://trackparcel.in/huxk02im,1
Meeting link shared on portal. See https://amazon.in,0
Your order is confirmed on https://company.com,0
KYC pending for Flipkart. Update immediately at https://gift-claim.org/qmo0ab72,1
Courier fee ₹49 pending. Pay now: http://trackparcel.in/m3ji1nff,1
Class notice posted at https://amazon.in,0
Monthly statement available at https://college.edu,0
Visit our official site for updates: https://college.edu,0
Visit our official site for updates: https://google.com,0
Payment failed. Retry here: http://pay-now.in/via5hg40,1
You won a reward from WhatsApp! Claim: https://secure-update.co/ed04a1u1,1
Payment failed. Retry here: http://trackparcel.in/ybcv5u7v,1
Monthly statement available at https://company.com,0
Monthly statement available at https://college.edu,0
Your order is confirmed on https://amazon.in,0
Monthly statement available at https://college.edu,0
Class notice posted at https://amazon.in,0
Meeting link shared on portal. See https://college.edu,0
Monthly statement available at https://google.com,0
You won a reward from WhatsApp! Claim: https://trackparcel.in/rxwm6mc7,1
Payment failed. Retry here: http://secure-update.co/ytdq9cm4,1
KYC pending for Paytm. Update immediately at https://gift-claim.org/hzyaq4h9,1
Your order is confirmed on https://irctc.co.in,0
You won a reward from Netflix! Claim: https://trackparcel.in/d95o310d,1
Your order is confirmed on https://amazon.in,0
KYC pending for Paytm. Update immediately at https://gift-claim.org/cx3ghwm8,1
Payment failed. Retry here: http://trackparcel.in/s9bybbig,1
Courier fee ₹49 pending. Pay now: http://secure-update.co/jibdqfee,1
Meeting link shared on portal. See https://microsoft.com,0
Your Netflix account is locked. Verify now: http://account-check.net/g3ncfwi0,1
Monthly statement available at https://microsoft.com,0
Visit our official site for updates: https://college.edu,0
Your Amazon account is locked. Verify now: http://pay-now.in/hjxbmkh4,1
KYC pending for HDFC. Update immediately at https://gift-claim.org/sex3eaoq,1
Courier fee ₹49 pending. Pay now: http://gift-claim.org/9q7mykiu,1
Monthly statement available at https://irctc.co.in,0
Meeting link shared on portal. See https://google.com,0
Class notice posted at https://college.edu,0
You won a reward from SBI! Claim: https://verify-login.net/92ufg23z,1
Meeting link shared on portal. See https://amazon.in,0
Class notice posted at https://irctc.co.in,0
Monthly statement available at https://microsoft.com,0
Class notice posted at https://microsoft.com,0
Payment failed. Retry here: http://verify-login.net/e305pyvt,1
Your order is confirmed on https://google.com,0
Monthly statement available at https://amazon.in,0
Your Microsoft account is locked. Verify now: http://secure-update.co/xei2uhdq,1
Class notice posted at https://college.edu,0
Meeting link shared on portal. See https://microsoft.com,0
Meeting link shared on portal. See https://microsoft.com,0
Your order is confirmed on https://company.com,0
Class notice posted at https://college.edu,0
Your Paytm account is locked. Verify now: http://verify-login.net/lq4n2zi3,1
Payment failed. Retry here: http://verify-login.net/i3phgjp4,1
Your order is confirmed on https://amazon.in,0
Courier fee ₹49 pending. Pay now: http://gift-claim.org/y4qmz5nu,1
Your Google account is locked. Verify now: http://verify-login.net/zpqug6qr,1
Courier fee ₹49 pending. Pay now: http://account-check.net/e5o9vrwi,1
Courier fee ₹49 pending. Pay now: http://verify-login.net/t3kozxpe,1
Monthly statement available at https://amazon.in,0
Your order is confirmed on https://amazon.in,0
Class notice posted at https://company.com,0
Class notice posted at https://irctc.co.in,0
KYC pending for Microsoft. Update immediately at https://gift-claim.org/q4xxtjvd,1
Visit our official site for updates: https://irctc.co.in,0
Courier fee ₹49 pending. Pay now: http://gift-claim.org/egb41ecd,1
You won a reward from Netflix! Claim: https://gift-claim.org/sjlmcrhb,1
Your order is confirmed on https://microsoft.com,0
Visit our official site for updates: https://college.edu,0
You won a reward from Microsoft! Claim: https://trackparcel.in/aho8120k,1
Monthly statement available at https://amazon.in,0
KYC pending for ICICI. Update immediately at https://trackparcel.in/f0lu6wzw,1
You won a reward from Google! Claim: https://verify-login.net/16gbg098,1
Monthly statement available at https://irctc.co.in,0
Visit our official site for updates: https://irctc.co.in,0
Your order is confirmed on https://college.edu,0
You won a reward from Netflix! Claim: https://account-check.net/1g9443t6,1
Meeting link shared on portal. See https://amazon.in,0
Class notice posted at https://microsoft.com,0
Meeting link shared on portal. See https://college.edu,0
Your order is confirmed on https://microsoft.com,0
Your order is confirmed on https://irctc.co.in,0
Your Microsoft account is locked. Verify now: http://trackparcel.in/t57v0xrn,1
Your order is confirmed on https://company.com,0
Meeting link shared on portal. See https://google.com,0
Monthly statement available at https://amazon.in,0
Your SBI account is locked. Verify now: http://verify-login.net/1lt45r9n,1
KYC pending for Google. Update immediately at https://pay-now.in/do5kv541,1
Visit our official site for updates: https://amazon.in,0
Visit our official site for updates: https://irctc.co.in,0
Class notice posted at https://irctc.co.in,0
Courier fee ₹49 pending. Pay now: http://trackparcel.in/hqquvwz9,1
Payment failed. Retry here: http://secure-update.co/98zf9277,1
Monthly statement available at https://microsoft.com,0
Payment failed. Retry here: http://verify-login.net/wz6ah9eq,1
Meeting link shared on portal. See https://company.com,0
Your Netflix account is locked. Verify now: http://gift-claim.org/ofn0q3jm,1
KYC pending for SBI. Update immediately at https://gift-claim.org/zpzqnme5,1
Courier fee ₹49 pending. Pay now: http://pay-now.in/zboesa8o,1
Monthly statement available at https://company.com,0
Visit our official site for updates: https://irctc.co.in,0
You won a reward from ICICI! Claim: https://pay-now.in/6opwwr7t,1
Visit our official site for updates: https://microsoft.com,0
You won a reward from WhatsApp! Claim: https://secure-update.co/h06fi4ys,1
Courier fee ₹49 pending. Pay now: http://verify-login.net/efg0a1bx,1
Class notice posted at https://amazon.in,0
Your order is confirmed on https://microsoft.com,0
KYC pending for Google. Update immediately at https://verify-login.net/874bw0zm,1
Your order is confirmed on https://microsoft.com,0
KYC pending for Google. Update immediately at https://verify-login.net/vtkjo4ai,1
KYC pending for WhatsApp. Update immediately at https://verify-login.net/52rskp8h,1
Payment failed. Retry here: http://secure-update.co/nov8j8tm,1
Monthly statement available at https://college.edu,0
Your Flipkart account is locked. Verify now: http://pay-now.in/qkfwx7vy,1
Your Amazon account is locked. Verify now: http://pay-now.in/gma9vbcm,1
Courier fee ₹49 pending. Pay now: http://verify-login.net/x72ynlsk,1
Class notice posted at https://irctc.co.in,0
Monthly statement available at https://company.com,0
Courier fee ₹49 pending. Pay now: http://gift-claim.org/6c2le40t,1
Payment failed. Retry here: http://account-check.net/dpehujdt,1
Payment failed. Retry here: http://secure-update.co/xu6564h8,1
Class notice posted at https://amazon.in,0
Visit our official site for updates: https://google.com,0
You won a reward from Flipkart! Claim: https://account-check.net/8u215hqf,1
Your order is confirmed on https://microsoft.com,0
KYC pending for Flipkart. Update immediately at https://account-check.net/qvrxuokd,1
Monthly statement available at https://company.com,0
Class notice posted at https://microsoft.com,0
KYC pending for Paytm. Update immediately at https://pay-now.in/canswovi,1
Meeting link shared on portal. See https://google.com,0
Courier fee ₹49 pending. Pay now: http://account-check.net/5wuq6nxv,1
Class notice posted at https://college.edu,0
KYC pending for WhatsApp. Update immediately at https://pay-now.in/erslvkaa,1
Monthly statement available at https://google.com,0
Payment failed. Retry here: http://account-check.net/e8t2ileg,1
Monthly statement available at https://irctc.co.in,0
Monthly statement available at https://amazon.in,0
You won a reward from Google! Claim: https://gift-claim.org/10ve32xw,1
Class notice posted at https://college.edu,0
KYC pending for Flipkart. Update immediately at https://pay-now.in/c85i4pto,1
Visit our official site for updates: https://amazon.in,0
KYC pending for Microsoft. Update immediately at https://secure-update.co/gqy3ahgu,1
You won a reward from Netflix! Claim: https://verify-login.net/znpzxb4u,1
Visit our official site for updates: https://google.com,0
Courier fee ₹49 pending. Pay now: http://gift-claim.org/xdxun9rq,1
Visit our official site for updates: https://amazon.in,0
KYC pending for Netflix. Update immediately at https://account-check.net/c2fydmdr,1
KYC pending for Amazon. Update immediately at https://gift-claim.org/2d251q22,1
Meeting link shared on portal. See https://google.com,0
Class notice posted at https://amazon.in,0
Payment failed. Retry here: http://account-check.net/tj4ibj4f,1
Class notice posted at https://company.com,0
Class notice posted at https://company.com,0
Class notice posted at https://google.com,0
Your order is confirmed on https://company.com,0
Monthly statement available at https://amazon.in,0
KYC pending for WhatsApp. Update immediately at https://gift-claim.org/xkmynfp4,1
Courier fee ₹49 pending. Pay now: http://gift-claim.org/gj4dsy2j,1
Monthly statement available at https://microsoft.com,0
Visit our official site for updates: https://google.com,0
Visit our official site for updates: https://irctc.co.in,0
Your Netflix account is locked. Verify now: http://account-check.net/md75mkp6,1
You won a reward from Netflix! Claim: https://secure-update.co/u386trdc,1
Your SBI account is locked. Verify now: http://trackparcel.in/m9kx7eb4,1
Monthly statement available at https://google.com,0
Your order is confirmed on https://company.com,0
Monthly statement available at https://google.com,0
Class notice posted at https://irctc.co.in,0
Visit our official site for updates: https://company.com,0
Courier fee ₹49 pending. Pay now: http://account-check.net/8b064d3p,1
Meeting link shared on portal. See https://irctc.co.in,0
Courier fee ₹49 pending. Pay now: http://pay-now.in/73on5tjz,1
You won a reward from Microsoft! Claim: https://trackparcel.in/sn9qaqzv,1
You won a reward from Flipkart! Claim: https://account-check.net/jhzo4p0m,1
Your order is confirmed on https://company.com,0
Visit our official site for updates: https://amazon.in,0
Class notice posted at https://college.edu,0
Payment failed. Retry here: http://gift-claim.org/gvix5629,1
Monthly statement available at https://irctc.co.in,0
Visit our official site for updates: https://amazon.in,0
Visit our official site for updates: https://college.edu,0
Your Google account is locked. Verify now: http://verify-login.net/7u383z94,1
KYC pending for Google. Update immediately at https://gift-claim.org/ojulvedw,1
Your WhatsApp account is locked. Verify now: http://verify-login.net/356epyp6,1
Courier fee ₹49 pending. Pay now: http://account-check.net/1lhrabc2,1
Your Netflix account is locked. Verify now: http://gift-claim.org/popd8uh9,1
Courier fee ₹49 pending. Pay now: http://account-check.net/x8au6p2w,1
Visit our official site for updates: https://irctc.co.in,0
Meeting link shared on portal. See https://irctc.co.in,0
KYC pending for Paytm. Update immediately at https://gift-claim.org/4sfp733i,1
KYC pending for ICICI. Update immediately at https://verify-login.net/i31a0hzw,1
Visit our official site for updates: https://irctc.co.in,0
KYC pending for Google. Update immediately at https://account-check.net/2299atsw,1
Visit our official site for updates: https://google.com,0
Visit our official site for updates: https://google.com,0
Meeting link shared on portal. See https://microsoft.com,0
Your order is confirmed on https://company.com,0
Courier fee ₹49 pending. Pay now: http://secure-update.co/xacrbp5k,1
You won a reward from SBI! Claim: https://trackparcel.in/22mz4b8h,1
Your Flipkart account is locked. Verify now: http://gift-claim.org/frpqpcel,1
You won a reward from Microsoft! Claim: https://gift-claim.org/fp33p16u,1
Your Netflix account is locked. Verify now: http://pay-now.in/na560oxs,1
Class notice posted at https://microsoft.com,0
Visit our official site for updates: https://college.edu,0
Courier fee ₹49 pending. Pay now: http://account-check.net/z23k8tw9,1
Visit our official site for updates: https://microsoft.com,0
Your order is confirmed on https://irctc.co.in,0
You won a reward from HDFC! Claim: https://account-check.net/xawpqbws,1
Class notice posted at https://google.com,0
Your order is confirmed on https://microsoft.com,0
Payment failed. Retry here: http://secure-update.co/lrjnkl1l,1
KYC pending for Flipkart. Update immediately at https://verify-login.net/uldabjj3,1
Your Microsoft account is locked. Verify now: http://secure-update.co/pe31yzxa,1
Your order is confirmed on https://microsoft.com,0
Your order is confirmed on https://google.com,0
You won a reward from Microsoft! Claim: https://verify-login.net/13g7v59x,1
You won a reward from Netflix! Claim: https://gift-claim.org/24qxhhsc,1
Meeting link shared on portal. See https://google.com,0
You won a reward from Microsoft! Claim: https://secure-update.co/8tsc7k1y,1
Meeting link shared on portal. See https://microsoft.com,0
Your order is confirmed on https://college.edu,0
Monthly statement available at https://irctc.co.in,0
Payment failed. Retry here: http://secure-update.co/3w4p9ogg,1
Courier fee ₹49 pending. Pay now: http://pay-now.in/wgb7gx45,1
Visit our official site for updates: https://google.com,0
Courier fee ₹49 pending. Pay now: http://secure-update.co/lqe2mdjr,1
KYC pending for HDFC. Update immediately at https://gift-claim.org/k42mgidh,1
Class notice posted at https://google.com,0
Courier fee ₹49 pending. Pay now: http://secure-update.co/l96ir7b3,1
Meeting link shared on portal. See https://amazon.in,0
Your order is confirmed on https://college.edu,0
Payment failed. Retry here: http://gift-claim.org/er8t0anp,1
Monthly statement available at https://microsoft.com,0
Your order is confirmed on https://google.com,0
Meeting link shared on portal. See https://irctc.co.in,0
Class notice posted at https://irctc.co.in,0
Courier fee ₹49 pending. Pay now: http://verify-login.net/olc04z1z,1
Class notice posted at https://company.com,0
Visit our official site for updates: https://company.com,0
Monthly statement available at https://microsoft.com,0
Monthly statement available at https://microsoft.com,0
Your Amazon account is locked. Verify now: http://account-check.net/6aeegu2n,1
Courier fee ₹49 pending. Pay now: http://trackparcel.in/u3tqjye0,1
Your order is confirmed on https://microsoft.com,0
Your SBI account is locked. Verify now: http://account-check.net/p0c379kf,1
Courier fee ₹49 pending. Pay now: http://gift-claim.org/vqqgs361,1
Your Amazon account is locked. Verify now: http://verify-login.net/1l0ksb28,1
Class notice posted at https://amazon.in,0
Your Amazon account is locked. Verify now: http://pay-now.in/96ci5xsw,1
Courier fee ₹49 pending. Pay now: http://pay-now.in/spzqwq89,1
Your Flipkart account is locked. Verify now: http://pay-now.in/nba9wfvm,1
Class notice posted at https://google.com,0
KYC pending for HDFC. Update immediately at https://trackparcel.in/8p5rgaog,1
Class notice posted at https://google.com,0
Your Microsoft account is locked. Verify now: http://secure-update.co/cnvqdyfo,1
Your Google account is locked. Verify now: http://gift-claim.org/9oqb5uh0,1
KYC pending for Flipkart. Update immediately at https://pay-now.in/zr04mrpe,1
Your order is confirmed on https://microsoft.com,0
Meeting link shared on portal. See https://company.com,0
Visit our official site for updates: https://google.com,0
Payment failed. Retry here: http://verify-login.net/bt6hsqnp,1
Monthly statement available at https://google.com,0
KYC pending for Netflix. Update immediately at https://pay-now.in/2zn8ncss,1
Monthly statement available at https://amazon.in,0
You won a reward from Paytm! Claim: https://gift-claim.org/fyafb2tg,1
KYC pending for Microsoft. Update immediately at https://gift-claim.org/flwgimtf,1
Monthly statement available at https://amazon.in,0
Visit our official site for updates: https://company.com,0
Your order is confirmed on https://college.edu,0
Your Flipkart account is locked. Verify now: http://trackparcel.in/eekteowf,1
You won a reward from WhatsApp! Claim: https://verify-login.net/voccyg01,1
KYC pending for HDFC. Update immediately at https://secure-update.co/ficaea64,1
Visit our official site for updates: https://company.com,0
Meeting link shared on portal. See https://college.edu,0
Your order is confirmed on https://google.com,0
You won a reward from Microsoft! Claim: https://trackparcel.in/dnwfszhy,1
Meeting link shared on portal. See https://google.com,0
Your order is confirmed on https://irctc.co.in,0
Your order is confirmed on https://microsoft.com,0
You won a reward from SBI! Claim: https://trackparcel.in/1a1e44hu,1
Courier fee ₹49 pending. Pay now: http://pay-now.in/16ffl56s,1
Meeting link shared on portal. See https://amazon.in,0
Your WhatsApp account is locked. Verify now: http://trackparcel.in/lm8u7sfi,1
Meeting link shared on portal. See https://amazon.in,0
Meeting link shared on portal. See https://amazon.in,0
Monthly statement available at https://amazon.in,0
You won a reward from Flipkart! Claim: https://pay-now.in/2oab9zar,1
Courier fee ₹49 pending. Pay now: http://secure-update.co/ju885zln,1
Meeting link shared on portal. See https://google.com,0
You won a reward from HDFC! Claim: https://secure-update.co/lho3mtsy,1
Your order is confirmed on https://google.com,0
Visit our official site for updates: https://irctc.co.in,0
Class notice posted at https://amazon.in,0
Payment failed. Retry here: http://verify-login.net/1zkw46lw,1
You won a reward from WhatsApp! Claim: https://pay-now.in/w06a0pxs,1
You won a reward from SBI! Claim: https://verify-login.net/3ytcdg11,1
Your Google account is locked. Verify now: http://gift-claim.org/2unvve5k,1
KYC pending for HDFC. Update immediately at https://pay-now.in/yrxjiisk,1
Monthly statement available at https://google.com,0
Your WhatsApp account is locked. Verify now: http://secure-update.co/go363ll7,1
Your Google account is locked. Verify now: http://trackparcel.in/ep6ft2r4,1
KYC pending for HDFC. Update immediately at https://gift-claim.org/5ws3xc0y,1
Meeting link shared on portal. See https://company.com,0
Payment failed. Retry here: http://gift-claim.org/9m21bvqc,1
You won a reward from Flipkart! Claim: https://secure-update.co/scbvz6vh,1
Your Paytm account is locked. Verify now: http://gift-claim.org/d63tbp1d,1
Monthly statement available at https://microsoft.com,0
Payment failed. Retry here: http://account-check.net/a68nbtbm,1
Your order is confirmed on https://google.com,0
Your order is confirmed on https://google.com,0
Payment failed. Retry here: http://gift-claim.org/7di43cj3,1
Your order is confirmed on https://irctc.co.in,0
You won a reward from Google! Claim: https://gift-claim.org/ees69zlb,1
Courier fee ₹49 pending. Pay now: http://trackparcel.in/20fj9e00,1
Courier fee ₹49 pending. Pay now: http://gift-claim.org/20gzmpcc,1
Your order is confirmed on https://amazon.in,0
Monthly statement available at https://company.com,0
Payment failed. Retry here: http://pay-now.in/lbaq7y1w,1
Courier fee ₹49 pending. Pay now: http://pay-now.in/uxkx6op1,1
Meeting link shared on portal. See https://microsoft.com,0
Meeting link shared on portal. See https://amazon.in,0
Your SBI account is locked. Verify now: http://gift-claim.org/hkeh03lm,1
Meeting link shared on portal. See https://google.com,0
You won a reward from SBI! Claim: https://gift-claim.org/r5knl4by,1
KYC pending for ICICI. Update immediately at https://trackparcel.in/0rbzeh5w,1
Meeting link shared on portal. See https://irctc.co.in,0
KYC pending for Google. Update immediately at https://pay-now.in/jeqgjha6,1
Visit our official site for updates: https://google.com,0
Visit our official site for updates: https://irctc.co.in,0
Your HDFC account is locked. Verify now: http://secure-update.co/dh3itzrf,1
Monthly statement available at https://irctc.co.in,0
Monthly statement available at https://google.com,0
Your order is confirmed on https://amazon.in,0
KYC pending for ICICI. Update immediately at https://account-check.net/sispf13c,1
Meeting link shared on portal. See https://college.edu,0
Payment failed. Retry here: http://pay-now.in/si13bjyt,1
KYC pending for Netflix. Update immediately at https://account-check.net/eu42br1k,1
Your order is confirmed on https://college.edu,0
You won a reward from WhatsApp! Claim: https://account-check.net/xsco5xoc,1
Courier fee ₹49 pending. Pay now: http://trackparcel.in/h21dypps,1
KYC pending for ICICI. Update immediately at https://pay-now.in/yzwapi9p,1
You won a reward from HDFC! Claim: https://verify-login.net/7rdb87yj,1
Your order is confirmed on https://microsoft.com,0
KYC pending for HDFC. Update immediately at https://verify-login.net/f9u0ketu,1
Payment failed. Retry here: http://pay-now.in/7w6piy70,1
You won a reward from ICICI! Claim: https://verify-login.net/yqe29nt5,1
Meeting link shared on portal. See https://google.com,0
Monthly statement available at https://irctc.co.in,0
Your order is confirmed on https://college.edu,0
Payment failed. Retry here: http://pay-now.in/4p8fmti5,1
Your Paytm account is locked. Verify now: http://verify-login.net/j8knfa0l,1
Your order is confirmed on https://google.com,0
Visit our official site for updates: https://amazon.in,0
Monthly statement available at https://college.edu,0
Monthly statement available at https://amazon.in,0
Class notice posted at https://microsoft.com,0
KYC pending for SBI. Update immediately at https://gift-claim.org/q4vxmugp,1
Meeting link shared on portal. See https://microsoft.com,0
You won a reward from Paytm! Claim: https://account-check.net/8bx6p37h,1
Monthly statement available at https://microsoft.com,0
Your WhatsApp account is locked. Verify now: http://account-check.net/5peroluy,1
Visit our official site for updates: https://college.edu,0
You won a reward from Google! Claim: https://secure-update.co/y9r57apa,1
Courier fee ₹49 pending. Pay now: http://account-check.net/upuh1yvj,1
KYC pending for Paytm. Update immediately at https://trackparcel.in/f24fixjz,1
Monthly statement available at https://company.com,0
Your Flipkart account is locked. Verify now: http://pay-now.in/8lu8exdj,1
Meeting link shared on portal. See https://amazon.in,0
Courier fee ₹49 pending. Pay now: http://account-check.net/k6t7e0pr,1
Your WhatsApp account is locked. Verify now: http://secure-update.co/yc7tz9qg,1
Courier fee ₹49 pending. Pay now: http://secure-update.co/r203mu9h,1
Your order is confirmed on https://company.com,0
Your order is confirmed on https://amazon.in,0
Your order is confirmed on https://irctc.co.in,0
Courier fee ₹49 pending. Pay now: http://account-check.net/frzkbc1o,1
KYC pending for Microsoft. Update immediately at https://secure-update.co/747qdvo8,1
Your ICICI account is locked. Verify now: http://secure-update.co/e2mievz2,1
Your ICICI account is locked. Verify now: http://account-check.net/2yvhnz4o,1
Visit our official site for updates: https://google.com,0
Monthly statement available at https://company.com,0
Monthly statement available at https://college.edu,0
Payment failed. Retry here: http://secure-update.co/p3j4oeki,1
Visit our official site for updates: https://college.edu,0
Visit our official site for updates: https://google.com,0
Courier fee ₹49 pending. Pay now: http://gift-claim.org/cs559jfj,1
Payment failed. Retry here: http://pay-now.in/s3vsgjek,1
You won a reward from HDFC! Claim: https://trackparcel.in/9nyx4zh4,1
Your SBI account is locked. Verify now: http://verify-login.net/0t34mvyv,1
Meeting link shared on portal. See https://irctc.co.in,0
Meeting link shared on portal. See https://company.com,0
Monthly statement available at https://google.com,0
Meeting link shared on portal. See https://microsoft.com,0
Visit our official site for updates: https://google.com,0
Payment failed. Retry here: http://pay-now.in/6frxzoad,1
Your SBI account is locked. Verify now: http://account-check.net/jmzrt8sl,1
Your order is confirmed on https://amazon.in,0
Your SBI account is locked. Verify now: http://gift-claim.org/15xevku2,1
Meeting link shared on portal. See https://company.com,0
Courier fee ₹49 pending. Pay now: http://verify-login.net/kjyddnv1,1
Class notice posted at https://company.com,0
KYC pending for Netflix. Update immediately at https://pay-now.in/ltkq0ahk,1
Payment failed. Retry here: http://account-check.net/8cgf28j3,1
Courier fee ₹49 pending. Pay now: http://trackparcel.in/qo3pngc8,1
Courier fee ₹49 pending. Pay now: http://trackparcel.in/sln6pwey,1
KYC pending for Google. Update immediately at https://secure-update.co/9c7qoiu9,1
Visit our official site for updates: https://college.edu,0
Monthly statement available at https://company.com,0
Courier fee ₹49 pending. Pay now: http://secure-update.co/8fzjq58a,1
Your order is confirmed on https://google.com,0
KYC pending for Microsoft. Update immediately at https://pay-now.in/x6kdryyo,1
You won a reward from Paytm! Claim: https://gift-claim.org/34ul3p36,1
You won a reward from HDFC! Claim: https://pay-now.in/ka7bln71,1
Your Netflix account is locked. Verify now: http://pay-now.in/iep9m640,1
Payment failed. Retry here: http://verify-login.net/strburq1,1
Visit our official site for updates: https://google.com,0
You won a reward from ICICI! Claim: https://pay-now.in/ur9u85zk,1
KYC pending for Google. Update immediately at https://gift-claim.org/yy43bzcw,1
Class notice posted at https://college.edu,0
Your ICICI account is locked. Verify now: http://trackparcel.in/jlbcu5tw,1
Visit our official site for updates: https://irctc.co.in,0
Payment failed. Retry here: http://verify-login.net/jpg666fn,1
Class notice posted at https://microsoft.com,0
Meeting link shared on portal. See https://microsoft.com,0
Monthly statement available at https://irctc.co.in,0
Class notice posted at https://college.edu,0
Courier fee ₹49 pending. Pay now: http://account-check.net/nfpaan6h,1
You won a reward from Amazon! Claim: https://account-check.net/zh863gxv,1
You won a reward from SBI! Claim: https://pay-now.in/5oli8p93,1
Class notice posted at https://microsoft.com,0
Class notice posted at https://google.com,0
Your order is confirmed on https://microsoft.com,0
Courier fee ₹49 pending. Pay now: http://verify-login.net/8rzh3pyb,1
You won a reward from Netflix! Claim: https://gift-claim.org/9rtuo8gq,1
Your order is confirmed on https://google.com,0
You won a reward from SBI! Claim: https://gift-claim.org/hb3y6nsj,1
KYC pending for Google. Update immediately at https://verify-login.net/1tte7woz,1
KYC pending for Paytm. Update immediately at https://pay-now.in/nyuvmuke,1
Your Microsoft account is locked. Verify now: http://pay-now.in/syprdwy9,1
Visit our official site for updates: https://microsoft.com,0
Your order is confirmed on https://irctc.co.in,0
Payment failed. Retry here: http://account-check.net/8eni7v20,1
Payment failed. Retry here: http://account-check.net/t9ojbphl,1
Visit our official site for updates: https://google.com,0
You won a reward from HDFC! Claim: https://account-check.net/rvtpy8d9,1
Courier fee ₹49 pending. Pay now: http://trackparcel.in/a9f70db7,1
Visit our official site for updates: https://company.com,0
You won a reward from HDFC! Claim: https://account-check.net/u85p6i84,1
Monthly statement available at https://microsoft.com,0
You won a reward from Google! Claim: https://account-check.net/8v6oer14,1
Payment failed. Retry here: http://secure-update.co/hlpwpmvz,1
Monthly statement available at https://irctc.co.in,0
Payment failed. Retry here: http://verify-login.net/1aibhvd2,1
KYC pending for HDFC. Update immediately at https://verify-login.net/d5vkpnen,1
Payment failed. Retry here: http://verify-login.net/54k2ntsr,1
Courier fee ₹49 pending. Pay now: http://gift-claim.org/laz3lo7v,1
Meeting link shared on portal. See https://irctc.co.in,0
KYC pending for HDFC. Update immediately at https://secure-update.co/pj6pvypo,1
You won a reward from Flipkart! Claim: https://verify-login.net/z8pu1eh8,1
Class notice posted at https://irctc.co.in,0
Courier fee ₹49 pending. Pay now: http://gift-claim.org/oom5qsis,1
Payment failed. Retry here: http://secure-update.co/5krjn1qo,1
Class notice posted at https://amazon.in,0
Visit our official site for updates: https://irctc.co.in,0
Monthly statement available at https://company.com,0
Meeting link shared on portal. See https://college.edu,0
You won a reward from Microsoft! Claim: https://account-check.net/9anzrcy0,1
Meeting link shared on portal. See https://amazon.in,0
Your Amazon account is locked. Verify now: http://account-check.net/11hff7gx,1
Your order is confirmed on https://google.com,0
KYC pending for ICICI. Update immediately at https://secure-update.co/q3vncbuz,1
Your Amazon account is locked. Verify now: http://account-check.net/6qf51sp2,1
KYC pending for Netflix. Update immediately at https://secure-update.co/cse4glcg,1
You won a reward from Amazon! Claim: https://secure-update.co/wh46ewi0,1
Your order is confirmed on https://google.com,0
Class notice posted at https://college.edu,0
You won a reward from HDFC! Claim: https://secure-update.co/nihjdu4y,1
Your order is confirmed on https://amazon.in,0
Your Netflix account is locked. Verify now: http://secure-update.co/g3ur58wj,1
Courier fee ₹49 pending. Pay now: http://account-check.net/reyrrq4l,1
Your HDFC account is locked. Verify now: http://verify-login.net/0myoaj7g,1
Your order is confirmed on https://amazon.in,0
Class notice posted at https://irctc.co.in,0
Meeting link shared on portal. See https://college.edu,0
Monthly statement available at https://google.com,0
Your ICICI account is locked. Verify now: http://gift-claim.org/5rp7xtgz,1
Your Paytm account is locked. Verify now: http://verify-login.net/h0rh7a5t,1
Visit our official site for updates: https://amazon.in,0
Class notice posted at https://company.com,0
Payment failed. Retry here: http://trackparcel.in/esxetlf0,1
Payment failed. Retry here: http://trackparcel.in/0w60vyhy,1
Visit our official site for updates: https://amazon.in,0
Payment failed. Retry here: http://account-check.net/1954wru7,1
Courier fee ₹49 pending. Pay now: http://gift-claim.org/sdvahp3u,1
Class notice posted at https://microsoft.com,0
Your Netflix account is locked. Verify now: http://gift-claim.org/d0scq9py,1
You won a reward from ICICI! Claim: https://account-check.net/e66r3ub6,1
Your order is confirmed on https://company.com,0
KYC pending for Microsoft. Update immediately at https://pay-now.in/nijm1sce,1
You won a reward from Flipkart! Claim: https://trackparcel.in/9ty9m6z6,1
Your order is confirmed on https://company.com,0
Visit our official site for updates: https://amazon.in,0
Your order is confirmed on https://irctc.co.in,0
KYC pending for Paytm. Update immediately at https://account-check.net/u59ukqtk,1
Courier fee ₹49 pending. Pay now: http://gift-claim.org/v1h16tmu,1
Class notice posted at https://google.com,0
Your Google account is locked. Verify now: http://verify-login.net/81sekqip,1
Payment failed. Retry here: http://verify-login.net/wrpjn882,1
Visit our official site for updates: https://google.com,0
Visit our official site for updates: https://amazon.in,0
Payment failed. Retry here: http://account-check.net/rlem33i8,1
Monthly statement available at https://company.com,0
KYC pending for Amazon. Update immediately at https://gift-claim.org/uonap7l3,1
Your ICICI account is locked. Verify now: http://secure-update.co/dm1uwn70,1
Your SBI account is locked. Verify now: http://secure-update.co/doraf9hx,1
Payment failed. Retry here: http://trackparcel.in/hl43cypb,1
Meeting link shared on portal. See https://company.com,0
Payment failed. Retry here: http://pay-now.in/6uu881c8,1
Courier fee ₹49 pending. Pay now: http://pay-now.in/9twpe5un,1
Visit our official site for updates: https://google.com,0
Your order is confirmed on https://irctc.co.in,0
Your order is confirmed on https://college.edu,0
Visit our official site for updates: https://amazon.in,0
Class notice posted at https://college.edu,0
KYC pending for Flipkart. Update immediately at https://gift-claim.org/6xtipke4,1
Meeting link shared on portal. See https://company.com,0
You won a reward from Paytm! Claim: https://pay-now.in/rxzkx9c7,1
Meeting link shared on portal. See https://college.edu,0
Your order is confirmed on https://college.edu,0
Class notice posted at https://company.com,0
Payment failed. Retry here: http://trackparcel.in/zcmaguat,1
Class notice posted at https://google.com,0
Payment failed. Retry here: http://pay-now.in/hzy4ce55,1
Class notice posted at https://microsoft.com,0
Courier fee ₹49 pending. Pay now: http://account-check.net/uuvk07kg,1
Visit our official site for updates: https://irctc.co.in,0
Monthly statement available at https://microsoft.com,0
KYC pending for Netflix. Update immediately at https://gift-claim.org/w6kody33,1
Monthly statement available at https://google.com,0
KYC pending for Amazon. Update immediately at https://trackparcel.in/57x4c6uz,1
Monthly statement available at https://college.edu,0
Class notice posted at https://amazon.in,0
Class notice posted at https://irctc.co.in,0
Visit our official site for updates: https://google.com,0
Meeting link shared on portal. See https://company.com,0
Courier fee ₹49 pending. Pay now: http://verify-login.net/u4e7jhfb,1
KYC pending for WhatsApp. Update immediately at https://account-check.net/byozkenx,1
KYC pending for Flipkart. Update immediately at https://gift-claim.org/1knploi1,1
Visit our official site for updates: https://google.com,0
Visit our official site for updates: https://company.com,0
Your WhatsApp account is locked. Verify now: http://secure-update.co/qmp6h9my,1
Meeting link shared on portal. See https://microsoft.com,0
Your SBI account is locked. Verify now: http://gift-claim.org/rbu9oezw,1
Class notice posted at https://company.com,0
Courier fee ₹49 pending. Pay now: http://trackparcel.in/cd50t89j,1
KYC pending for Flipkart. Update immediately at https://gift-claim.org/cgttfowe,1
Payment failed. Retry here: http://secure-update.co/jdyev0qe,1
Meeting link shared on portal. See https://microsoft.com,0
Visit our official site for updates: https://amazon.in,0
Courier fee ₹49 pending. Pay now: http://trackparcel.in/2s4wep5k,1
Courier fee ₹49 pending. Pay now: http://gift-claim.org/7xy3adgp,1
KYC pending for WhatsApp. Update immediately at https://pay-now.in/kyassrco,1
Class notice posted at https://irctc.co.in,0
Meeting link shared on portal. See https://irctc.co.in,0
You won a reward from WhatsApp! Claim: https://gift-claim.org/wscnsgg0,1
Monthly statement available at https://google.com,0
Monthly statement available at https://company.com,0
KYC pending for Google. Update immediately at https://trackparcel.in/s1efyio1,1
Your order is confirmed on https://company.com,0
Class notice posted at https://microsoft.com,0
Payment failed. Retry here: http://pay-now.in/wlwaia1a,1
You won a reward from Paytm! Claim: https://gift-claim.org/9xq50zh6,1
Your Paytm account is locked. Verify now: http://gift-claim.org/dqno0lhh,1
Courier fee ₹49 pending. Pay now: http://verify-login.net/5sgxj9g0,1
Monthly statement available at https://college.edu,0
Courier fee ₹49 pending. Pay now: http://account-check.net/evigex5e,1
Payment failed. Retry here: http://verify-login.net/t3rfzdjn,1
Payment failed. Retry here: http://pay-now.in/tbbk8mls,1
Visit our official site for updates: https://amazon.in,0
Payment failed. Retry here: http://pay-now.in/n8hvc1zc,1
Meeting link shared on portal. See https://college.edu,0
Class notice posted at https://company.com,0
Courier fee ₹49 pending. Pay now: http://account-check.net/aavy6ntq,1
KYC pending for Google. Update immediately at https://pay-now.in/7q58stic,1
Monthly statement available at https://google.com,0
KYC pending for HDFC. Update immediately at https://gift-claim.org/53wcm62x,1
Class notice posted at https://company.com,0
Payment failed. Retry here: http://verify-login.net/buiwlndv,1
Your WhatsApp account is locked. Verify now: http://secure-update.co/or9qbedd,1
Visit our official site for updates: https://google.com,0
Meeting link shared on portal. See https://google.com,0
Monthly statement available at https://company.com,0
Visit our official site for updates: https://microsoft.com,0
Class notice posted at https://college.edu,0
KYC pending for Flipkart. Update immediately at https://trackparcel.in/2i9faxvu,1
Courier fee ₹49 pending. Pay now: http://gift-claim.org/bc5l7lbm,1
KYC pending for Amazon. Update immediately at https://secure-update.co/3iomydyi,1
Your order is confirmed on https://company.com,0
Visit our official site for updates: https://company.com,0
Class notice posted at https://irctc.co.in,0
Visit our official site for updates: https://company.com,0
Class notice posted at https://college.edu,0
Visit our official site for updates: https://irctc.co.in,0
Courier fee ₹49 pending. Pay now: http://trackparcel.in/fk6lccnl,1
Monthly statement available at https://google.com,0
Your order is confirmed on https://amazon.in,0
Your order is confirmed on https://company.com,0
Monthly statement available at https://amazon.in,0
Payment failed. Retry here: http://gift-claim.org/nvbozmot,1
Visit our official site for updates: https://company.com,0
You won a reward from SBI! Claim: https://verify-login.net/olll6f35,1
Monthly statement available at https://google.com,0
Visit our official site for updates: https://company.com,0
Visit our official site for updates: https://google.com,0
Monthly statement available at https://amazon.in,0
Your Amazon account is locked. Verify now: http://trackparcel.in/hbzfuhbl,1
Visit our official site for updates: https://irctc.co.in,0
Class notice posted at https://company.com,0
Visit our official site for updates: https://college.edu,0
Payment failed. Retry here: http://gift-claim.org/u54fnq74,1
Courier fee ₹49 pending. Pay now: http://pay-now.in/mri76lb0,1
Your Google account is locked. Verify now: http://verify-login.net/g7k9iwx9,1
Your order is confirmed on https://irctc.co.in,0
Visit our official site for updates: https://irctc.co.in,0
KYC pending for ICICI. Update immediately at https://pay-now.in/jf23qe3y,1
Payment failed. Retry here: http://pay-now.in/me878jqb,1
Payment failed. Retry here: http://trackparcel.in/35za1u7w,1
Courier fee ₹49 pending. Pay now: http://pay-now.in/idvrk6ug,1
Meeting link shared on portal. See https://microsoft.com,0
You won a reward from WhatsApp! Claim: https://gift-claim.org/19kn4vyt,1
Payment failed. Retry here: http://verify-login.net/bonugw64,1
Payment failed. Retry here: http://account-check.net/4qcwl11y,1
Monthly statement available at https://google.com,0
Meeting link shared on portal. See https://amazon.in,0
You won a reward from HDFC! Claim: https://secure-update.co/jdcyal8b,1
Visit our official site for updates: https://amazon.in,0
Visit our official site for updates: https://irctc.co.in,0
You won a reward from Google! Claim: https://secure-update.co/2yltba11,1
KYC pending for Flipkart. Update immediately at https://verify-login.net/x2hioxho,1
Your order is confirmed on https://irctc.co.in,0
Payment failed. Retry here: http://pay-now.in/s2uafnuu,1
Your order is confirmed on https://irctc.co.in,0
Class notice posted at https://amazon.in,0
Meeting link shared on portal. See https://google.com,0
Your order is confirmed on https://college.edu,0
Your ICICI account is locked. Verify now: http://secure-update.co/pd70gb6t,1
Your order is confirmed on https://google.com,0
Courier fee ₹49 pending. Pay now: http://account-check.net/ade6vphn,1
Visit our official site for updates: https://college.edu,0
Your order is confirmed on https://microsoft.com,0
You won a reward from Google! Claim: https://pay-now.in/v7wlio4q,1
You won a reward from Google! Claim: https://verify-login.net/bqpd9evj,1
Meeting link shared on portal. See https://amazon.in,0
Courier fee ₹49 pending. Pay now: http://verify-login.net/ktfeio6c,1
Class notice posted at https://irctc.co.in,0
Your order is confirmed on https://microsoft.com,0
Courier fee ₹49 pending. Pay now: http://account-check.net/71swe0bx,1
Class notice posted at https://amazon.in,0
Your Paytm account is locked. Verify now: http://trackparcel.in/1lt2y737,1
Your WhatsApp account is locked. Verify now: http://gift-claim.org/hc1p2lv3,1
Your order is confirmed on https://college.edu,0
Class notice posted at https://google.com,0
You won a reward from HDFC! Claim: https://verify-login.net/vje5kg1q,1
Meeting link shared on portal. See https://irctc.co.in,0
Meeting link shared on portal. See https://company.com,0
Courier fee ₹49 pending. Pay now: http://verify-login.net/esrzsypy,1
Class notice posted at https://microsoft.com,0
Visit our official site for updates: https://google.com,0
Your order is confirmed on https://college.edu,0
Your Microsoft account is locked. Verify now: http://trackparcel.in/fwngzfzx,1
Meeting link shared on portal. See https://google.com,0
Your Google account is locked. Verify now: http://pay-now.in/q2dna45y,1
KYC pending for Netflix. Update immediately at https://gift-claim.org/kse1dxxx,1
You won a reward from Amazon! Claim: https://account-check.net/cp9g93da,1
Class notice posted at https://google.com,0
Class notice posted at https://company.com,0
KYC pending for Paytm. Update immediately at https://account-check.net/l05xazzj,1
Payment failed. Retry here: http://gift-claim.org/f65yv72k,1
Courier fee ₹49 pending. Pay now: http://trackparcel.in/rqqwixbh,1
Courier fee ₹49 pending. Pay now: http://gift-claim.org/nffw644j,1
Meeting link shared on portal. See https://irctc.co.in,0
Payment failed. Retry here: http://trackparcel.in/4039vny7,1
Your Google account is locked. Verify now: http://verify-login.net/c8fmhu8v,1
Courier fee ₹49 pending. Pay now: http://gift-claim.org/9ohd87jd,1
Courier fee ₹49 pending. Pay now: http://gift-claim.org/fgulyn94,1
Courier fee ₹49 pending. Pay now: http://gift-claim.org/ppem3pta,1
Your order is confirmed on https://college.edu,0
Payment failed. Retry here: http://secure-update.co/ez1r5qju,1
Your order is confirmed on https://irctc.co.in,0
You won a reward from Google! Claim: https://pay-now.in/tlfz4tj0,1
Courier fee ₹49 pending. Pay now: http://verify-login.net/mg1ypsqg,1
Your Flipkart account is locked. Verify now: http://trackparcel.in/usqv1q4d,1
Courier fee ₹49 pending. Pay now: http://gift-claim.org/0v8l8zic,1
You won a reward from Google! Claim: https://pay-now.in/3do5g72i,1
Meeting link shared on portal. See https://college.edu,0
Your SBI account is locked. Verify now: http://gift-claim.org/4h6y4u0q,1
Visit our official site for updates: https://college.edu,0
Courier fee ₹49 pending. Pay now: http://verify-login.net/yssmnydv,1
You won a reward from Flipkart! Claim: https://account-check.net/paqm7amf,1
Your Netflix account is locked. Verify now: http://secure-update.co/rtaixzfw,1
You won a reward from Microsoft! Claim: https://gift-claim.org/pxqxlqp8,1
Visit our official site for updates: https://google.com,0
Payment failed. Retry here: http://verify-login.net/c8vttze6,1
Your order is confirmed on https://amazon.in,0
KYC pending for Google. Update immediately at https://account-check.net/rztg3igc,1
Courier fee ₹49 pending. Pay now: http://verify-login.net/v39uetbw,1
Meeting link shared on portal. See https://college.edu,0
Your order is confirmed on https://college.edu,0
Monthly statement available at https://company.com,0
Your Flipkart account is locked. Verify now: http://gift-claim.org/gin600l0,1
Courier fee ₹49 pending. Pay now: http://secure-update.co/x31xz80a,1
Your order is confirmed on https://google.com,0
You won a reward from Flipkart! Claim: https://pay-now.in/ichooait,1
Your ICICI account is locked. Verify now: http://verify-login.net/jlk78fsa,1
Meeting link shared on portal. See https://microsoft.com,0
Monthly statement available at https://google.com,0
KYC pending for Google. Update immediately at https://pay-now.in/agywvywb,1
Monthly statement available at https://microsoft.com,0
You won a reward from WhatsApp! Claim: https://verify-login.net/bmpzf4hc,1
Class notice posted at https://college.edu,0
KYC pending for Amazon. Update immediately at https://gift-claim.org/6gnuqgkv,1
Payment failed. Retry here: http://verify-login.net/eq87uxmo,1
KYC pending for ICICI. Update immediately at https://gift-claim.org/520h8yxh,1
Meeting link shared on portal. See https://amazon.in,0
KYC pending for ICICI. Update immediately at https://trackparcel.in/zcwtm1wz,1
Visit our official site for updates: https://microsoft.com,0
Class notice posted at https://irctc.co.in,0
Visit our official site for updates: https://amazon.in,0
KYC pending for ICICI. Update immediately at https://account-check.net/b3slyjn6,1
Meeting link shared on portal. See https://microsoft.com,0
Your order is confirmed on https://microsoft.com,0
You won a reward from WhatsApp! Claim: https://verify-login.net/itrg89zs,1
You won a reward from Google! Claim: https://secure-update.co/xi04k7z4,1
Your ICICI account is locked. Verify now: http://trackparcel.in/0wrhq6l8,1
Your order is confirmed on https://company.com,0
You won a reward from Flipkart! Claim: https://account-check.net/r5kjdwat,1
Meeting link shared on portal. See https://amazon.in,0
Your order is confirmed on https://company.com,0
KYC pending for Amazon. Update immediately at https://gift-claim.org/whod6zez,1
Your order is confirmed on https://company.com,0
Your Flipkart account is locked. Verify now: http://pay-now.in/zj1slwt8,1
Your order is confirmed on https://irctc.co.in,0
Monthly statement available at https://irctc.co.in,0
Your order is confirmed on https://irctc.co.in,0
Monthly statement available at https://company.com,0
Your HDFC account is locked. Verify now: http://trackparcel.in/ra7j8toe,1
Visit our official site for updates: https://amazon.in,0
Courier fee ₹49 pending. Pay now: http://verify-login.net/t5iuntjr,1
Payment failed. Retry here: http://verify-login.net/nkyn5jpl,1
You won a reward from WhatsApp! Claim: https://pay-now.in/2a7dxalt,1
Visit our official site for updates: https://microsoft.com,0
Visit our official site for updates: https://amazon.in,0
Your order is confirmed on https://company.com,0
Your order is confirmed on https://company.com,0
Your order is confirmed on https://google.com,0
Courier fee ₹49 pending. Pay now: http://secure-update.co/pmocjdh5,1
Payment failed. Retry here: http://secure-update.co/1y2zztpn,1
Class notice posted at https://google.com,0
Monthly statement available at https://microsoft.com,0
Your order is confirmed on https://amazon.in,0
You won a reward from Flipkart! Claim: https://trackparcel.in/jrvcfvze,1
Payment failed. Retry here: http://secure-update.co/3cb3u89u,1
Payment failed. Retry here: http://pay-now.in/tha95m9d,1
Your order is confirmed on https://college.edu,0
Class notice posted at https://irctc.co.in,0
Visit our official site for updates: https://google.com,0
Class notice posted at https://company.com,0
Visit our official site for updates: https://company.com,0
Visit our official site for updates: https://microsoft.com,0
KYC pending for Paytm. Update immediately at https://pay-now.in/nv5i15ap,1
Visit our official site for updates: https://company.com,0
KYC pending for Google. Update immediately at https://gift-claim.org/jdijvxcy,1
KYC pending for Google. Update immediately at https://verify-login.net/z1ntzicv,1
Your order is confirmed on https://college.edu,0
Courier fee ₹49 pending. Pay now: http://pay-now.in/opzxkvcy,1
Visit our official site for updates: https://college.edu,0
Your order is confirmed on https://company.com,0
Payment failed. Retry here: http://gift-claim.org/yt000y5a,1
KYC pending for HDFC. Update immediately at https://verify-login.net/11shfz0i,1
Payment failed. Retry here: http://secure-update.co/tz437ffn,1
Class notice posted at https://college.edu,0
Monthly statement available at https://microsoft.com,0
Your order is confirmed on https://company.com,0
You won a reward from Netflix! Claim: https://secure-update.co/46nwmred,1
Visit our official site for updates: https://google.com,0
Courier fee ₹49 pending. Pay now: http://secure-update.co/kj09yyye,1
Monthly statement available at https://college.edu,0
Visit our official site for updates: https://company.com,0
Courier fee ₹49 pending. Pay now: http://pay-now.in/0so6onaq,1
Class notice posted at https://microsoft.com,0
Monthly statement available at https://college.edu,0
Meeting link shared on portal. See https://irctc.co.in,0
Courier fee ₹49 pending. Pay now: http://account-check.net/8k8m5k8k,1
Class notice posted at https://irctc.co.in,0
Class notice posted at https://amazon.in,0
Your order is confirmed on https://google.com,0
Visit our official site for updates: https://college.edu,0
Monthly statement available at https://google.com,0
Monthly statement available at https://amazon.in,0
Meeting link shared on portal. See https://irctc.co.in,0
Class notice posted at https://microsoft.com,0
You won a reward from SBI! Claim: https://verify-login.net/rdegulwb,1
Your SBI account is locked. Verify now: http://pay-now.in/azr1nkk3,1
Courier fee ₹49 pending. Pay now: http://secure-update.co/q2pg0fvf,1
Visit our official site for updates: https://amazon.in,0
Monthly statement available at https://google.com,0
Visit our official site for updates: https://irctc.co.in,0
KYC pending for Google. Update immediately at https://secure-update.co/6qrq4hjg,1
Your order is confirmed on https://microsoft.com,0
KYC pending for Microsoft. Update immediately at https://verify-login.net/voqfohta,1
Meeting link shared on portal. See https://college.edu,0
Class notice posted at https://college.edu,0
Monthly statement available at https://college.edu,0
Monthly statement available at https://company.com,0
Meeting link shared on portal. See https://google.com,0
Courier fee ₹49 pending. Pay now: http://verify-login.net/87hqzv1u,1
Class notice posted at https://microsoft.com,0
Your order is confirmed on https://google.com,0
Your Google account is locked. Verify now: http://account-check.net/1mnmj8fq,1
Meeting link shared on portal. See https://irctc.co.in,0
KYC pending for ICICI. Update immediately at https://verify-login.net/k76z8g53,1
Courier fee ₹49 pending. Pay now: http://pay-now.in/d8gjxuh9,1
Courier fee ₹49 pending. Pay now: http://account-check.net/qvew2e9c,1
Your WhatsApp account is locked. Verify now: http://account-check.net/77wtrqw6,1
Payment failed. Retry here: http://account-check.net/6zo4c70w,1
Your SBI account is locked. Verify now: http://secure-update.co/zf6qssji,1
Visit our official site for updates: https://microsoft.com,0
Your Paytm account is locked. Verify now: http://account-check.net/lvtglibi,1
KYC pending for SBI. Update immediately at https://pay-now.in/ko2rda4k,1
You won a reward from Flipkart! Claim: https://pay-now.in/mkrysv6r,1
KYC pending for Netflix. Update immediately at https://secure-update.co/oo98j5lx,1
KYC pending for Netflix. Update immediately at https://trackparcel.in/i15plcsw,1
Courier fee ₹49 pending. Pay now: http://secure-update.co/sc2xnuvn,1
Courier fee ₹49 pending. Pay now: http://trackparcel.in/aizaqbnt,1
Visit our official site for updates: https://microsoft.com,0
KYC pending for ICICI. Update immediately at https://trackparcel.in/09fismk7,1
Visit our official site for updates: https://company.com,0
Your order is confirmed on https://irctc.co.in,0
KYC pending for Netflix. Update immediately at https://pay-now.in/up3rzuiq,1
Payment failed. Retry here: http://verify-login.net/qwooq7t7,1
Monthly statement available at https://irctc.co.in,0
Payment failed. Retry here: http://verify-login.net/o6olvrx5,1
Your order is confirmed on https://microsoft.com,0
You won a reward from ICICI! Claim: https://gift-claim.org/0lx6cq1k,1
Courier fee ₹49 pending. Pay now: http://gift-claim.org/01u5h94z,1
Payment failed. Retry here: http://account-check.net/yl6p66th,1
Class notice posted at https://company.com,0
KYC pending for Microsoft. Update immediately at https://verify-login.net/fdd4vbml,1
Your SBI account is locked. Verify now: http://pay-now.in/f5xxok9k,1
Class notice posted at https://amazon.in,0
You won a reward from Paytm! Claim: https://pay-now.in/a45dflnr,1
KYC pending for SBI. Update immediately at https://secure-update.co/qp6qd7im,1
Payment failed. Retry here: http://trackparcel.in/0xn4udip,1
Your order is confirmed on https://google.com,0
KYC pending for HDFC. Update immediately at https://verify-login.net/mgh8uwii,1
Class notice posted at https://google.com,0
KYC pending for ICICI. Update immediately at https://secure-update.co/bn7ia3j6,1
KYC pending for Flipkart. Update immediately at https://gift-claim.org/3tkfppph,1
Monthly statement available at https://google.com,0
KYC pending for SBI. Update immediately at https://verify-login.net/jsccxdk0,1
Payment failed. Retry here: http://secure-update.co/7nznqekd,1
You won a reward from WhatsApp! Claim: https://trackparcel.in/q1gjd36w,1
Your Flipkart account is locked. Verify now: http://pay-now.in/uje5id4n,1
Monthly statement available at https://irctc.co.in,0
Courier fee ₹49 pending. Pay now: http://trackparcel.in/8sh2wx83,1
Class notice posted at https://microsoft.com,0
Meeting link shared on portal. See https://college.edu,0
Your order is confirmed on https://college.edu,0
Your order is confirmed on https://google.com,0
Payment failed. Retry here: http://pay-now.in/gv7m7x33,1
Your SBI account is locked. Verify now: http://pay-now.in/35hns3kk,1
You won a reward from WhatsApp! Claim: https://verify-login.net/nrsk53p9,1
Your WhatsApp account is locked. Verify now: http://gift-claim.org/a1j2ln2k,1
Visit our official site for updates: https://company.com,0
Meeting link shared on portal. See https://company.com,0
Visit our official site for updates: https://irctc.co.in,0
Monthly statement available at https://college.edu,0
Visit our official site for updates: https://google.com,0
Courier fee ₹49 pending. Pay now: http://verify-login.net/se2xqiqk,1
Your order is confirmed on https://google.com,0
Monthly statement available at https://irctc.co.in,0
Visit our official site for updates: https://irctc.co.in,0
Your order is confirmed on https://amazon.in,0
Class notice posted at https://google.com,0
Class notice posted at https://microsoft.com,0
Your order is confirmed on https://irctc.co.in,0
You won a reward from Amazon! Claim: https://pay-now.in/i0x2q29l,1
Courier fee ₹49 pending. Pay now: http://verify-login.net/qetrkfia,1
Visit our official site for updates: https://college.edu,0
Visit our official site for updates: https://amazon.in,0
KYC pending for Flipkart. Update immediately at https://trackparcel.in/qlpxgjsu,1
Monthly statement available at https://microsoft.com,0
KYC pending for HDFC. Update immediately at https://trackparcel.in/l38eyans,1
Meeting link shared on portal. See https://google.com,0
Monthly statement available at https://company.com,0
Payment failed. Retry here: http://pay-now.in/5ezqqrxx,1
KYC pending for Paytm. Update immediately at https://gift-claim.org/v71h9xh8,1
Meeting link shared on portal. See https://company.com,0
Payment failed. Retry here: http://gift-claim.org/ppbxozg6,1
You won a reward from Google! Claim: https://account-check.net/botqgoba,1
Your ICICI account is locked. Verify now: http://secure-update.co/1axp7mkp,1
Meeting link shared on portal. See https://irctc.co.in,0
Class notice posted at https://college.edu,0
Your order is confirmed on https://amazon.in,0
Monthly statement available at https://google.com,0
KYC pending for Paytm. Update immediately at https://trackparcel.in/xypfpnno,1
Payment failed. Retry here: http://account-check.net/1e438oty,1
Courier fee ₹49 pending. Pay now: http://trackparcel.in/k2izjmxf,1
Your ICICI account is locked. Verify now: http://account-check.net/c1s1qotd,1
Meeting link shared on portal. See https://irctc.co.in,0
Monthly statement available at https://company.com,0
Your order is confirmed on https://college.edu,0
Your order is confirmed on https://amazon.in,0
Courier fee ₹49 pending. Pay now: http://gift-claim.org/bb67ju9g,1
KYC pending for Netflix. Update immediately at https://account-check.net/1hsxljvm,1
Class notice posted at https://google.com,0
Class notice posted at https://company.com,0
Monthly statement available at https://irctc.co.in,0
Courier fee ₹49 pending. Pay now: http://trackparcel.in/lad28tmr,1
Courier fee ₹49 pending. Pay now: http://gift-claim.org/43cu52bb,1
Courier fee ₹49 pending. Pay now: http://gift-claim.org/o4rhaha7,1
Your Paytm account is locked. Verify now: http://account-check.net/3mhgk5gz,1
Payment failed. Retry here: http://secure-update.co/2j33a8o4,1
Class notice posted at https://college.edu,0
Your Netflix account is locked. Verify now: http://verify-login.net/mly4qkod,1
Class notice posted at https://company.com,0
Payment failed. Retry here: http://pay-now.in/luiq1wtn,1
Payment failed. Retry here: http://trackparcel.in/zal6o3vm,1
Class notice posted at https://college.edu,0
Your WhatsApp account is locked. Verify now: http://secure-update.co/m6hmhxqq,1
You won a reward from Microsoft! Claim: https://secure-update.co/imwxl70l,1
Visit our official site for updates: https://google.com,0
Visit our official site for updates: https://microsoft.com,0
Meeting link shared on portal. See https://microsoft.com,0
You won a reward from Flipkart! Claim: https://trackparcel.in/1bxk2ys9,1
You won a reward from ICICI! Claim: https://secure-update.co/aj1out75,1
KYC pending for ICICI. Update immediately at https://pay-now.in/smn6bypo,1
You won a reward from Microsoft! Claim: https://trackparcel.in/nu5dvau0,1
Meeting link shared on portal. See https://microsoft.com,0
You won a reward from Paytm! Claim: https://trackparcel.in/0edmpr6v,1
Your HDFC account is locked. Verify now: http://trackparcel.in/4qgvfdoc,1
KYC pending for WhatsApp. Update immediately at https://trackparcel.in/p6nu5qpk,1
Courier fee ₹49 pending. Pay now: http://account-check.net/loioae96,1
Meeting link shared on portal. See https://company.com,0
You won a reward from Flipkart! Claim: https://pay-now.in/7lgo7mlg,1
Payment failed. Retry here: http://verify-login.net/ggm278p8,1
Meeting link shared on portal. See https://college.edu,0
Your order is confirmed on https://microsoft.com,0
KYC pending for SBI. Update immediately at https://trackparcel.in/v5ojt1wc,1
You won a reward from Google! Claim: https://verify-login.net/radt1752,1
Your SBI account is locked. Verify now: http://gift-claim.org/xz9eub4f,1
Meeting link shared on portal. See https://college.edu,0
KYC pending for HDFC. Update immediately at https://verify-login.net/y0s458gl,1
Your order is confirmed on https://amazon.in,0
Class notice posted at https://college.edu,0
Your order is confirmed on https://irctc.co.in,0
Courier fee ₹49 pending. Pay now: http://secure-update.co/c1mu7mrl,1
KYC pending for HDFC. Update immediately at https://pay-now.in/tbtjyzj3,1
Payment failed. Retry here: http://pay-now.in/pgeagia6,1
Monthly statement available at https://irctc.co.in,0
Payment failed. Retry here: http://pay-now.in/h03yr7ds,1
Class notice posted at https://amazon.in,0
Meeting link shared on portal. See https://irctc.co.in,0
Monthly statement available at https://college.edu,0
Your SBI account is locked. Verify now: http://secure-update.co/qou8bntm,1
Class notice posted at https://google.com,0
You won a reward from WhatsApp! Claim: https://gift-claim.org/20ixs1kx,1
Meeting link shared on portal. See https://amazon.in,0
Class notice posted at https://college.edu,0
Monthly statement available at https://company.com,0
Your Netflix account is locked. Verify now: http://trackparcel.in/43uagg41,1
Meeting link shared on portal. See https://college.edu,0
Your order is confirmed on https://company.com,0
Monthly statement available at https://amazon.in,0
Monthly statement available at https://amazon.in,0
Monthly statement available at https://microsoft.com,0
Your order is confirmed on https://irctc.co.in,0
Visit our official site for updates: https://google.com,0
Payment failed. Retry here: http://secure-update.co/mtq76ic7,1
Courier fee ₹49 pending. Pay now: http://gift-claim.org/xszfa5v2,1
Your order is confirmed on https://amazon.in,0
Class notice posted at https://amazon.in,0
Payment failed. Retry here: http://account-check.net/0rd0r6f2,1
Payment failed. Retry here: http://pay-now.in/zpy0d6us,1
Courier fee ₹49 pending. Pay now: http://gift-claim.org/w20t5hyf,1
You won a reward from Amazon! Claim: https://gift-claim.org/7lb23stp,1
Class notice posted at https://google.com,0
Courier fee ₹49 pending. Pay now: http://pay-now.in/tfs92v2u,1
Your order is confirmed on https://amazon.in,0
Your order is confirmed on https://college.edu,0
Visit our official site for updates: https://irctc.co.in,0
You won a reward from ICICI! Claim: https://pay-now.in/m2zzrki8,1
Your order is confirmed on https://amazon.in,0
Courier fee ₹49 pending. Pay now: http://secure-update.co/of92o7ei,1
Visit our official site for updates: https://amazon.in,0
Courier fee ₹49 pending. Pay now: http://secure-update.co/xtra8yb5,1
Visit our official site for updates: https://google.com,0
Payment failed. Retry here: http://secure-update.co/unadvvqd,1
You won a reward from HDFC! Claim: https://trackparcel.in/238o8027,1
Courier fee ₹49 pending. Pay now: http://pay-now.in/87mgmtv2,1
Visit our official site for updates: https://microsoft.com,0
Your Microsoft account is locked. Verify now: http://account-check.net/q2um87py,1
You won a reward from HDFC! Claim: https://secure-update.co/pywyp4u8,1
You won a reward from HDFC! Claim: https://account-check.net/0matalis,1
Payment failed. Retry here: http://pay-now.in/5okb2z80,1
You won a reward from ICICI! Claim: https://account-check.net/96oywr0x,1
Meeting link shared on portal. See https://irctc.co.in,0
Class notice posted at https://company.com,0
Courier fee ₹49 pending. Pay now: http://verify-login.net/sf087gjf,1
Payment failed. Retry here: http://account-check.net/uofb51dm,1
KYC pending for SBI. Update immediately at https://gift-claim.org/0y5a17sy,1
Monthly statement available at https://amazon.in,0
Your order is confirmed on https://microsoft.com,0
KYC pending for WhatsApp. Update immediately at https://verify-login.net/ysqd17d5,1
Payment failed. Retry here: http://account-check.net/iq8cvizo,1
Class notice posted at https://google.com,0
KYC pending for HDFC. Update immediately at https://pay-now.in/g680ktrt,1
Class notice posted at https://google.com,0
Payment failed. Retry here: http://account-check.net/ycnv83mi,1
Your WhatsApp account is locked. Verify now: http://verify-login.net/4tgihjfr,1
Your order is confirmed on https://college.edu,0
Meeting link shared on portal. See https://google.com,0
Class notice posted at https://microsoft.com,0
Payment failed. Retry here: http://pay-now.in/85sjzgmj,1
Payment failed. Retry here: http://trackparcel.in/uyoafwcm,1
Visit our official site for updates: https://college.edu,0
Meeting link shared on portal. See https://microsoft.com,0
Your Google account is locked. Verify now: http://secure-update.co/smpxp9si,1
You won a reward from SBI! Claim: https://gift-claim.org/11eb8dd7,1
Visit our official site for updates: https://company.com,0
Class notice posted at https://amazon.in,0
Class notice posted at https://irctc.co.in,0
Monthly statement available at https://microsoft.com,0
Class notice posted at https://google.com,0
Monthly statement available at https://amazon.in,0
Courier fee ₹49 pending. Pay now: http://pay-now.in/plnhde67,1
Class notice posted at https://company.com,0
Payment failed. Retry here: http://secure-update.co/i9cpghgm,1
Class notice posted at https://college.edu,0
Payment failed. Retry here: http://account-check.net/czyt7kw4,1
Monthly statement available at https://irctc.co.in,0
Payment failed. Retry here: http://verify-login.net/thw10lbn,1
Class notice posted at https://college.edu,0
Monthly statement available at https://google.com,0
Your order is confirmed on https://college.edu,0
Monthly statement available at https://irctc.co.in,0
Monthly statement available at https://company.com,0
Payment failed. Retry here: http://gift-claim.org/tgmxws3r,1
Your Google account is locked. Verify now: http://verify-login.net/rq64sl8b,1
Your order is confirmed on https://college.edu,0
Meeting link shared on portal. See https://google.com,0
KYC pending for HDFC. Update immediately at https://pay-now.in/trmbhaki,1
Your SBI account is locked. Verify now: http://gift-claim.org/71pxpqr6,1
Your order is confirmed on https://amazon.in,0
Meeting link shared on portal. See https://amazon.in,0
Visit our official site for updates: https://college.edu,0
Monthly statement available at https://college.edu,0
You won a reward from Google! Claim: https://trackparcel.in/2oqkezmp,1
KYC pending for ICICI. Update immediately at https://verify-login.net/secxsnho,1
Courier fee ₹49 pending. Pay now: http://trackparcel.in/udkz5b72,1
Your Netflix account is locked. Verify now: http://verify-login.net/vzzm1s8k,1
Monthly statement available at https://amazon.in,0
You won a reward from Netflix! Claim: https://verify-login.net/ol89jlg8,1
Your order is confirmed on https://microsoft.com,0
You won a reward from Amazon! Claim: https://trackparcel.in/r2sqdwfc,1
Your Paytm account is locked. Verify now: http://pay-now.in/6ac737i7,1
Visit our official site for updates: https://company.com,0
Meeting link shared on portal. See https://irctc.co.in,0
Class notice posted at https://amazon.in,0
Class notice posted at https://microsoft.com,0
Class notice posted at https://google.com,0
Your order is confirmed on https://company.com,0
Payment failed. Retry here: http://account-check.net/yennmrmz,1
Visit our official site for updates: https://college.edu,0
You won a reward from Paytm! Claim: https://gift-claim.org/r9rz29vd,1
Class notice posted at https://irctc.co.in,0
Your order is confirmed on https://google.com,0
Payment failed. Retry here: http://pay-now.in/g06xjvo9,1
KYC pending for HDFC. Update immediately at https://secure-update.co/vfmdh75f,1
Your order is confirmed on https://google.com,0
Your order is confirmed on https://company.com,0
Courier fee ₹49 pending. Pay now: http://pay-now.in/yhu0pvfc,1
Monthly statement available at https://microsoft.com,0
Visit our official site for updates: https://amazon.in,0
You won a reward from HDFC! Claim: https://secure-update.co/zr28ssjw,1
Class notice posted at https://company.com,0
Meeting link shared on portal. See https://amazon.in,0
Your Netflix account is locked. Verify now: http://gift-claim.org/nvh8zndi,1
Your Paytm account is locked. Verify now: http://pay-now.in/bkc4gpgx,1
You won a reward from SBI! Claim: https://verify-login.net/lz6z0b1o,1
Visit our official site for updates: https://amazon.in,0
Courier fee ₹49 pending. Pay now: http://account-check.net/8cbmye72,1
KYC pending for Microsoft. Update immediately at https://account-check.net/caa2deeu,1
Meeting link shared on portal. See https://college.edu,0
Payment failed. Retry here: http://secure-update.co/zzu3ituf,1
You won a reward from WhatsApp! Claim: https://pay-now.in/2i362pnz,1
Visit our official site for updates: https://irctc.co.in,0
You won a reward from Microsoft! Claim: https://secure-update.co/pb4bqwvl,1
Monthly statement available at https://amazon.in,0
Class notice posted at https://microsoft.com,0
Visit our official site for updates: https://irctc.co.in,0
KYC pending for ICICI. Update immediately at https://trackparcel.in/4sj3ldyn,1
KYC pending for Flipkart. Update immediately at https://account-check.net/iv958sms,1
Your order is confirmed on https://company.com,0
Meeting link shared on portal. See https://irctc.co.in,0
Monthly statement available at https://college.edu,0
Class notice posted at https://microsoft.com,0
KYC pending for Amazon. Update immediately at https://gift-claim.org/d412gam0,1
Courier fee ₹49 pending. Pay now: http://account-check.net/vr9nktl1,1
Visit our official site for updates: https://irctc.co.in,0
Your HDFC account is locked. Verify now: http://trackparcel.in/zdvzgrfx,1
Payment failed. Retry here: http://account-check.net/2gi9ee2c,1
Courier fee ₹49 pending. Pay now: http://account-check.net/0oyo35ho,1
Monthly statement available at https://college.edu,0
Your order is confirmed on https://irctc.co.in,0
Meeting link shared on portal. See https://microsoft.com,0
Payment failed. Retry here: http://trackparcel.in/g96zb1hi,1
Visit our official site for updates: https://google.com,0
Courier fee ₹49 pending. Pay now: http://pay-now.in/7i3fafi5,1
Your HDFC account is locked. Verify now: http://secure-update.co/wddn9xro,1
Your order is confirmed on https://microsoft.com,0
Meeting link shared on portal. See https://irctc.co.in,0
Monthly statement available at https://microsoft.com,0
Your WhatsApp account is locked. Verify now: http://secure-update.co/p1nfysxg,1
Visit our official site for updates: https://microsoft.com,0
KYC pending for ICICI. Update immediately at https://secure-update.co/e5v70qe0,1
Payment failed. Retry here: http://secure-update.co/ayg9uyfp,1
You won a reward from ICICI! Claim: https://verify-login.net/hhq1vj4h,1
Your Microsoft account is locked. Verify now: http://secure-update.co/gwxgus2a,1
Visit our official site for updates: https://google.com,0
Your Microsoft account is locked. Verify now: http://pay-now.in/5q28p1mk,1
Meeting link shared on portal. See https://google.com,0
Class notice posted at https://google.com,0
Monthly statement available at https://college.edu,0
Your Paytm account is locked. Verify now: http://trackparcel.in/p0i15r60,1
Monthly statement available at https://college.edu,0
Your order is confirmed on https://google.com,0
Payment failed. Retry here: http://verify-login.net/gy5f8cmx,1
Payment failed. Retry here: http://pay-now.in/jc8zqw5u,1
You won a reward from Microsoft! Claim: https://account-check.net/qo53zdp4,1
Monthly statement available at https://amazon.in,0
Your order is confirmed on https://company.com,0
Monthly statement available at https://irctc.co.in,0
Payment failed. Retry here: http://secure-update.co/npo4lal0,1
Meeting link shared on portal. See https://college.edu,0
Your Paytm account is locked. Verify now: http://account-check.net/rcihacvi,1
You won a reward from Paytm! Claim: https://gift-claim.org/oofv3bcf,1
KYC pending for Google. Update immediately at https://trackparcel.in/6trk8gvr,1
Courier fee ₹49 pending. Pay now: http://account-check.net/30cvwgi5,1
Courier fee ₹49 pending. Pay now: http://account-check.net/gxkud0mn,1
Your WhatsApp account is locked. Verify now: http://gift-claim.org/z5jdfl5c,1
Visit our official site for updates: https://company.com,0
Payment failed. Retry here: http://gift-claim.org/86gclbiz,1
Courier fee ₹49 pending. Pay now: http://trackparcel.in/cwtu9a7g,1
You won a reward from Flipkart! Claim: https://pay-now.in/xl8s4tv2,1
Payment failed. Retry here: http://gift-claim.org/m6zhw2ch,1
Your Amazon account is locked. Verify now: http://gift-claim.org/y9963pzw,1
You won a reward from Paytm! Claim: https://account-check.net/g9jmryhs,1
Class notice posted at https://google.com,0
Payment failed. Retry here: http://trackparcel.in/9pgbn9hw,1
Visit our official site for updates: https://google.com,0
Payment failed. Retry here: http://verify-login.net/wc2jgw8r,1
Monthly statement available at https://google.com,0
Visit our official site for updates: https://microsoft.com,0
Monthly statement available at https://college.edu,0
You won a reward from Amazon! Claim: https://secure-update.co/lzn2v3b2,1
Payment failed. Retry here: http://account-check.net/8iasr3xu,1
Monthly statement available at https://microsoft.com,0
KYC pending for ICICI. Update immediately at https://verify-login.net/5rzhgd16,1
Monthly statement available at https://google.com,0
Payment failed. Retry here: http://gift-claim.org/9hh0dloy,1
You won a reward from Microsoft! Claim: https://verify-login.net/y3czt0le,1
Payment failed. Retry here: http://trackparcel.in/4vm93ql2,1
Class notice posted at https://irctc.co.in,0
You won a reward from ICICI! Claim: https://pay-now.in/ak6nre8a,1
Meeting link shared on portal. See https://college.edu,0
Your Microsoft account is locked. Verify now: http://secure-update.co/d8cmdaga,1
Monthly statement available at https://amazon.in,0
Monthly statement available at https://irctc.co.in,0
KYC pending for WhatsApp. Update immediately at https://trackparcel.in/wvi0vrtr,1
Your order is confirmed on https://irctc.co.in,0
Your order is confirmed on https://company.com,0
You won a reward from Microsoft! Claim: https://gift-claim.org/hpdv8aj9,1
Your Microsoft account is locked. Verify now: http://pay-now.in/md88xiym,1
Courier fee ₹49 pending. Pay now: http://gift-claim.org/g8rpd7ps,1
Meeting link shared on portal. See https://amazon.in,0
Class notice posted at https://amazon.in,0
Courier fee ₹49 pending. Pay now: http://account-check.net/szkkt37p,1
Your order is confirmed on https://microsoft.com,0
Class notice posted at https://company.com,0
Payment failed. Retry here: http://pay-now.in/rxzxch86,1
Your order is confirmed on https://microsoft.com,0
Payment failed. Retry here: http://account-check.net/b8wk1cof,1
Visit our official site for updates: https://irctc.co.in,0
Your SBI account is locked. Verify now: http://gift-claim.org/5tqs6q54,1
Your SBI account is locked. Verify now: http://secure-update.co/gbs0phiw,1
You won a reward from Flipkart! Claim: https://verify-login.net/9u1zeo9l,1
Your Google account is locked. Verify now: http://account-check.net/2orylu5v,1
Courier fee ₹49 pending. Pay now: http://gift-claim.org/wz2mbwag,1
KYC pending for WhatsApp. Update immediately at https://secure-update.co/qpb6poa5,1
Visit our official site for updates: https://irctc.co.in,0
Monthly statement available at https://college.edu,0
Meeting link shared on portal. See https://college.edu,0
Your order is confirmed on https://google.com,0
KYC pending for Microsoft. Update immediately at https://trackparcel.in/8yeatn2a,1
Monthly statement available at https://company.com,0
Monthly statement available at https://college.edu,0
Class notice posted at https://irctc.co.in,0
Your Flipkart account is locked. Verify now: http://pay-now.in/gozd8whu,1
KYC pending for Paytm. Update immediately at https://account-check.net/26a4bnm2,1
Meeting link shared on portal. See https://college.edu,0
KYC pending for SBI. Update immediately at https://account-check.net/eit60c9z,1
Meeting link shared on portal. See https://company.com,0
Your Google account is locked. Verify now: http://secure-update.co/olyttbyg,1
Your SBI account is locked. Verify now: http://pay-now.in/ek4h6jyz,1
Visit our official site for updates: https://amazon.in,0
Visit our official site for updates: https://microsoft.com,0
Your Flipkart account is locked. Verify now: http://pay-now.in/wydcgm4m,1
Your order is confirmed on https://irctc.co.in,0
Payment failed. Retry here: http://gift-claim.org/8ps238mr,1
Payment failed. Retry here: http://account-check.net/v2sc5bsu,1
Class notice posted at https://company.com,0
Monthly statement available at https://college.edu,0
You won a reward from ICICI! Claim: https://verify-login.net/kyon7buh,1
Meeting link shared on portal. See https://college.edu,0
Visit our official site for updates: https://company.com,0
Visit our official site for updates: https://company.com,0
KYC pending for HDFC. Update immediately at https://trackparcel.in/toy22mlm,1
Your order is confirmed on https://company.com,0
Class notice posted at https://company.com,0
Meeting link shared on portal. See https://irctc.co.in,0
Payment failed. Retry here: http://verify-login.net/ubymeate,1
Your order is confirmed on https://college.edu,0
Your Paytm account is locked. Verify now: http://verify-login.net/z1izwnky,1
Your ICICI account is locked. Verify now: http://verify-login.net/kl59f7wa,1
Class notice posted at https://company.com,0
Monthly statement available at https://college.edu,0
Visit our official site for updates: https://irctc.co.in,0
Payment failed. Retry here: http://account-check.net/1m201zh4,1
Courier fee ₹49 pending. Pay now: http://account-check.net/ak8c12rn,1
Payment failed. Retry here: http://gift-claim.org/xr6izoj0,1
Courier fee ₹49 pending. Pay now: http://secure-update.co/mcl3teja,1
You won a reward from SBI! Claim: https://verify-login.net/367fyr02,1
You won a reward from WhatsApp! Claim: https://account-check.net/3vcc3cxi,1
Your order is confirmed on https://company.com,0
Visit our official site for updates: https://microsoft.com,0
Visit our official site for updates: https://google.com,0
Payment failed. Retry here: http://account-check.net/j721y0jz,1
Your Flipkart account is locked. Verify now: http://verify-login.net/30yvf9yz,1
Meeting link shared on portal. See https://company.com,0
Courier fee ₹49 pending. Pay now: http://pay-now.in/230i1dlx,1
Payment failed. Retry here: http://account-check.net/fj0k91kz,1
You won a reward from WhatsApp! Claim: https://trackparcel.in/3nm0nyq9,1
Class notice posted at https://microsoft.com,0
Meeting link shared on portal. See https://google.com,0
Meeting link shared on portal. See https://college.edu,0
KYC pending for SBI. Update immediately at https://trackparcel.in/lu0lz819,1
Meeting link shared on portal. See https://company.com,0
Your order is confirmed on https://microsoft.com,0
Payment failed. Retry here: http://pay-now.in/9aumcq2u,1
Your HDFC account is locked. Verify now: http://gift-claim.org/aaydnew2,1
Payment failed. Retry here: http://trackparcel.in/pv7wjc63,1
Monthly statement available at https://amazon.in,0
Your order is confirmed on https://microsoft.com,0
Your order is confirmed on https://amazon.in,0
Meeting link shared on portal. See https://microsoft.com,0
Visit our official site for updates: https://amazon.in,0
You won a reward from Flipkart! Claim: https://gift-claim.org/2598o0jd,1
Visit our official site for updates: https://google.com,0
Visit our official site for updates: https://irctc.co.in,0
Payment failed. Retry here: http://secure-update.co/puvcyqnk,1
Visit our official site for updates: https://microsoft.com,0
Your Netflix account is locked. Verify now: http://gift-claim.org/u4dgjoc3,1
Your order is confirmed on https://irctc.co.in,0
KYC pending for Paytm. Update immediately at https://verify-login.net/ckvqxfdj,1
Payment failed. Retry here: http://secure-update.co/2ijpbouw,1
Your order is confirmed on https://google.com,0
You won a reward from Netflix! Claim: https://secure-update.co/wx7j9bb0,1
Your Flipkart account is locked. Verify now: http://trackparcel.in/xgj1p4wj,1
KYC pending for SBI. Update immediately at https://secure-update.co/xhysq1vw,1
Class notice posted at https://company.com,0
Your Flipkart account is locked. Verify now: http://account-check.net/cw5lfj71,1
Your order is confirmed on https://college.edu,0
Your Netflix account is locked. Verify now: http://secure-update.co/qu2kmj70,1
KYC pending for SBI. Update immediately at https://trackparcel.in/gdj35oah,1
Payment failed. Retry here: http://pay-now.in/u0g049vx,1
Courier fee ₹49 pending. Pay now: http://account-check.net/6axzsvpn,1
Your SBI account is locked. Verify now: http://gift-claim.org/ndez6xgz,1
Your order is confirmed on https://amazon.in,0
Class notice posted at https://amazon.in,0
You won a reward from Netflix! Claim: https://pay-now.in/ht8lnxj3,1
Monthly statement available at https://microsoft.com,0
Your SBI account is locked. Verify now: http://gift-claim.org/amjgpcm1,1
Courier fee ₹49 pending. Pay now: http://pay-now.in/az3gmpz9,1
Your order is confirmed on https://college.edu,0
You won a reward from Microsoft! Claim: https://trackparcel.in/df3z0o4s,1
You won a reward from Netflix! Claim: https://secure-update.co/421dcx9n,1
Your Paytm account is locked. Verify now: http://gift-claim.org/cz2rsxd1,1
Class notice posted at https://amazon.in,0
Your order is confirmed on https://college.edu,0
Payment failed. Retry here: http://account-check.net/hfis26tt,1
Visit our official site for updates: https://microsoft.com,0
Visit our official site for updates: https://amazon.in,0
Payment failed. Retry here: http://pay-now.in/o5riqx49,1
Your Netflix account is locked. Verify now: http://verify-login.net/hm34jla9,1
Your Microsoft account is locked. Verify now: http://pay-now.in/eivqnyu8,1
KYC pending for Amazon. Update immediately at https://secure-update.co/n3sc08ii,1
Meeting link shared on portal. See https://google.com,0
Monthly statement available at https://google.com,0
Courier fee ₹49 pending. Pay now: http://gift-claim.org/p42rhlto,1
Your order is confirmed on https://amazon.in,0
Your Google account is locked. Verify now: http://secure-update.co/9lytqxkp,1
Meeting link shared on portal. See https://irctc.co.in,0
Payment failed. Retry here: http://pay-now.in/o2e7wlnv,1
KYC pending for Google. Update immediately at https://verify-login.net/79ti0tyz,1
Visit our official site for updates: https://microsoft.com,0
Courier fee ₹49 pending. Pay now: http://trackparcel.in/xxnlfhyf,1
Class notice posted at https://irctc.co.in,0
Payment failed. Retry here: http://gift-claim.org/laox7s65,1
Your Microsoft account is locked. Verify now: http://account-check.net/nwia9zrq,1
Meeting link shared on portal. See https://irctc.co.in,0
You won a reward from Flipkart! Claim: https://pay-now.in/1xfr2iqr,1
You won a reward from WhatsApp! Claim: https://pay-now.in/msbyb3ni,1
Payment failed. Retry here: http://gift-claim.org/yf7j2c07,1
KYC pending for Google. Update immediately at https://secure-update.co/okq7sw1w,1
Payment failed. Retry here: http://account-check.net/8qyi2mup,1
Courier fee ₹49 pending. Pay now: http://verify-login.net/ax4jp22b,1
Payment failed. Retry here: http://trackparcel.in/70due66t,1
Your order is confirmed on https://google.com,0
Monthly statement available at https://company.com,0
Class notice posted at https://irctc.co.in,0
Monthly statement available at https://company.com,0
You won a reward from Paytm! Claim: https://account-check.net/yv5fzx41,1
Your order is confirmed on https://microsoft.com,0
Class notice posted at https://college.edu,0
Monthly statement available at https://irctc.co.in,0
Visit our official site for updates: https://irctc.co.in,0
Visit our official site for updates: https://google.com,0
You won a reward from Google! Claim: https://verify-login.net/y3eat5nl,1
Courier fee ₹49 pending. Pay now: http://gift-claim.org/iu5xuit1,1
Visit our official site for updates: https://irctc.co.in,0
Meeting link shared on portal. See https://amazon.in,0
You won a reward from Netflix! Claim: https://secure-update.co/0colye93,1
Meeting link shared on portal. See https://amazon.in,0
Class notice posted at https://amazon.in,0
Visit our official site for updates: https://college.edu,0
Payment failed. Retry here: http://trackparcel.in/33hkkigz,1
KYC pending for Microsoft. Update immediately at https://secure-update.co/gd538vjw,1
Monthly statement available at https://microsoft.com,0
Visit our official site for updates: https://google.com,0
Your Google account is locked. Verify now: http://gift-claim.org/btc2rvo6,1
Your Microsoft account is locked. Verify now: http://verify-login.net/7shgfojw,1
KYC pending for Amazon. Update immediately at https://trackparcel.in/9vcq4vyt,1
Payment failed. Retry here: http://trackparcel.in/rztq08dp,1
Monthly statement available at https://amazon.in,0
Monthly statement available at https://company.com,0
KYC pending for Paytm. Update immediately at https://account-check.net/ydtcqsec,1
Monthly statement available at https://google.com,0
Class notice posted at https://college.edu,0
Your Paytm account is locked. Verify now: http://trackparcel.in/geddz8ma,1
Class notice posted at https://microsoft.com,0
Meeting link shared on portal. See https://company.com,0
Visit our official site for updates: https://college.edu,0
Your Microsoft account is locked. Verify now: http://trackparcel.in/si35tmj8,1
Your Flipkart account is locked. Verify now: http://verify-login.net/1smwxpfk,1
Class notice posted at https://company.com,0
You won a reward from WhatsApp! Claim: https://secure-update.co/3hxb60qp,1
Payment failed. Retry here: http://pay-now.in/140y571e,1
Meeting link shared on portal. See https://company.com,0
KYC pending for Amazon. Update immediately at https://secure-update.co/5q6uxfqu,1
Courier fee ₹49 pending. Pay now: http://account-check.net/wl4ji5bg,1
Your order is confirmed on https://microsoft.com,0
Class notice posted at https://company.com,0
You won a reward from WhatsApp! Claim: https://account-check.net/k9mzlbtr,1
KYC pending for Paytm. Update immediately at https://secure-update.co/ci02scha,1
You won a reward from WhatsApp! Claim: https://secure-update.co/474iqs8m,1
You won a reward from Flipkart! Claim: https://verify-login.net/0vislxfo,1
Class notice posted at https://irctc.co.in,0
KYC pending for SBI. Update immediately at https://account-check.net/f8i47bcl,1
Visit our official site for updates: https://company.com,0
Your Google account is locked. Verify now: http://trackparcel.in/h3p37ihx,1
Payment failed. Retry here: http://secure-update.co/9wgjhcmd,1
KYC pending for ICICI. Update immediately at https://verify-login.net/4s7yzu6m,1
You won a reward from SBI! Claim: https://trackparcel.in/1qwzf7rc,1
Class notice posted at https://irctc.co.in,0
KYC pending for ICICI. Update immediately at https://pay-now.in/k2zthakm,1
Your order is confirmed on https://google.com,0
You won a reward from WhatsApp! Claim: https://gift-claim.org/af0lbq3y,1
Your order is confirmed on https://college.edu,0
KYC pending for ICICI. Update immediately at https://pay-now.in/oq28dgre,1
KYC pending for Paytm. Update immediately at https://verify-login.net/q31nwkjw,1
Your ICICI account is locked. Verify now: http://gift-claim.org/8dg86tkx,1
You won a reward from Google! Claim: https://secure-update.co/hgxpp2u6,1
You won a reward from WhatsApp! Claim: https://gift-claim.org/nfl0shn0,1
Visit our official site for updates: https://company.com,0
Meeting link shared on portal. See https://irctc.co.in,0
KYC pending for Microsoft. Update immediately at https://account-check.net/4pt4t0tg,1
Your Amazon account is locked. Verify now: http://pay-now.in/l7p87oak,1
Meeting link shared on portal. See https://google.com,0
You won a reward from ICICI! Claim: https://secure-update.co/ng21fq74,1
KYC pending for HDFC. Update immediately at https://trackparcel.in/46ilylnc,1
Class notice posted at https://college.edu,0
KYC pending for Netflix. Update immediately at https://verify-login.net/ar68xaqw,1
Visit our official site for updates: https://amazon.in,0
KYC pending for Paytm. Update immediately at https://secure-update.co/67xfovxk,1
Class notice posted at https://irctc.co.in,0
Meeting link shared on portal. See https://irctc.co.in,0
You won a reward from Paytm! Claim: https://verify-login.net/y1kqdzlz,1
Your Netflix account is locked. Verify now: http://account-check.net/me3o40c4,1
Your order is confirmed on https://college.edu,0
Your Amazon account is locked. Verify now: http://gift-claim.org/be4h6166,1
Visit our official site for updates: https://irctc.co.in,0
Your Flipkart account is locked. Verify now: http://verify-login.net/k09uejy2,1
Meeting link shared on portal. See https://google.com,0
You won a reward from SBI! Claim: https://gift-claim.org/z5rvxu0a,1
Monthly statement available at https://amazon.in,0
Your order is confirmed on https://google.com,0
Courier fee ₹49 pending. Pay now: http://secure-update.co/h63pka6y,1
Monthly statement available at https://amazon.in,0
Your order is confirmed on https://college.edu,0
Payment failed. Retry here: http://pay-now.in/uuih15mg,1
Meeting link shared on portal. See https://google.com,0
Class notice posted at https://microsoft.com,0
You won a reward from SBI! Claim: https://gift-claim.org/dht9p6v0,1
Class notice posted at https://amazon.in,0
Courier fee ₹49 pending. Pay now: http://secure-update.co/5pq1tcfj,1
Your Flipkart account is locked. Verify now: http://verify-login.net/ymbny29o,1
Payment failed. Retry here: http://trackparcel.in/2enh3ssu,1
Meeting link shared on portal. See https://company.com,0
Your order is confirmed on https://amazon.in,0
Courier fee ₹49 pending. Pay now: http://verify-login.net/7doattkg,1
Visit our official site for updates: https://amazon.in,0
Your Google account is locked. Verify now: http://verify-login.net/l5306wsu,1
Visit our official site for updates: https://microsoft.com,0
You won a reward from WhatsApp! Claim: https://secure-update.co/63pwxlm6,1
KYC pending for WhatsApp. Update immediately at https://gift-claim.org/xfzzooru,1
Your order is confirmed on https://irctc.co.in,0
Monthly statement available at https://amazon.in,0
KYC pending for Microsoft. Update immediately at https://account-check.net/3dy2shea,1
Your order is confirmed on https://amazon.in,0
KYC pending for WhatsApp. Update immediately at https://secure-update.co/huy4ceji,1
Payment failed. Retry here: http://trackparcel.in/bxzes81j,1
Visit our official site for updates: https://irctc.co.in,0
You won a reward from Amazon! Claim: https://account-check.net/a5bwmu60,1
Monthly statement available at https://microsoft.com,0
Meeting link shared on portal. See https://irctc.co.in,0
Courier fee ₹49 pending. Pay now: http://pay-now.in/hau30uzu,1
You won a reward from Paytm! Claim: https://pay-now.in/fzuu5bsb,1
Courier fee ₹49 pending. Pay now: http://trackparcel.in/horg3ifz,1
You won a reward from Flipkart! Claim: https://trackparcel.in/8u4maefe,1
Your order is confirmed on https://amazon.in,0
Courier fee ₹49 pending. Pay now: http://account-check.net/61tvaqtu,1
Payment failed. Retry here: http://pay-now.in/ma7q4ewc,1
Class notice posted at https://college.edu,0
Courier fee ₹49 pending. Pay now: http://trackparcel.in/qd0fn5jj,1
Courier fee ₹49 pending. Pay now: http://secure-update.co/zywykslv,1
Courier fee ₹49 pending. Pay now: http://verify-login.net/oql552q0,1
Visit our official site for updates: https://google.com,0
KYC pending for HDFC. Update immediately at https://trackparcel.in/5yhz9784,1
You won a reward from HDFC! Claim: https://trackparcel.in/xc2skmue,1
Meeting link shared on portal. See https://amazon.in,0
KYC pending for Google. Update immediately at https://pay-now.in/am73odio,1
Visit our official site for updates: https://microsoft.com,0
You won a reward from ICICI! Claim: https://pay-now.in/t1km87d3,1
Monthly statement available at https://irctc.co.in,0
Meeting link shared on portal. See https://amazon.in,0
Class notice posted at https://irctc.co.in,0
Your Netflix account is locked. Verify now: http://account-check.net/pwilhweb,1
Your Netflix account is locked. Verify now: http://pay-now.in/664sc1xt,1
Payment failed. Retry here: http://verify-login.net/s9om2xyg,1
Visit our official site for updates: https://microsoft.com,0
You won a reward from Paytm! Claim: https://gift-claim.org/rjobk45p,1
Class notice posted at https://google.com,0
Your order is confirmed on https://microsoft.com,0
Meeting link shared on portal. See https://microsoft.com,0
You won a reward from Microsoft! Claim: https://verify-login.net/9hzt0gxe,1
Meeting link shared on portal. See https://amazon.in,0
Monthly statement available at https://microsoft.com,0
KYC pending for HDFC. Update immediately at https://verify-login.net/5rpaisza,1
KYC pending for Microsoft. Update immediately at https://gift-claim.org/cmjb7esu,1
Payment failed. Retry here: http://gift-claim.org/0iuqviv9,1
Visit our official site for updates: https://amazon.in,0
Meeting link shared on portal. See https://google.com,0
KYC pending for Paytm. Update immediately at https://secure-update.co/67heftwl,1
Meeting link shared on portal. See https://google.com,0
Visit our official site for updates: https://college.edu,0
Class notice posted at https://college.edu,0
Monthly statement available at https://college.edu,0
Courier fee ₹49 pending. Pay now: http://trackparcel.in/mwzc8nar,1
Monthly statement available at https://google.com,0
You won a reward from Paytm! Claim: https://verify-login.net/4t5k3rrw,1
Class notice posted at https://company.com,0
KYC pending for Microsoft. Update immediately at https://gift-claim.org/64jaqmk2,1
Payment failed. Retry here: http://trackparcel.in/0p840jr8,1
Payment failed. Retry here: http://trackparcel.in/vutj5lc8,1
Your order is confirmed on https://microsoft.com,0
Monthly statement available at https://microsoft.com,0
Courier fee ₹49 pending. Pay now: http://account-check.net/7fwai62q,1
Meeting link shared on portal. See https://amazon.in,0
Your order is confirmed on https://google.com,0
Class notice posted at https://company.com,0
Courier fee ₹49 pending. Pay now: http://verify-login.net/c5wysv96,1
Your order is confirmed on https://college.edu,0
Payment failed. Retry here: http://secure-update.co/iyqbocan,1
Payment failed. Retry here: http://secure-update.co/2qw14tjm,1
Courier fee ₹49 pending. Pay now: http://secure-update.co/0fq7t234,1
Class notice posted at https://google.com,0
Your Paytm account is locked. Verify now: http://account-check.net/twqdq00t,1
Monthly statement available at https://company.com,0
Payment failed. Retry here: http://gift-claim.org/rvojmiq5,1
Your Amazon account is locked. Verify now: http://verify-login.net/wf6k9tfi,1
Your Paytm account is locked. Verify now: http://gift-claim.org/s21ee1c7,1
Courier fee ₹49 pending. Pay now: http://verify-login.net/taj4ldy6,1
Visit our official site for updates: https://microsoft.com,0
You won a reward from Amazon! Claim: https://secure-update.co/im567anp,1
Meeting link shared on portal. See https://microsoft.com,0
Meeting link shared on portal. See https://microsoft.com,0
Class notice posted at https://google.com,0
You won a reward from WhatsApp! Claim: https://verify-login.net/9mnkxha7,1
Courier fee ₹49 pending. Pay now: http://pay-now.in/fnwcvyh5,1
Monthly statement available at https://irctc.co.in,0
Your WhatsApp account is locked. Verify now: http://gift-claim.org/ba0hmmk7,1
Monthly statement available at https://microsoft.com,0
KYC pending for ICICI. Update immediately at https://gift-claim.org/4y39tihm,1
Your Microsoft account is locked. Verify now: http://pay-now.in/g9x60bee,1
Class notice posted at https://company.com,0
Visit our official site for updates: https://google.com,0
Your order is confirmed on https://microsoft.com,0
Class notice posted at https://amazon.in,0
Monthly statement available at https://amazon.in,0
Your Paytm account is locked. Verify now: http://trackparcel.in/ifyfrwrx,1
You won a reward from Paytm! Claim: https://account-check.net/g9lwl573,1
KYC pending for Microsoft. Update immediately at https://pay-now.in/jdllecn5,1
Class notice posted at https://amazon.in,0
Visit our official site for updates: https://amazon.in,0
Payment failed. Retry here: http://verify-login.net/fpbqcc9o,1
Your order is confirmed on https://irctc.co.in,0
You won a reward from Flipkart! Claim: https://secure-update.co/sqcbd3v6,1
Your ICICI account is locked. Verify now: http://pay-now.in/if3v6ywi,1
Meeting link shared on portal. See https://google.com,0
Monthly statement available at https://microsoft.com,0
Class notice posted at https://company.com,0
Meeting link shared on portal. See https://company.com,0
Meeting link shared on portal. See https://company.com,0
KYC pending for Google. Update immediately at https://trackparcel.in/iprkvy94,1
Your Google account is locked. Verify now: http://trackparcel.in/jhjua7a8,1
Class notice posted at https://college.edu,0
Monthly statement available at https://irctc.co.in,0
Monthly statement available at https://amazon.in,0
Your order is confirmed on https://irctc.co.in,0
You won a reward from WhatsApp! Claim: https://pay-now.in/vslap61d,1
Your order is confirmed on https://google.com,0
Your HDFC account is locked. Verify now: http://gift-claim.org/9izrtrn3,1
Visit our official site for updates: https://college.edu,0
Monthly statement available at https://college.edu,0
Meeting link shared on portal. See https://microsoft.com,0
Meeting link shared on portal. See https://microsoft.com,0
Monthly statement available at https://irctc.co.in,0
Monthly statement available at https://company.com,0
KYC pending for Google. Update immediately at https://trackparcel.in/ggqc26h8,1
KYC pending for Google. Update immediately at https://verify-login.net/zdyirsc7,1
You won a reward from ICICI! Claim: https://pay-now.in/zv2iu1u8,1
Visit our official site for updates: https://google.com,0
Your Microsoft account is locked. Verify now: http://gift-claim.org/9c0plx6s,1
Payment failed. Retry here: http://account-check.net/r4qzw19f,1
Your ICICI account is locked. Verify now: http://secure-update.co/fh38bo4l,1
You won a reward from WhatsApp! Claim: https://verify-login.net/jfth4cz2,1
You won a reward from Microsoft! Claim: https://account-check.net/q93irazr,1
Courier fee ₹49 pending. Pay now: http://account-check.net/z1zn4dyz,1
Visit our official site for updates: https://amazon.in,0
Your order is confirmed on https://irctc.co.in,0
Meeting link shared on portal. See https://company.com,0
Monthly statement available at https://company.com,0
Class notice posted at https://microsoft.com,0
Courier fee ₹49 pending. Pay now: http://pay-now.in/ks3gp90d,1
Payment failed. Retry here: http://secure-update.co/97cy5k19,1
KYC pending for WhatsApp. Update immediately at https://trackparcel.in/o0rtjz36,1
Monthly statement available at https://college.edu,0
Class notice posted at https://irctc.co.in,0
Your order is confirmed on https://college.edu,0
Monthly statement available at https://microsoft.com,0
Courier fee ₹49 pending. Pay now: http://verify-login.net/yhfbc59p,1
KYC pending for Flipkart. Update immediately at https://secure-update.co/4u6zcbum,1
Your Microsoft account is locked. Verify now: http://trackparcel.in/kefxa66a,1
Meeting link shared on portal. See https://google.com,0
Courier fee ₹49 pending. Pay now: http://verify-login.net/nvgkgzp4,1
Courier fee ₹49 pending. Pay now: http://gift-claim.org/5u1qr21f,1
Your order is confirmed on https://irctc.co.in,0
Payment failed. Retry here: http://gift-claim.org/a0ni44ew,1
Class notice posted at https://irctc.co.in,0
KYC pending for HDFC. Update immediately at https://trackparcel.in/soxzksi2,1
Your order is confirmed on https://company.com,0
Payment failed. Retry here: http://trackparcel.in/uvjxwjqz,1
Visit our official site for updates: https://amazon.in,0
Payment failed. Retry here: http://verify-login.net/myrc1kkj,1
KYC pending for WhatsApp. Update immediately at https://gift-claim.org/nzm6z09w,1
Your Google account is locked. Verify now: http://secure-update.co/123k2qsn,1
Class notice posted at https://google.com,0
KYC pending for Amazon. Update immediately at https://trackparcel.in/w30irclp,1
KYC pending for WhatsApp. Update immediately at https://pay-now.in/d26zvd1p,1
Payment failed. Retry here: http://trackparcel.in/3qpm780v,1
Your Amazon account is locked. Verify now: http://verify-login.net/8vjf8i82,1
Your order is confirmed on https://irctc.co.in,0
Meeting link shared on portal. See https://irctc.co.in,0
You won a reward from WhatsApp! Claim: https://gift-claim.org/0y1quc8p,1
KYC pending for SBI. Update immediately at https://pay-now.in/z888j7p9,1
Payment failed. Retry here: http://pay-now.in/4vr96ce8,1
Payment failed. Retry here: http://secure-update.co/omm4vt5w,1
Courier fee ₹49 pending. Pay now: http://verify-login.net/0qqcowj6,1
Meeting link shared on portal. See https://google.com,0
Payment failed. Retry here: http://secure-update.co/dya4s4qj,1
Class notice posted at https://google.com,0
Class notice posted at https://company.com,0
Visit our official site for updates: https://amazon.in,0
You won a reward from SBI! Claim: https://account-check.net/e9zn0ynu,1
Meeting link shared on portal. See https://microsoft.com,0
Payment failed. Retry here: http://account-check.net/2vh5xve8,1
Your SBI account is locked. Verify now: http://trackparcel.in/fchhsuco,1
Monthly statement available at https://company.com,0
Your order is confirmed on https://irctc.co.in,0
You won a reward from Netflix! Claim: https://pay-now.in/zx9to0h0,1
Courier fee ₹49 pending. Pay now: http://account-check.net/1msyabxt,1
Meeting link shared on portal. See https://amazon.in,0
Class notice posted at https://amazon.in,0
Class notice posted at https://college.edu,0
Courier fee ₹49 pending. Pay now: http://verify-login.net/ss1x9fyy,1
Meeting link shared on portal. See https://microsoft.com,0
Your order is confirmed on https://college.edu,0
You won a reward from Flipkart! Claim: https://trackparcel.in/q4mk3s1q,1
Class notice posted at https://irctc.co.in,0
Meeting link shared on portal. See https://irctc.co.in,0
Your order is confirmed on https://irctc.co.in,0
Monthly statement available at https://company.com,0
Visit our official site for updates: https://irctc.co.in,0
Monthly statement available at https://amazon.in,0
Payment failed. Retry here: http://secure-update.co/lockz0nm,1
KYC pending for SBI. Update immediately at https://trackparcel.in/v6f6m3e0,1
Class notice posted at https://microsoft.com,0
Class notice posted at https://irctc.co.in,0
Visit our official site for updates: https://college.edu,0
Meeting link shared on portal. See https://google.com,0
Monthly statement available at https://irctc.co.in,0
Meeting link shared on portal. See https://google.com,0
KYC pending for ICICI. Update immediately at https://trackparcel.in/vi0zgsyi,1
Visit our official site for updates: https://company.com,0
Class notice posted at https://microsoft.com,0
KYC pending for Google. Update immediately at https://account-check.net/ns832iq3,1
Your order is confirmed on https://google.com,0
Your Microsoft account is locked. Verify now: http://gift-claim.org/gmu33017,1
Your order is confirmed on https://amazon.in,0
Your order is confirmed on https://microsoft.com,0
You won a reward from Google! Claim: https://pay-now.in/4v5oogsb,1
You won a reward from Flipkart! Claim: https://secure-update.co/gmpox6kj,1
Courier fee ₹49 pending. Pay now: http://account-check.net/dlav7dyt,1
Your SBI account is locked. Verify now: http://verify-login.net/gkv4b7xv,1
Your Google account is locked. Verify now: http://account-check.net/uu6j3z7l,1
Payment failed. Retry here: http://pay-now.in/74fsvsnn,1
Your order is confirmed on https://irctc.co.in,0
Monthly statement available at https://company.com,0
You won a reward from Google! Claim: https://account-check.net/lv78epos,1
Your Netflix account is locked. Verify now: http://verify-login.net/p8q4hd5y,1
KYC pending for Flipkart. Update immediately at https://trackparcel.in/sfp9mulc,1
Your Netflix account is locked. Verify now: http://account-check.net/wiu486wz,1
Visit our official site for updates: https://microsoft.com,0
Class notice posted at https://company.com,0
Visit our official site for updates: https://company.com,0
Payment failed. Retry here: http://secure-update.co/7684imd7,1
You won a reward from Google! Claim: https://trackparcel.in/okeyfd0i,1
Your ICICI account is locked. Verify now: http://verify-login.net/m3ujske5,1
Visit our official site for updates: https://irctc.co.in,0
Courier fee ₹49 pending. Pay now: http://account-check.net/pqb7tsua,1
Courier fee ₹49 pending. Pay now: http://verify-login.net/j4go93ky,1
Meeting link shared on portal. See https://google.com,0
Payment failed. Retry here: http://trackparcel.in/fjxwgges,1
Courier fee ₹49 pending. Pay now: http://secure-update.co/dvpzeodg,1
Meeting link shared on portal. See https://irctc.co.in,0
Visit our official site for updates: https://google.com,0
Meeting link shared on portal. See https://google.com,0
Your order is confirmed on https://amazon.in,0
Payment failed. Retry here: http://gift-claim.org/ivf2n6g5,1
Courier fee ₹49 pending. Pay now: http://verify-login.net/i6ln6fwe,1
Payment failed. Retry here: http://account-check.net/n2ooxj5p,1
Class notice posted at https://college.edu,0
Meeting link shared on portal. See https://college.edu,0
KYC pending for Amazon. Update immediately at https://pay-now.in/pnr5m9vo,1
Your Microsoft account is locked. Verify now: http://trackparcel.in/fwqwswkh,1
Class notice posted at https://irctc.co.in,0
Visit our official site for updates: https://irctc.co.in,0
Payment failed. Retry here: http://pay-now.in/x3m0fbjb,1
Your order is confirmed on https://college.edu,0
You won a reward from Microsoft! Claim: https://account-check.net/gh1jy3x7,1
Your Flipkart account is locked. Verify now: http://trackparcel.in/7124x4d0,1
You won a reward from ICICI! Claim: https://verify-login.net/avfpweid,1
Class notice posted at https://microsoft.com,0
Visit our official site for updates: https://microsoft.com,0
Payment failed. Retry here: http://secure-update.co/rs8mmwvi,1
Courier fee ₹49 pending. Pay now: http://gift-claim.org/aua8zpaq,1
Courier fee ₹49 pending. Pay now: http://gift-claim.org/oexdhi3j,1
Monthly statement available at https://microsoft.com,0
Your order is confirmed on https://college.edu,0
Payment failed. Retry here: http://pay-now.in/npx3roab,1
Your WhatsApp account is locked. Verify now: http://pay-now.in/6ifw7uc5,1
You won a reward from Netflix! Claim: https://gift-claim.org/fscsgcjz,1
You won a reward from Paytm! Claim: https://trackparcel.in/qiwod34e,1
Your order is confirmed on https://company.com,0
Your ICICI account is locked. Verify now: http://account-check.net/z0lufpru,1
Your WhatsApp account is locked. Verify now: http://trackparcel.in/krjun0j5,1
Courier fee ₹49 pending. Pay now: http://secure-update.co/29h7fx99,1
Monthly statement available at https://google.com,0
KYC pending for WhatsApp. Update immediately at https://pay-now.in/7z4bzp1p,1
Your order is confirmed on https://amazon.in,0
Class notice posted at https://microsoft.com,0
Your Paytm account is locked. Verify now: http://secure-update.co/l42u47l1,1
Visit our official site for updates: https://amazon.in,0
Meeting link shared on portal. See https://irctc.co.in,0
Visit our official site for updates: https://google.com,0
Payment failed. Retry here: http://account-check.net/qc3uc9oz,1
Courier fee ₹49 pending. Pay now: http://trackparcel.in/kfhxkxko,1
Payment failed. Retry here: http://pay-now.in/0tutc540,1
Payment failed. Retry here: http://pay-now.in/cjao1wzx,1
You won a reward from Flipkart! Claim: https://secure-update.co/swvypet6,1
Courier fee ₹49 pending. Pay now: http://secure-update.co/3gid603c,1
Visit our official site for updates: https://microsoft.com,0
Your order is confirmed on https://company.com,0
Monthly statement available at https://irctc.co.in,0
Your order is confirmed on https://google.com,0
Payment failed. Retry here: http://pay-now.in/m3p8vq40,1
Visit our official site for updates: https://company.com,0
Meeting link shared on portal. See https://company.com,0
Meeting link shared on portal. See https://amazon.in,0
Your order is confirmed on https://google.com,0
Your order is confirmed on https://company.com,0
Payment failed. Retry here: http://trackparcel.in/2e9utipi,1
Your Flipkart account is locked. Verify now: http://account-check.net/prhu1sp7,1
Courier fee ₹49 pending. Pay now: http://secure-update.co/bm90l8zp,1
You won a reward from HDFC! Claim: https://trackparcel.in/rabnyrei,1
You won a reward from Netflix! Claim: https://trackparcel.in/yagywvt7,1
Monthly statement available at https://google.com,0
Courier fee ₹49 pending. Pay now: http://account-check.net/e6nv9byy,1
Your ICICI account is locked. Verify now: http://pay-now.in/cyubsp9d,1
Class notice posted at https://irctc.co.in,0
Visit our official site for updates: https://college.edu,0
Payment failed. Retry here: http://trackparcel.in/unbis3wh,1
Class notice posted at https://amazon.in,0
Courier fee ₹49 pending. Pay now: http://gift-claim.org/6axzrvqa,1
Payment failed. Retry here: http://pay-now.in/gjxbjz6l,1
Monthly statement available at https://company.com,0
Visit our official site for updates: https://amazon.in,0
You won a reward from Paytm! Claim: https://trackparcel.in/3z3lcx2u,1
Payment failed. Retry here: http://verify-login.net/yz2ugcg7,1
Your Google account is locked. Verify now: http://gift-claim.org/ueqbz7fm,1
Visit our official site for updates: https://amazon.in,0
KYC pending for Flipkart. Update immediately at https://secure-update.co/9atcoz9x,1
Your order is confirmed on https://college.edu,0
Your order is confirmed on https://microsoft.com,0
Class notice posted at https://microsoft.com,0
Payment failed. Retry here: http://trackparcel.in/t7rsfzt2,1
You won a reward from Flipkart! Claim: https://trackparcel.in/9q6uqzgu,1
Your ICICI account is locked. Verify now: http://gift-claim.org/jntpz5ir,1
Visit our official site for updates: https://company.com,0
Payment failed. Retry here: http://account-check.net/zwvh94cz,1
KYC pending for HDFC. Update immediately at https://pay-now.in/3anuq02o,1
Visit our official site for updates: https://microsoft.com,0
KYC pending for Microsoft. Update immediately at https://account-check.net/no0kxd4n,1
Courier fee ₹49 pending. Pay now: http://trackparcel.in/5rbwgsdh,1
Payment failed. Retry here: http://gift-claim.org/69kzk8nm,1
KYC pending for Google. Update immediately at https://trackparcel.in/4pqz5h6p,1
Monthly statement available at https://microsoft.com,0
Class notice posted at https://amazon.in,0
Your order is confirmed on https://college.edu,0
Meeting link shared on portal. See https://google.com,0
Class notice posted at https://google.com,0
Monthly statement available at https://irctc.co.in,0
Visit our official site for updates: https://microsoft.com,0
Class notice posted at https://microsoft.com,0
Class notice posted at https://college.edu,0
Payment failed. Retry here: http://secure-update.co/nx4g8w3e,1
Meeting link shared on portal. See https://amazon.in,0
Payment failed. Retry here: http://pay-now.in/5hiry95n,1
Monthly statement available at https://google.com,0
Visit our official site for updates: https://irctc.co.in,0
Your Flipkart account is locked. Verify now: http://pay-now.in/60ri6rg7,1
KYC pending for Google. Update immediately at https://gift-claim.org/2yktxgbc,1
Visit our official site for updates: https://company.com,0
Class notice posted at https://irctc.co.in,0
Class notice posted at https://google.com,0
Class notice posted at https://microsoft.com,0
Visit our official site for updates: https://college.edu,0
Monthly statement available at https://college.edu,0
Your order is confirmed on https://google.com,0
Courier fee ₹49 pending. Pay now: http://trackparcel.in/6e5naq7m,1
Courier fee ₹49 pending. Pay now: http://account-check.net/3ai3nwvr,1
Monthly statement available at https://irctc.co.in,0
KYC pending for WhatsApp. Update immediately at https://account-check.net/i4yzf9mq,1
Class notice posted at https://google.com,0
Your order is confirmed on https://microsoft.com,0
Class notice posted at https://college.edu,0
Courier fee ₹49 pending. Pay now: http://trackparcel.in/6rulbsnn,1
Monthly statement available at https://company.com,0
Courier fee ₹49 pending. Pay now: http://secure-update.co/7foul52z,1
KYC pending for Microsoft. Update immediately at https://verify-login.net/au0mfmis,1
Courier fee ₹49 pending. Pay now: http://gift-claim.org/wkll2lku,1
Payment failed. Retry here: http://verify-login.net/8k0p3bw9,1
KYC pending for Amazon. Update immediately at https://trackparcel.in/lxs4sjv1,1
Monthly statement available at https://college.edu,0
Meeting link shared on portal. See https://irctc.co.in,0
Your Google account is locked. Verify now: http://trackparcel.in/cwqxlbgs,1
Courier fee ₹49 pending. Pay now: http://verify-login.net/28lhexdu,1
Monthly statement available at https://irctc.co.in,0
Class notice posted at https://microsoft.com,0
Courier fee ₹49 pending. Pay now: http://pay-now.in/fho2bxv3,1
Courier fee ₹49 pending. Pay now: http://verify-login.net/v5dcg2yo,1
Courier fee ₹49 pending. Pay now: http://secure-update.co/blg8kua5,1
Courier fee ₹49 pending. Pay now: http://account-check.net/t8x5w0dd,1
Payment failed. Retry here: http://account-check.net/3o9fpxmr,1
Your order is confirmed on https://college.edu,0
You won a reward from WhatsApp! Claim: https://pay-now.in/r1ix006s,1
Your HDFC account is locked. Verify now: http://verify-login.net/zs5jo959,1
You won a reward from ICICI! Claim: https://trackparcel.in/kiereqyj,1
Your order is confirmed on https://company.com,0
Class notice posted at https://microsoft.com,0
Visit our official site for updates: https://microsoft.com,0
Visit our official site for updates: https://company.com,0
Payment failed. Retry here: http://pay-now.in/1poatuii,1
Visit our official site for updates: https://college.edu,0
Your Netflix account is locked. Verify now: http://trackparcel.in/fcoldy2z,1
You won a reward from Netflix! Claim: https://secure-update.co/ez5otahd,1
KYC pending for Microsoft. Update immediately at https://secure-update.co/ms6a50gu,1
You won a reward from ICICI! Claim: https://verify-login.net/piuat3ry,1
Your order is confirmed on https://irctc.co.in,0
Payment failed. Retry here: http://gift-claim.org/tk08u7io,1
Monthly statement available at https://college.edu,0
Your Amazon account is locked. Verify now: http://account-check.net/jet00pgg,1
Meeting link shared on portal. See https://microsoft.com,0
You won a reward from HDFC! Claim: https://secure-update.co/fd138ozr,1
Your order is confirmed on https://microsoft.com,0
You won a reward from Netflix! Claim: https://gift-claim.org/c88h7nrs,1
Payment failed. Retry here: http://trackparcel.in/768v1ek1,1
Payment failed. Retry here: http://account-check.net/2eyip3f8,1
Visit our official site for updates: https://college.edu,0
Payment failed. Retry here: http://secure-update.co/r2com2a6,1
Visit our official site for updates: https://amazon.in,0
KYC pending for Paytm. Update immediately at https://gift-claim.org/nia2phg7,1
Courier fee ₹49 pending. Pay now: http://verify-login.net/34h1zzjl,1
Your Google account is locked. Verify now: http://account-check.net/dneepq34,1
Class notice posted at https://microsoft.com,0
Your SBI account is locked. Verify now: http://gift-claim.org/xt88hj2m,1
Meeting link shared on portal. See https://google.com,0
KYC pending for Netflix. Update immediately at https://trackparcel.in/fenj82bc,1
Your order is confirmed on https://google.com,0
Meeting link shared on portal. See https://company.com,0
Monthly statement available at https://college.edu,0
Your WhatsApp account is locked. Verify now: http://gift-claim.org/r5u2pmva,1
Visit our official site for updates: https://amazon.in,0
Meeting link shared on portal. See https://irctc.co.in,0
Courier fee ₹49 pending. Pay now: http://verify-login.net/2a0y2fem,1
You won a reward from Netflix! Claim: https://secure-update.co/iz652lgs,1
Your order is confirmed on https://irctc.co.in,0
Monthly statement available at https://company.com,0
You won a reward from Microsoft! Claim: https://trackparcel.in/c7qv4rpm,1
You won a reward from Google! Claim: https://gift-claim.org/z44hapr3,1
Payment failed. Retry here: http://secure-update.co/5fsdds5u,1
You won a reward from WhatsApp! Claim: https://trackparcel.in/jlc6npy7,1
Monthly statement available at https://irctc.co.in,0
Class notice posted at https://irctc.co.in,0
KYC pending for ICICI. Update immediately at https://verify-login.net/vv56plsb,1
Your ICICI account is locked. Verify now: http://secure-update.co/2m35w6km,1
Meeting link shared on portal. See https://irctc.co.in,0
Class notice posted at https://microsoft.com,0
Class notice posted at https://college.edu,0
KYC pending for Flipkart. Update immediately at https://trackparcel.in/k5y32gr7,1
Meeting link shared on portal. See https://college.edu,0
Courier fee ₹49 pending. Pay now: http://trackparcel.in/l33lba0x,1
You won a reward from WhatsApp! Claim: https://trackparcel.in/w0d7i2je,1
Courier fee ₹49 pending. Pay now: http://account-check.net/v0c8r142,1
Courier fee ₹49 pending. Pay now: http://verify-login.net/xwrmiafq,1
Visit our official site for updates: https://college.edu,0
You won a reward from HDFC! Claim: https://pay-now.in/ynm6n8rq,1
Your order is confirmed on https://google.com,0
Your Microsoft account is locked. Verify now: http://account-check.net/71cujlqp,1
Courier fee ₹49 pending. Pay now: http://pay-now.in/qo7mo0tj,1
KYC pending for WhatsApp. Update immediately at https://gift-claim.org/voytu74q,1
Your order is confirmed on https://google.com,0
Courier fee ₹49 pending. Pay now: http://trackparcel.in/qglbvv3h,1
Monthly statement available at https://irctc.co.in,0
You won a reward from Netflix! Claim: https://gift-claim.org/oe437a3m,1
KYC pending for WhatsApp. Update immediately at https://account-check.net/9rx880gj,1
Your order is confirmed on https://google.com,0
Class notice posted at https://microsoft.com,0
You won a reward from WhatsApp! Claim: https://account-check.net/hfffjm55,1
Payment failed. Retry here: http://verify-login.net/u1x8da9s,1
Payment failed. Retry here: http://secure-update.co/9x1vrd1i,1
Monthly statement available at https://college.edu,0
Monthly statement available at https://company.com,0
Visit our official site for updates: https://company.com,0
Class notice posted at https://microsoft.com,0
Monthly statement available at https://college.edu,0
Monthly statement available at https://amazon.in,0
Your ICICI account is locked. Verify now: http://pay-now.in/h2pp4rhz,1
Monthly statement available at https://irctc.co.in,0
Monthly statement available at https://irctc.co.in,0
Class notice posted at https://company.com,0
Courier fee ₹49 pending. Pay now: http://verify-login.net/aih9xjui,1
Visit our official site for updates: https://college.edu,0
KYC pending for Google. Update immediately at https://account-check.net/7m3p2yg8,1
Class notice posted at https://college.edu,0
Meeting link shared on portal. See https://google.com,0
Class notice posted at https://microsoft.com,0
Your Google account is locked. Verify now: http://pay-now.in/mn6ql7jo,1
Class notice posted at https://company.com,0
Payment failed. Retry here: http://pay-now.in/1fcjoi62,1
You won a reward from Google! Claim: https://gift-claim.org/drh9i410,1
Courier fee ₹49 pending. Pay now: http://pay-now.in/n1gt6hha,1
KYC pending for SBI. Update immediately at https://pay-now.in/vzx78tzi,1
Visit our official site for updates: https://microsoft.com,0
Class notice posted at https://irctc.co.in,0
Your WhatsApp account is locked. Verify now: http://secure-update.co/i24hnrtc,1
Payment failed. Retry here: http://trackparcel.in/gd0d08zw,1
Courier fee ₹49 pending. Pay now: http://pay-now.in/ma0hi7mr,1
Your Paytm account is locked. Verify now: http://verify-login.net/6kunx0sd,1
Payment failed. Retry here: http://pay-now.in/duljy58b,1
You won a reward from Flipkart! Claim: https://pay-now.in/c4eyyzd6,1
Class notice posted at https://college.edu,0
Payment failed. Retry here: http://gift-claim.org/q34e7nfx,1
Payment failed. Retry here: http://trackparcel.in/vq1v50k9,1
Class notice posted at https://microsoft.com,0
Class notice posted at https://microsoft.com,0
Monthly statement available at https://google.com,0
Meeting link shared on portal. See https://college.edu,0
Meeting link shared on portal. See https://irctc.co.in,0
Monthly statement available at https://college.edu,0
Your order is confirmed on https://company.com,0
Courier fee ₹49 pending. Pay now: http://verify-login.net/1yr7uuzu,1
Payment failed. Retry here: http://secure-update.co/f0r97v9y,1
Your Microsoft account is locked. Verify now: http://secure-update.co/fd2g0lzq,1
Your Microsoft account is locked. Verify now: http://secure-update.co/pxo4cvlv,1
Courier fee ₹49 pending. Pay now: http://verify-login.net/5es26kbc,1
Courier fee ₹49 pending. Pay now: http://gift-claim.org/soy5mgjr,1
Monthly statement available at https://amazon.in,0
KYC pending for SBI. Update immediately at https://verify-login.net/iop7je27,1
Visit our official site for updates: https://google.com,0
Payment failed. Retry here: http://pay-now.in/o1z87rd0,1
Class notice posted at https://irctc.co.in,0
Your Netflix account is locked. Verify now: http://account-check.net/3u16e1v4,1
Your order is confirmed on https://college.edu,0
Visit our official site for updates: https://amazon.in,0
You won a reward from Netflix! Claim: https://pay-now.in/3906zraa,1
Your order is confirmed on https://college.edu,0
Class notice posted at https://amazon.in,0
Courier fee ₹49 pending. Pay now: http://account-check.net/w2bh2gh2,1
KYC pending for Paytm. Update immediately at https://secure-update.co/iixj3ost,1
Courier fee ₹49 pending. Pay now: http://verify-login.net/kzu5puj6,1
Your order is confirmed on https://microsoft.com,0
Payment failed. Retry here: http://gift-claim.org/8mjrlc0c,1
Your Paytm account is locked. Verify now: http://trackparcel.in/dcnn4cvm,1
Courier fee ₹49 pending. Pay now: http://pay-now.in/wpmmpm96,1
Courier fee ₹49 pending. Pay now: http://secure-update.co/uiomvr1e,1
Monthly statement available at https://irctc.co.in,0
Your order is confirmed on https://microsoft.com,0
Your Netflix account is locked. Verify now: http://trackparcel.in/hx5s378p,1
Your order is confirmed on https://company.com,0
Courier fee ₹49 pending. Pay now: http://account-check.net/t7w6365m,1
Visit our official site for updates: https://google.com,0
KYC pending for Google. Update immediately at https://trackparcel.in/yg1pc4s9,1
Payment failed. Retry here: http://gift-claim.org/1jnzv4mr,1
You won a reward from Amazon! Claim: https://gift-claim.org/s3tis3di,1
Meeting link shared on portal. See https://google.com,0
Meeting link shared on portal. See https://company.com,0
You won a reward from Amazon! Claim: https://verify-login.net/m7h4rraj,1
Visit our official site for updates: https://google.com,0
Your HDFC account is locked. Verify now: http://trackparcel.in/v26ej63m,1
You won a reward from Microsoft! Claim: https://trackparcel.in/mj6q1x2a,1
Monthly statement available at https://irctc.co.in,0
KYC pending for Netflix. Update immediately at https://trackparcel.in/al8pnvvk,1
Monthly statement available at https://company.com,0
Visit our official site for updates: https://college.edu,0
KYC pending for Netflix. Update immediately at https://verify-login.net/60mhw7vn,1
Courier fee ₹49 pending. Pay now: http://secure-update.co/x4r0v18w,1
Courier fee ₹49 pending. Pay now: http://verify-login.net/ej55qfha,1
Visit our official site for updates: https://irctc.co.in,0
Courier fee ₹49 pending. Pay now: http://account-check.net/ctvp3t80,1
Your Amazon account is locked. Verify now: http://verify-login.net/6dhvo32f,1
Courier fee ₹49 pending. Pay now: http://trackparcel.in/2l6dl53c,1
Your Microsoft account is locked. Verify now: http://trackparcel.in/pc511k8j,1
Visit our official site for updates: https://college.edu,0
Your Microsoft account is locked. Verify now: http://pay-now.in/5tes2f9j,1
Meeting link shared on portal. See https://college.edu,0
Courier fee ₹49 pending. Pay now: http://pay-now.in/3g63o0pd,1
Payment failed. Retry here: http://verify-login.net/bccgrgnn,1
Payment failed. Retry here: http://account-check.net/n3mr5h97,1
Meeting link shared on portal. See https://amazon.in,0
Courier fee ₹49 pending. Pay now: http://account-check.net/0f95o769,1
Your order is confirmed on https://company.com,0
Payment failed. Retry here: http://trackparcel.in/zjke6vw8,1
Meeting link shared on portal. See https://college.edu,0
Payment failed. Retry here: http://gift-claim.org/6an958gz,1
Monthly statement available at https://google.com,0
Payment failed. Retry here: http://account-check.net/87by6jgr,1
Your order is confirmed on https://irctc.co.in,0
KYC pending for SBI. Update immediately at https://gift-claim.org/ffxsx98o,1
Your SBI account is locked. Verify now: http://verify-login.net/n6wfbpuy,1
Monthly statement available at https://google.com,0
KYC pending for Paytm. Update immediately at https://verify-login.net/fw7ljtk4,1
Your Flipkart account is locked. Verify now: http://gift-claim.org/1hdyg2xl,1
Your order is confirmed on https://college.edu,0
Your Paytm account is locked. Verify now: http://gift-claim.org/aqcdyhj0,1
Your order is confirmed on https://google.com,0
Your Amazon account is locked. Verify now: http://pay-now.in/fha9crq4,1
Visit our official site for updates: https://college.edu,0
Visit our official site for updates: https://microsoft.com,0
Courier fee ₹49 pending. Pay now: http://gift-claim.org/3t7wqy8r,1
Monthly statement available at https://irctc.co.in,0
Meeting link shared on portal. See https://college.edu,0
Payment failed. Retry here: http://secure-update.co/p14ut96n,1
Courier fee ₹49 pending. Pay now: http://pay-now.in/i7tcks0c,1
Class notice posted at https://google.com,0
You won a reward from Flipkart! Claim: https://secure-update.co/qe3br5lc,1
Meeting link shared on portal. See https://company.com,0
KYC pending for Amazon. Update immediately at https://verify-login.net/08crg2bq,1
Your order is confirmed on https://microsoft.com,0
Your Flipkart account is locked. Verify now: http://trackparcel.in/krxjxhaf,1
Meeting link shared on portal. See https://company.com,0
KYC pending for WhatsApp. Update immediately at https://pay-now.in/s03f8rl9,1
Meeting link shared on portal. See https://microsoft.com,0
Visit our official site for updates: https://amazon.in,0
Your order is confirmed on https://irctc.co.in,0
Visit our official site for updates: https://google.com,0
Courier fee ₹49 pending. Pay now: http://account-check.net/h1ttzlim,1
You won a reward from Paytm! Claim: https://trackparcel.in/24zkbkv9,1
Visit our official site for updates: https://google.com,0
Your order is confirmed on https://google.com,0
Monthly statement available at https://irctc.co.in,0
Your order is confirmed on https://company.com,0
Visit our official site for updates: https://irctc.co.in,0
Payment failed. Retry here: http://secure-update.co/u110f1k1,1
You won a reward from Amazon! Claim: https://account-check.net/xkiow2u4,1
Payment failed. Retry here: http://trackparcel.in/6oo3yngp,1
Your order is confirmed on https://company.com,0
Your order is confirmed on https://amazon.in,0
Courier fee ₹49 pending. Pay now: http://account-check.net/e1sq9h47,1
KYC pending for ICICI. Update immediately at https://verify-login.net/m38ejrrc,1
Your order is confirmed on https://amazon.in,0
Visit our official site for updates: https://amazon.in,0
Class notice posted at https://college.edu,0
Your order is confirmed on https://amazon.in,0
Your order is confirmed on https://amazon.in,0
Class notice posted at https://irctc.co.in,0
Your order is confirmed on https://microsoft.com,0
Class notice posted at https://amazon.in,0
Your order is confirmed on https://irctc.co.in,0
Payment failed. Retry here: http://account-check.net/grxjil1y,1
Meeting link shared on portal. See https://college.edu,0
Your order is confirmed on https://amazon.in,0
Class notice posted at https://amazon.in,0
Monthly statement available at https://irctc.co.in,0
KYC pending for Flipkart. Update immediately at https://account-check.net/0at9m1ez,1
Your WhatsApp account is locked. Verify now: http://pay-now.in/vgfu9rz4,1
Courier fee ₹49 pending. Pay now: http://account-check.net/lkq97b5r,1
Meeting link shared on portal. See https://irctc.co.in,0
Payment failed. Retry here: http://account-check.net/ypt7g7km,1
Your HDFC account is locked. Verify now: http://trackparcel.in/97eqze87,1
Courier fee ₹49 pending. Pay now: http://secure-update.co/ve83dvns,1
Meeting link shared on portal. See https://google.com,0
You won a reward from Amazon! Claim: https://trackparcel.in/s2efmz8q,1
Class notice posted at https://company.com,0
Class notice posted at https://microsoft.com,0
KYC pending for HDFC. Update immediately at https://trackparcel.in/k1z2iier,1
Class notice posted at https://microsoft.com,0
KYC pending for Flipkart. Update immediately at https://secure-update.co/3s9nw3fk,1
Payment failed. Retry here: http://pay-now.in/ar4ebpnk,1
Visit our official site for updates: https://google.com,0
Monthly statement available at https://microsoft.com,0
Monthly statement available at https://microsoft.com,0
Visit our official site for updates: https://google.com,0
Monthly statement available at https://company.com,0
Your order is confirmed on https://google.com,0
Payment failed. Retry here: http://account-check.net/rmrkdfpy,1
KYC pending for Microsoft. Update immediately at https://pay-now.in/c46305w1,1
KYC pending for SBI. Update immediately at https://gift-claim.org/6t1jr9p2,1
Class notice posted at https://company.com,0
Courier fee ₹49 pending. Pay now: http://trackparcel.in/jx0pay37,1
Payment failed. Retry here: http://account-check.net/yk0d83nj,1
Meeting link shared on portal. See https://college.edu,0
Monthly statement available at https://college.edu,0
Class notice posted at https://company.com,0
Your order is confirmed on https://college.edu,0
Visit our official site for updates: https://college.edu,0
Payment failed. Retry here: http://verify-login.net/kfvzlu2v,1
Class notice posted at https://college.edu,0
Meeting link shared on portal. See https://amazon.in,0
Payment failed. Retry here: http://account-check.net/ypjvc4nv,1
Monthly statement available at https://google.com,0
Your order is confirmed on https://company.com,0
Payment failed. Retry here: http://pay-now.in/v29ycknr,1
You won a reward from ICICI! Claim: https://trackparcel.in/2q40pjpw,1
Your order is confirmed on https://irctc.co.in,0
You won a reward from Microsoft! Claim: https://gift-claim.org/wxjcdc4k,1
Courier fee ₹49 pending. Pay now: http://secure-update.co/rwvvwq8h,1
Courier fee ₹49 pending. Pay now: http://trackparcel.in/ydhafbd8,1
KYC pending for ICICI. Update immediately at https://trackparcel.in/sdsdyg78,1
Your Netflix account is locked. Verify now: http://verify-login.net/w0jld5eo,1
Payment failed. Retry here: http://trackparcel.in/ugu5kigd,1
Your Flipkart account is locked. Verify now: http://verify-login.net/ylc7cam8,1
Your Microsoft account is locked. Verify now: http://secure-update.co/6zvnvqxz,1
Your order is confirmed on https://amazon.in,0
Class notice posted at https://company.com,0
Courier fee ₹49 pending. Pay now: http://pay-now.in/81kqkaxz,1
Class notice posted at https://microsoft.com,0
Visit our official site for updates: https://amazon.in,0
Meeting link shared on portal. See https://company.com,0
Monthly statement available at https://company.com,0
Monthly statement available at https://amazon.in,0
You won a reward from Netflix! Claim: https://verify-login.net/tz3r5yjb,1
Payment failed. Retry here: http://gift-claim.org/70bvmz92,1
KYC pending for ICICI. Update immediately at https://secure-update.co/dyiw7k6e,1
Meeting link shared on portal. See https://irctc.co.in,0
Your order is confirmed on https://irctc.co.in,0
Your Amazon account is locked. Verify now: http://account-check.net/6isl9mgz,1
Visit our official site for updates: https://amazon.in,0
KYC pending for Netflix. Update immediately at https://account-check.net/kulm43j9,1
KYC pending for SBI. Update immediately at https://trackparcel.in/un9hs90v,1
KYC pending for ICICI. Update immediately at https://verify-login.net/vb2epqrj,1
Your order is confirmed on https://irctc.co.in,0
Class notice posted at https://irctc.co.in,0
Courier fee ₹49 pending. Pay now: http://gift-claim.org/r6lrfnpk,1
Your order is confirmed on https://amazon.in,0
Meeting link shared on portal. See https://amazon.in,0
KYC pending for Microsoft. Update immediately at https://account-check.net/dqlshwep,1
Monthly statement available at https://google.com,0
Visit our official site for updates: https://amazon.in,0
KYC pending for Netflix. Update immediately at https://account-check.net/o14w49o1,1
Payment failed. Retry here: http://trackparcel.in/9urpp1cp,1
Your order is confirmed on https://irctc.co.in,0
Courier fee ₹49 pending. Pay now: http://account-check.net/d7mkx3bp,1
KYC pending for Netflix. Update immediately at https://trackparcel.in/obhq5arp,1
Visit our official site for updates: https://irctc.co.in,0
KYC pending for ICICI. Update immediately at https://gift-claim.org/mdtembor,1
Meeting link shared on portal. See https://college.edu,0
Visit our official site for updates: https://irctc.co.in,0
KYC pending for Microsoft. Update immediately at https://verify-login.net/94qvvbgm,1
Courier fee ₹49 pending. Pay now: http://secure-update.co/pmhnbhhb,1
Monthly statement available at https://company.com,0
Meeting link shared on portal. See https://irctc.co.in,0
Meeting link shared on portal. See https://microsoft.com,0
Your HDFC account is locked. Verify now: http://account-check.net/xwgogzxh,1
Monthly statement available at https://company.com,0
Class notice posted at https://irctc.co.in,0
Class notice posted at https://irctc.co.in,0
Visit our official site for updates: https://irctc.co.in,0
Your WhatsApp account is locked. Verify now: http://trackparcel.in/votk5bh4,1
Payment failed. Retry here: http://verify-login.net/tl0oyla2,1
Monthly statement available at https://company.com,0
Payment failed. Retry here: http://secure-update.co/0us5tnna,1
Class notice posted at https://irctc.co.in,0
Class notice posted at https://google.com,0
Your order is confirmed on https://irctc.co.in,0
Class notice posted at https://company.com,0
Your order is confirmed on https://company.com,0
You won a reward from Google! Claim: https://verify-login.net/0k630n4r,1
Payment failed. Retry here: http://secure-update.co/xmekqdwj,1
Courier fee ₹49 pending. Pay now: http://secure-update.co/l5wximw3,1
Your order is confirmed on https://college.edu,0
Your SBI account is locked. Verify now: http://verify-login.net/dhm3pvqw,1
Visit our official site for updates: https://amazon.in,0
Monthly statement available at https://amazon.in,0
Your Netflix account is locked. Verify now: http://trackparcel.in/jfz5y9ld,1
Monthly statement available at https://irctc.co.in,0
Your Netflix account is locked. Verify now: http://verify-login.net/xth8sm19,1
Meeting link shared on portal. See https://amazon.in,0
Your order is confirmed on https://college.edu,0
Payment failed. Retry here: http://verify-login.net/j47gk7hd,1
Monthly statement available at https://company.com,0
Courier fee ₹49 pending. Pay now: http://account-check.net/l9czwq4s,1
Meeting link shared on portal. See https://company.com,0
Payment failed. Retry here: http://pay-now.in/7jjwtfgd,1
Your order is confirmed on https://amazon.in,0
KYC pending for Amazon. Update immediately at https://verify-login.net/9ebmr7f6,1
Visit our official site for updates: https://amazon.in,0
Monthly statement available at https://microsoft.com,0
KYC pending for WhatsApp. Update immediately at https://account-check.net/cddrbg7e,1
Class notice posted at https://google.com,0
KYC pending for SBI. Update immediately at https://verify-login.net/ywwgou8p,1
Visit our official site for updates: https://company.com,0
Monthly statement available at https://google.com,0
Meeting link shared on portal. See https://amazon.in,0
Meeting link shared on portal. See https://college.edu,0
Courier fee ₹49 pending. Pay now: http://pay-now.in/snwzk5g7,1
Monthly statement available at https://college.edu,0
Payment failed. Retry here: http://account-check.net/xvujwazq,1
Visit our official site for updates: https://microsoft.com,0
Monthly statement available at https://company.com,0
Monthly statement available at https://microsoft.com,0
Meeting link shared on portal. See https://irctc.co.in,0
Payment failed. Retry here: http://trackparcel.in/2w5woqg7,1
You won a reward from Netflix! Claim: https://trackparcel.in/n10f8cni,1
Visit our official site for updates: https://microsoft.com,0
Meeting link shared on portal. See https://irctc.co.in,0
Payment failed. Retry here: http://account-check.net/9kcikgq1,1
Payment failed. Retry here: http://gift-claim.org/3ehrjq2x,1
Your order is confirmed on https://google.com,0
KYC pending for Amazon. Update immediately at https://account-check.net/cgo3kjl4,1
Your order is confirmed on https://amazon.in,0
Payment failed. Retry here: http://verify-login.net/qmmte7yv,1
Class notice posted at https://college.edu,0
Your order is confirmed on https://college.edu,0
Monthly statement available at https://microsoft.com,0
Your Paytm account is locked. Verify now: http://account-check.net/if0dglu4,1
Visit our official site for updates: https://amazon.in,0
Meeting link shared on portal. See https://college.edu,0
Your order is confirmed on https://amazon.in,0
Payment failed. Retry here: http://account-check.net/m8xqt76n,1
You won a reward from SBI! Claim: https://verify-login.net/bswejj9l,1
Your ICICI account is locked. Verify now: http://trackparcel.in/hsiwm974,1
Class notice posted at https://microsoft.com,0
Courier fee ₹49 pending. Pay now: http://verify-login.net/ucj0h2im,1
Monthly statement available at https://microsoft.com,0
You won a reward from WhatsApp! Claim: https://verify-login.net/d9ginh3r,1
Class notice posted at https://microsoft.com,0
Class notice posted at https://amazon.in,0
Courier fee ₹49 pending. Pay now: http://verify-login.net/akd15s24,1
Visit our official site for updates: https://amazon.in,0
Courier fee ₹49 pending. Pay now: http://secure-update.co/99tspnex,1
Your Netflix account is locked. Verify now: http://gift-claim.org/rwjj6a4i,1
Courier fee ₹49 pending. Pay now: http://gift-claim.org/ksj31d9q,1
Courier fee ₹49 pending. Pay now: http://account-check.net/0g1sne6p,1
Monthly statement available at https://amazon.in,0
KYC pending for SBI. Update immediately at https://secure-update.co/qw8cmham,1
KYC pending for Flipkart. Update immediately at https://account-check.net/3x04tukd,1
Your order is confirmed on https://microsoft.com,0
You won a reward from Microsoft! Claim: https://pay-now.in/vvjcqtav,1
Meeting link shared on portal. See https://microsoft.com,0
Visit our official site for updates: https://microsoft.com,0
Visit our official site for updates: https://college.edu,0
Meeting link shared on portal. See https://irctc.co.in,0
Your order is confirmed on https://microsoft.com,0
Courier fee ₹49 pending. Pay now: http://account-check.net/j2b8a8at,1
Your WhatsApp account is locked. Verify now: http://gift-claim.org/koaovud9,1
Class notice posted at https://microsoft.com,0
Meeting link shared on portal. See https://google.com,0
Courier fee ₹49 pending. Pay now: http://trackparcel.in/fuqjwrwa,1
Class notice posted at https://amazon.in,0
Courier fee ₹49 pending. Pay now: http://secure-update.co/afpzcjki,1
Payment failed. Retry here: http://trackparcel.in/hp4lfv7f,1
Your order is confirmed on https://amazon.in,0
Your Flipkart account is locked. Verify now: http://trackparcel.in/67mpe7v7,1
Your WhatsApp account is locked. Verify now: http://gift-claim.org/cuj8pj5b,1
Payment failed. Retry here: http://account-check.net/qkitvovu,1
Meeting link shared on portal. See https://college.edu,0
Your ICICI account is locked. Verify now: http://gift-claim.org/qhms2knv,1
Monthly statement available at https://college.edu,0
Visit our official site for updates: https://google.com,0
Class notice posted at https://company.com,0
Meeting link shared on portal. See https://google.com,0
Your order is confirmed on https://company.com,0
Meeting link shared on portal. See https://microsoft.com,0
Your ICICI account is locked. Verify now: http://gift-claim.org/3n0vtsge,1
You won a reward from Microsoft! Claim: https://gift-claim.org/ypro3dui,1
Your order is confirmed on https://amazon.in,0
Your order is confirmed on https://college.edu,0
Courier fee ₹49 pending. Pay now: http://verify-login.net/lcgw1sg6,1
You won a reward from ICICI! Claim: https://pay-now.in/hblwkizs,1
Payment failed. Retry here: http://secure-update.co/fovzy1ki,1
Your Microsoft account is locked. Verify now: http://pay-now.in/07y2zypv,1
Class notice posted at https://microsoft.com,0
Meeting link shared on portal. See https://amazon.in,0
Courier fee ₹49 pending. Pay now: http://account-check.net/kub764b9,1
Courier fee ₹49 pending. Pay now: http://trackparcel.in/ge1zyolb,1
You won a reward from WhatsApp! Claim: https://verify-login.net/pv2sqco4,1
Courier fee ₹49 pending. Pay now: http://trackparcel.in/g42pqp2n,1
Payment failed. Retry here: http://trackparcel.in/5da3cek7,1
Your order is confirmed on https://irctc.co.in,0
Your order is confirmed on https://college.edu,0
Your Paytm account is locked. Verify now: http://secure-update.co/b4wk73g0,1
Your order is confirmed on https://irctc.co.in,0
KYC pending for Google. Update immediately at https://account-check.net/dc3kovnl,1
Class notice posted at https://irctc.co.in,0
Your order is confirmed on https://company.com,0
Monthly statement available at https://college.edu,0
You won a reward from Microsoft! Claim: https://gift-claim.org/jalutq12,1
KYC pending for Paytm. Update immediately at https://verify-login.net/kuowgkpn,1
Meeting link shared on portal. See https://google.com,0
Your order is confirmed on https://google.com,0
Visit our official site for updates: https://college.edu,0
Your WhatsApp account is locked. Verify now: http://verify-login.net/i1qvzp2w,1
Class notice posted at https://college.edu,0
Your SBI account is locked. Verify now: http://gift-claim.org/s9od2iaz,1
Meeting link shared on portal. See https://irctc.co.in,0
Payment failed. Retry here: http://account-check.net/x16g3t3g,1
You won a reward from Flipkart! Claim: https://secure-update.co/vs9e77na,1
Your Microsoft account is locked. Verify now: http://pay-now.in/jzh23rvw,1
Visit our official site for updates: https://college.edu,0
Courier fee ₹49 pending. Pay now: http://secure-update.co/ge0cuzj0,1
Your order is confirmed on https://company.com,0
Your order is confirmed on https://microsoft.com,0
Payment failed. Retry here: http://secure-update.co/k2g1h1ou,1
Your order is confirmed on https://irctc.co.in,0
Payment failed. Retry here: http://trackparcel.in/e1kywale,1
Monthly statement available at https://college.edu,0
Meeting link shared on portal. See https://irctc.co.in,0
You won a reward from Microsoft! Claim: https://account-check.net/yfhcywyo,1
KYC pending for SBI. Update immediately at https://account-check.net/ihj82v0u,1
You won a reward from ICICI! Claim: https://gift-claim.org/wij66uyd,1
Your Netflix account is locked. Verify now: http://secure-update.co/fesoo392,1
Payment failed. Retry here: http://secure-update.co/zzr2u3xy,1
Meeting link shared on portal. See https://irctc.co.in,0
Class notice posted at https://amazon.in,0
Class notice posted at https://company.com,0
KYC pending for Microsoft. Update immediately at https://verify-login.net/p1pck3up,1
Your order is confirmed on https://irctc.co.in,0
Your Amazon account is locked. Verify now: http://pay-now.in/36ahuw9j,1
Courier fee ₹49 pending. Pay now: http://account-check.net/wy7wiwap,1
Meeting link shared on portal. See https://microsoft.com,0
Monthly statement available at https://irctc.co.in,0
Your order is confirmed on https://company.com,0
Meeting link shared on portal. See https://google.com,0
Payment failed. Retry here: http://account-check.net/avzw12ge,1
Class notice posted at https://google.com,0
Meeting link shared on portal. See https://college.edu,0
Your order is confirmed on https://amazon.in,0
Class notice posted at https://google.com,0
Visit our official site for updates: https://college.edu,0
Monthly statement available at https://company.com,0
Courier fee ₹49 pending. Pay now: http://secure-update.co/6uglmvvy,1
You won a reward from Netflix! Claim: https://secure-update.co/tju1ia8v,1
Visit our official site for updates: https://company.com,0
KYC pending for SBI. Update immediately at https://verify-login.net/zcjrwr4r,1
Monthly statement available at https://college.edu,0
KYC pending for Google. Update immediately at https://verify-login.net/9rhrpbj5,1
Payment failed. Retry here: http://account-check.net/iralmjt5,1
Your order is confirmed on https://company.com,0
You won a reward from Flipkart! Claim: https://verify-login.net/su61vzl8,1
Payment failed. Retry here: http://verify-login.net/m9ouplim,1
Payment failed. Retry here: http://verify-login.net/d5bhqkdu,1
Monthly statement available at https://google.com,0
KYC pending for ICICI. Update immediately at https://gift-claim.org/6hr4lpv4,1
Meeting link shared on portal. See https://amazon.in,0
Meeting link shared on portal. See https://irctc.co.in,0
Your WhatsApp account is locked. Verify now: http://secure-update.co/jr45xmpm,1
Visit our official site for updates: https://microsoft.com,0
Your Flipkart account is locked. Verify now: http://secure-update.co/esb005u7,1
You won a reward from Google! Claim: https://trackparcel.in/a9vrijpw,1
KYC pending for Microsoft. Update immediately at https://pay-now.in/t663ozs7,1
Your order is confirmed on https://irctc.co.in,0
Visit our official site for updates: https://company.com,0
Courier fee ₹49 pending. Pay now: http://secure-update.co/ew9kxc1u,1
Visit our official site for updates: https://company.com,0
Visit our official site for updates: https://microsoft.com,0
Your Microsoft account is locked. Verify now: http://account-check.net/pvpkzbqo,1
Monthly statement available at https://company.com,0
Your order is confirmed on https://irctc.co.in,0
Monthly statement available at https://microsoft.com,0
Visit our official site for updates: https://google.com,0
Your Amazon account is locked. Verify now: http://verify-login.net/lp5dt392,1
You won a reward from Flipkart! Claim: https://secure-update.co/ocblce28,1
Visit our official site for updates: https://irctc.co.in,0
Meeting link shared on portal. See https://irctc.co.in,0
Visit our official site for updates: https://amazon.in,0
Visit our official site for updates: https://google.com,0
You won a reward from WhatsApp! Claim: https://gift-claim.org/i4ns7bcs,1
Class notice posted at https://irctc.co.in,0
Your Amazon account is locked. Verify now: http://pay-now.in/wf9nymgr,1
Visit our official site for updates: https://microsoft.com,0
You won a reward from Flipkart! Claim: https://trackparcel.in/xher4p0h,1
Class notice posted at https://amazon.in,0
Courier fee ₹49 pending. Pay now: http://verify-login.net/07g92ajo,1
KYC pending for ICICI. Update immediately at https://account-check.net/k2i29um5,1
Visit our official site for updates: https://google.com,0
Meeting link shared on portal. See https://college.edu,0
KYC pending for ICICI. Update immediately at https://verify-login.net/hx7ec027,1
Your order is confirmed on https://amazon.in,0
Meeting link shared on portal. See https://irctc.co.in,0
Meeting link shared on portal. See https://company.com,0
Monthly statement available at https://google.com,0
You won a reward from Google! Claim: https://account-check.net/nlrqpsei,1
Your order is confirmed on https://irctc.co.in,0
Payment failed. Retry here: http://account-check.net/ad095eur,1
Monthly statement available at https://google.com,0
KYC pending for Flipkart. Update immediately at https://trackparcel.in/5b5x8xkr,1
KYC pending for Netflix. Update immediately at https://trackparcel.in/ncmrrp2n,1
Your order is confirmed on https://amazon.in,0
You won a reward from Netflix! Claim: https://gift-claim.org/13h4mf6i,1
Class notice posted at https://google.com,0
Monthly statement available at https://irctc.co.in,0
Class notice posted at https://college.edu,0
KYC pending for HDFC. Update immediately at https://trackparcel.in/lg0uodkx,1
Meeting link shared on portal. See https://amazon.in,0
Courier fee ₹49 pending. Pay now: http://gift-claim.org/l02i94k1,1
Class notice posted at https://amazon.in,0
Class notice posted at https://google.com,0
Courier fee ₹49 pending. Pay now: http://pay-now.in/p42detct,1
Your order is confirmed on https://microsoft.com,0
Courier fee ₹49 pending. Pay now: http://account-check.net/r82lcaw5,1
Your order is confirmed on https://microsoft.com,0
You won a reward from Paytm! Claim: https://verify-login.net/l5sor1s1,1
Visit our official site for updates: https://company.com,0
Your Paytm account is locked. Verify now: http://gift-claim.org/el57d62q,1
Class notice posted at https://microsoft.com,0
Monthly statement available at https://company.com,0
Your Amazon account is locked. Verify now: http://secure-update.co/z4l5yuzx,1
Visit our official site for updates: https://college.edu,0
Your order is confirmed on https://google.com,0
Meeting link shared on portal. See https://google.com,0
Courier fee ₹49 pending. Pay now: http://secure-update.co/d852zdij,1
Your ICICI account is locked. Verify now: http://pay-now.in/kj6iecu1,1
Your Amazon account is locked. Verify now: http://gift-claim.org/sd9c5fqq,1
Meeting link shared on portal. See https://company.com,0
Meeting link shared on portal. See https://amazon.in,0
Your order is confirmed on https://amazon.in,0
KYC pending for HDFC. Update immediately at https://trackparcel.in/tjtlungf,1
Monthly statement available at https://company.com,0
Your Google account is locked. Verify now: http://account-check.net/d1kd20qt,1
Courier fee ₹49 pending. Pay now: http://gift-claim.org/qodp36kb,1
Visit our official site for updates: https://company.com,0
Your order is confirmed on https://irctc.co.in,0
Visit our official site for updates: https://google.com,0
Class notice posted at https://irctc.co.in,0
Your order is confirmed on https://amazon.in,0
Class notice posted at https://company.com,0
You won a reward from SBI! Claim: https://account-check.net/cmh0c5nz,1
Meeting link shared on portal. See https://college.edu,0
Your Netflix account is locked. Verify now: http://verify-login.net/k43oso7b,1
Your order is confirmed on https://college.edu,0
Class notice posted at https://google.com,0
Your order is confirmed on https://company.com,0
Meeting link shared on portal. See https://google.com,0
Payment failed. Retry here: http://trackparcel.in/gt3w3yj1,1
You won a reward from SBI! Claim: https://trackparcel.in/xz07xy9h,1
Monthly statement available at https://irctc.co.in,0
Meeting link shared on portal. See https://irctc.co.in,0
Payment failed. Retry here: http://trackparcel.in/on5d4bju,1
You won a reward from Amazon! Claim: https://trackparcel.in/v1v5z1it,1
Payment failed. Retry here: http://verify-login.net/otsy4u6a,1
KYC pending for WhatsApp. Update immediately at https://trackparcel.in/s8od60yb,1
You won a reward from Google! Claim: https://trackparcel.in/acoji3c3,1
Your SBI account is locked. Verify now: http://secure-update.co/06iafi30,1
KYC pending for Flipkart. Update immediately at https://account-check.net/n83v8q39,1
Courier fee ₹49 pending. Pay now: http://gift-claim.org/oka7zked,1
Payment failed. Retry here: http://pay-now.in/1h6e9h66,1
Visit our official site for updates: https://company.com,0
KYC pending for WhatsApp. Update immediately at https://verify-login.net/rwoq1dl9,1
You won a reward from SBI! Claim: https://secure-update.co/x6k1601b,1
Payment failed. Retry here: http://trackparcel.in/4by1pwn6,1
Your order is confirmed on https://amazon.in,0
Courier fee ₹49 pending. Pay now: http://pay-now.in/n1ez70z5,1
You won a reward from Amazon! Claim: https://pay-now.in/yejbe68t,1
Payment failed. Retry here: http://secure-update.co/rvau7i7c,1
Your Netflix account is locked. Verify now: http://trackparcel.in/9c0pzihv,1
Payment failed. Retry here: http://secure-update.co/wgari6th,1
KYC pending for Paytm. Update immediately at https://secure-update.co/76q0yr0z,1
Payment failed. Retry here: http://pay-now.in/b7vi260e,1
Payment failed. Retry here: http://trackparcel.in/fjyu89vz,1
Meeting link shared on portal. See https://google.com,0
Your SBI account is locked. Verify now: http://verify-login.net/5hde9y5h,1
Courier fee ₹49 pending. Pay now: http://trackparcel.in/rv0066w8,1
Courier fee ₹49 pending. Pay now: http://verify-login.net/xrcu1mpz,1
Meeting link shared on portal. See https://company.com,0
Class notice posted at https://microsoft.com,0
Class notice posted at https://college.edu,0
Class notice posted at https://college.edu,0
You won a reward from Flipkart! Claim: https://secure-update.co/zke8hxai,1
Payment failed. Retry here: http://pay-now.in/lwslbyaq,1
Monthly statement available at https://microsoft.com,0
Visit our official site for updates: https://company.com,0
Courier fee ₹49 pending. Pay now: http://account-check.net/ckbjnr3p,1
Monthly statement available at https://microsoft.com,0
You won a reward from Flipkart! Claim: https://pay-now.in/74blim64,1
Courier fee ₹49 pending. Pay now: http://secure-update.co/w12d8099,1
Visit our official site for updates: https://microsoft.com,0
Monthly statement available at https://amazon.in,0
KYC pending for Flipkart. Update immediately at https://gift-claim.org/tq5dspmx,1
Payment failed. Retry here: http://secure-update.co/hyf80blm,1
Meeting link shared on portal. See https://google.com,0
Class notice posted at https://college.edu,0
Meeting link shared on portal. See https://google.com,0
Payment failed. Retry here: http://gift-claim.org/v4lo2suu,1
Visit our official site for updates: https://college.edu,0
KYC pending for Microsoft. Update immediately at https://account-check.net/vlvwud3q,1
Payment failed. Retry here: http://secure-update.co/948vqkrj,1
KYC pending for Amazon. Update immediately at https://secure-update.co/lhtt7sam,1
Payment failed. Retry here: http://trackparcel.in/c5fd4dty,1
Your Paytm account is locked. Verify now: http://pay-now.in/1dg15o1p,1
Your order is confirmed on https://company.com,0
Your order is confirmed on https://irctc.co.in,0
Meeting link shared on portal. See https://microsoft.com,0
Payment failed. Retry here: http://secure-update.co/4bfbtaka,1
Your order is confirmed on https://google.com,0
Courier fee ₹49 pending. Pay now: http://secure-update.co/jt6kzsyi,1
You won a reward from Netflix! Claim: https://pay-now.in/xotmhakf,1
Visit our official site for updates: https://microsoft.com,0
Visit our official site for updates: https://amazon.in,0
Meeting link shared on portal. See https://irctc.co.in,0
Courier fee ₹49 pending. Pay now: http://secure-update.co/dwrrdp60,1
Payment failed. Retry here: http://account-check.net/ld4vbocr,1
Visit our official site for updates: https://amazon.in,0
Courier fee ₹49 pending. Pay now: http://account-check.net/y28ztoft,1
Meeting link shared on portal. See https://company.com,0
Meeting link shared on portal. See https://microsoft.com,0
Your Paytm account is locked. Verify now: http://account-check.net/znjidnxz,1
You won a reward from Paytm! Claim: https://trackparcel.in/7s04in7f,1
Courier fee ₹49 pending. Pay now: http://pay-now.in/skx4eptp,1
Meeting link shared on portal. See https://college.edu,0
KYC pending for ICICI. Update immediately at https://pay-now.in/ny9ji8fx,1
You won a reward from ICICI! Claim: https://verify-login.net/380n399k,1
Visit our official site for updates: https://amazon.in,0
You won a reward from ICICI! Claim: https://pay-now.in/0ltg1gga,1
Your order is confirmed on https://google.com,0
Monthly statement available at https://microsoft.com,0
Meeting link shared on portal. See https://google.com,0
You won a reward from Flipkart! Claim: https://trackparcel.in/qybnyjgx,1
Monthly statement available at https://google.com,0
KYC pending for SBI. Update immediately at https://pay-now.in/iiytc27h,1
Meeting link shared on portal. See https://company.com,0
Courier fee ₹49 pending. Pay now: http://trackparcel.in/3r0hxo67,1
Meeting link shared on portal. See https://amazon.in,0
Payment failed. Retry here: http://pay-now.in/rpjessl5,1
Visit our official site for updates: https://amazon.in,0
Class notice posted at https://company.com,0
Your Flipkart account is locked. Verify now: http://trackparcel.in/fkyjtn4d,1
Payment failed. Retry here: http://gift-claim.org/pkzjsqu9,1
Courier fee ₹49 pending. Pay now: http://gift-claim.org/z2e17bpx,1
KYC pending for ICICI. Update immediately at https://account-check.net/k3iuvhkx,1
Meeting link shared on portal. See https://irctc.co.in,0
You won a reward from WhatsApp! Claim: https://trackparcel.in/nsg4gzuk,1
Your Amazon account is locked. Verify now: http://pay-now.in/o632s668,1
Visit our official site for updates: https://company.com,0
You won a reward from ICICI! Claim: https://trackparcel.in/ulez9k8b,1
Meeting link shared on portal. See https://amazon.in,0
Class notice posted at https://company.com,0
Payment failed. Retry here: http://secure-update.co/qkov917j,1
Your Google account is locked. Verify now: http://account-check.net/2bfxf68s,1
Monthly statement available at https://irctc.co.in,0
KYC pending for Microsoft. Update immediately at https://trackparcel.in/mw0croyt,1
Courier fee ₹49 pending. Pay now: http://gift-claim.org/kt4rdifq,1
Payment failed. Retry here: http://trackparcel.in/ymb4oyyb,1
Your Microsoft account is locked. Verify now: http://secure-update.co/027ifzp1,1
Payment failed. Retry here: http://gift-claim.org/9723av6t,1
Class notice posted at https://google.com,0
You won a reward from Microsoft! Claim: https://trackparcel.in/apu7wx4t,1
Monthly statement available at https://company.com,0
Your Microsoft account is locked. Verify now: http://account-check.net/a1ia7bcf,1
Meeting link shared on portal. See https://company.com,0
Your HDFC account is locked. Verify now: http://pay-now.in/fkzk0711,1
Visit our official site for updates: https://irctc.co.in,0
Courier fee ₹49 pending. Pay now: http://secure-update.co/jkjozdb5,1
Visit our official site for updates: https://microsoft.com,0
Courier fee ₹49 pending. Pay now: http://pay-now.in/n0mo8tfk,1
Payment failed. Retry here: http://gift-claim.org/2kifbkbn,1
Meeting link shared on portal. See https://irctc.co.in,0
Your WhatsApp account is locked. Verify now: http://verify-login.net/mouzlu60,1
Your Amazon account is locked. Verify now: http://secure-update.co/6jkpj75w,1
Monthly statement available at https://college.edu,0
Your order is confirmed on https://microsoft.com,0
Courier fee ₹49 pending. Pay now: http://trackparcel.in/ej0v2y40,1
Your order is confirmed on https://irctc.co.in,0
Your ICICI account is locked. Verify now: http://pay-now.in/rvcsswfq,1
Visit our official site for updates: https://college.edu,0
Meeting link shared on portal. See https://company.com,0
KYC pending for Flipkart. Update immediately at https://account-check.net/ub23j2du,1
Class notice posted at https://microsoft.com,0
Courier fee ₹49 pending. Pay now: http://secure-update.co/tilnfrce,1
Class notice posted at https://company.com,0
KYC pending for Amazon. Update immediately at https://gift-claim.org/lllpj2it,1
Your SBI account is locked. Verify now: http://pay-now.in/tpsmp9jk,1
Your order is confirmed on https://irctc.co.in,0
Your Microsoft account is locked. Verify now: http://pay-now.in/cqa6wmxy,1
KYC pending for HDFC. Update immediately at https://gift-claim.org/s58xft8i,1
Class notice posted at https://amazon.in,0
KYC pending for HDFC. Update immediately at https://verify-login.net/1vfth1jv,1
Your Amazon account is locked. Verify now: http://verify-login.net/8xhhpgvs,1
Your order is confirmed on https://google.com,0
KYC pending for Microsoft. Update immediately at https://trackparcel.in/c67cynr6,1
Your order is confirmed on https://company.com,0
You won a reward from ICICI! Claim: https://gift-claim.org/iu9q1vch,1
Your order is confirmed on https://company.com,0
Visit our official site for updates: https://college.edu,0
Courier fee ₹49 pending. Pay now: http://trackparcel.in/ihstz2xf,1
Meeting link shared on portal. See https://college.edu,0
Visit our official site for updates: https://microsoft.com,0
Your order is confirmed on https://company.com,0
Your Microsoft account is locked. Verify now: http://trackparcel.in/d7iwa6h0,1
KYC pending for Microsoft. Update immediately at https://secure-update.co/hcthavv0,1
You won a reward from SBI! Claim: https://account-check.net/iyfagtat,1
Meeting link shared on portal. See https://microsoft.com,0
Monthly statement available at https://company.com,0
Monthly statement available at https://company.com,0
Courier fee ₹49 pending. Pay now: http://account-check.net/bdqjg68t,1
Your Netflix account is locked. Verify now: http://gift-claim.org/i70r9xwp,1
Class notice posted at https://irctc.co.in,0
Your order is confirmed on https://google.com,0
Your ICICI account is locked. Verify now: http://secure-update.co/aw22a628,1
KYC pending for Netflix. Update immediately at https://gift-claim.org/f2q65hda,1
Your Flipkart account is locked. Verify now: http://secure-update.co/qq31veh2,1
Monthly statement available at https://microsoft.com,0
Payment failed. Retry here: http://account-check.net/dc53hd5e,1
Courier fee ₹49 pending. Pay now: http://account-check.net/yjm8bzs0,1
Visit our official site for updates: https://college.edu,0
You won a reward from Netflix! Claim: https://account-check.net/v2on07w8,1
Monthly statement available at https://college.edu,0
Your Amazon account is locked. Verify now: http://trackparcel.in/3d8dd7en,1
Courier fee ₹49 pending. Pay now: http://gift-claim.org/5r5uv204,1
Your Microsoft account is locked. Verify now: http://verify-login.net/8rhlphnb,1
Your SBI account is locked. Verify now: http://verify-login.net/hwov0jfg,1
You won a reward from Paytm! Claim: https://pay-now.in/4sxy1au2,1
Payment failed. Retry here: http://secure-update.co/9wckno5d,1
Visit our official site for updates: https://microsoft.com,0
Class notice posted at https://company.com,0
Monthly statement available at https://google.com,0
Courier fee ₹49 pending. Pay now: http://gift-claim.org/cpwby8as,1
Monthly statement available at https://company.com,0
Visit our official site for updates: https://google.com,0
Courier fee ₹49 pending. Pay now: http://secure-update.co/feuvmabp,1
Class notice posted at https://microsoft.com,0
You won a reward from WhatsApp! Claim: https://account-check.net/bv8x8x23,1
KYC pending for Google. Update immediately at https://pay-now.in/1gd6eplh,1
Visit our official site for updates: https://google.com,0
Your Paytm account is locked. Verify now: http://gift-claim.org/2pe0ug8a,1
KYC pending for Microsoft. Update immediately at https://verify-login.net/ixf6h1wa,1
Monthly statement available at https://google.com,0
Your WhatsApp account is locked. Verify now: http://pay-now.in/o5zuphg5,1
Your order is confirmed on https://amazon.in,0
KYC pending for WhatsApp. Update immediately at https://account-check.net/1l3oi3tf,1
You won a reward from Paytm! Claim: https://gift-claim.org/hrzu0j7i,1
Payment failed. Retry here: http://gift-claim.org/d146bcan,1
Your SBI account is locked. Verify now: http://verify-login.net/w1eq6s8x,1
You won a reward from HDFC! Claim: https://verify-login.net/pa32ivg3,1
Class notice posted at https://college.edu,0
Payment failed. Retry here: http://secure-update.co/xfel1ecn,1
Your WhatsApp account is locked. Verify now: http://account-check.net/haa4yvdv,1
You won a reward from Microsoft! Claim: https://secure-update.co/defbfjrx,1
Courier fee ₹49 pending. Pay now: http://account-check.net/e33nw2y0,1
Meeting link shared on portal. See https://microsoft.com,0
KYC pending for Amazon. Update immediately at https://gift-claim.org/6xrkzlgq,1
KYC pending for WhatsApp. Update immediately at https://account-check.net/xn8wbjku,1
Visit our official site for updates: https://amazon.in,0
Payment failed. Retry here: http://secure-update.co/2rk20467,1
You won a reward from Amazon! Claim: https://trackparcel.in/vt65fw41,1
Visit our official site for updates: https://amazon.in,0
Courier fee ₹49 pending. Pay now: http://gift-claim.org/x4ys1ibm,1
Monthly statement available at https://college.edu,0
KYC pending for SBI. Update immediately at https://gift-claim.org/y8lhbxgv,1
Meeting link shared on portal. See https://google.com,0
Payment failed. Retry here: http://verify-login.net/7m537bhj,1
Courier fee ₹49 pending. Pay now: http://secure-update.co/1apax2wr,1
Your order is confirmed on https://college.edu,0
Courier fee ₹49 pending. Pay now: http://pay-now.in/ezpvt2js,1
Your Flipkart account is locked. Verify now: http://account-check.net/0b386bhn,1
Meeting link shared on portal. See https://company.com,0
Payment failed. Retry here: http://gift-claim.org/0jyxc5mc,1
Visit our official site for updates: https://microsoft.com,0
Your ICICI account is locked. Verify now: http://account-check.net/pzdnwj2u,1
Courier fee ₹49 pending. Pay now: http://account-check.net/4fg5n9i2,1
Class notice posted at https://irctc.co.in,0
Class notice posted at https://college.edu,0
Visit our official site for updates: https://irctc.co.in,0
Your order is confirmed on https://microsoft.com,0
Payment failed. Retry here: http://secure-update.co/gficeg0r,1
You won a reward from Google! Claim: https://account-check.net/1qkw840q,1
Courier fee ₹49 pending. Pay now: http://gift-claim.org/enxliojy,1
Your Google account is locked. Verify now: http://gift-claim.org/04o29si6,1
Visit our official site for updates: https://microsoft.com,0
KYC pending for HDFC. Update immediately at https://account-check.net/k36l1452,1
Meeting link shared on portal. See https://irctc.co.in,0
Visit our official site for updates: https://irctc.co.in,0
Visit our official site for updates: https://amazon.in,0
Your Netflix account is locked. Verify now: http://trackparcel.in/l98awstz,1
You won a reward from WhatsApp! Claim: https://secure-update.co/pszi9sgt,1
KYC pending for Netflix. Update immediately at https://trackparcel.in/1bnm1c35,1
Meeting link shared on portal. See https://amazon.in,0
You won a reward from HDFC! Claim: https://account-check.net/0uluq5v4,1
You won a reward from ICICI! Claim: https://account-check.net/1ur5vd4i,1
You won a reward from SBI! Claim: https://pay-now.in/2vku202k,1
Class notice posted at https://company.com,0
Meeting link shared on portal. See https://college.edu,0
Monthly statement available at https://college.edu,0
Your order is confirmed on https://company.com,0
Meeting link shared on portal. See https://college.edu,0
Visit our official site for updates: https://amazon.in,0
Your Amazon account is locked. Verify now: http://trackparcel.in/f5q4udnn,1
You won a reward from Google! Claim: https://trackparcel.in/64hsp9ji,1
Courier fee ₹49 pending. Pay now: http://pay-now.in/h21e0gwm,1
Monthly statement available at https://google.com,0
Your order is confirmed on https://company.com,0
You won a reward from Netflix! Claim: https://gift-claim.org/qryzc2bb,1
Meeting link shared on portal. See https://college.edu,0
Your order is confirmed on https://amazon.in,0
Class notice posted at https://amazon.in,0
Meeting link shared on portal. See https://microsoft.com,0
KYC pending for Microsoft. Update immediately at https://gift-claim.org/lm1mdop9,1
Meeting link shared on portal. See https://company.com,0
Class notice posted at https://google.com,0
Payment failed. Retry here: http://verify-login.net/dez1c01r,1
Meeting link shared on portal. See https://college.edu,0
Payment failed. Retry here: http://gift-claim.org/1zj490la,1
Monthly statement available at https://google.com,0
Courier fee ₹49 pending. Pay now: http://pay-now.in/xdxtltvd,1
KYC pending for HDFC. Update immediately at https://secure-update.co/9xc51bha,1
Class notice posted at https://company.com,0
Your ICICI account is locked. Verify now: http://pay-now.in/bvyducot,1
Monthly statement available at https://amazon.in,0
Courier fee ₹49 pending. Pay now: http://verify-login.net/zgsxxsop,1
Courier fee ₹49 pending. Pay now: http://gift-claim.org/t3vddroy,1
Payment failed. Retry here: http://gift-claim.org/1hcqt4ms,1
Your WhatsApp account is locked. Verify now: http://trackparcel.in/094riz2r,1
Monthly statement available at https://irctc.co.in,0
You won a reward from Flipkart! Claim: https://gift-claim.org/fpjidojt,1
Class notice posted at https://irctc.co.in,0
Courier fee ₹49 pending. Pay now: http://secure-update.co/seruybgy,1
Courier fee ₹49 pending. Pay now: http://account-check.net/fhbbxsld,1
You won a reward from Amazon! Claim: https://trackparcel.in/7hf149ri,1
Visit our official site for updates: https://google.com,0
Your order is confirmed on https://company.com,0
Payment failed. Retry here: http://pay-now.in/xj68pj7z,1
Class notice posted at https://microsoft.com,0
Your Paytm account is locked. Verify now: http://verify-login.net/lgpgb07p,1
Monthly statement available at https://amazon.in,0
Meeting link shared on portal. See https://irctc.co.in,0
Courier fee ₹49 pending. Pay now: http://gift-claim.org/f8zp434n,1
KYC pending for ICICI. Update immediately at https://trackparcel.in/rnrgmjrq,1
Meeting link shared on portal. See https://company.com,0
Your order is confirmed on https://amazon.in,0
You won a reward from Microsoft! Claim: https://pay-now.in/j29cm9a5,1
Monthly statement available at https://microsoft.com,0
Payment failed. Retry here: http://pay-now.in/06a9z0qy,1
Courier fee ₹49 pending. Pay now: http://trackparcel.in/9tlh8e7t,1
Meeting link shared on portal. See https://irctc.co.in,0
Courier fee ₹49 pending. Pay now: http://secure-update.co/vgmstzio,1
Your Microsoft account is locked. Verify now: http://secure-update.co/7dz0yfqc,1
KYC pending for SBI. Update immediately at https://account-check.net/m9rx0b4i,1
KYC pending for HDFC. Update immediately at https://secure-update.co/27rtsi0z,1
KYC pending for Microsoft. Update immediately at https://pay-now.in/ezecng9a,1
KYC pending for HDFC. Update immediately at https://verify-login.net/gx77rv9l,1
Class notice posted at https://amazon.in,0
Visit our official site for updates: https://irctc.co.in,0
KYC pending for Netflix. Update immediately at https://trackparcel.in/qrz4rm5q,1
Your order is confirmed on https://google.com,0
Your Amazon account is locked. Verify now: http://trackparcel.in/qzqlc3d9,1
Visit our official site for updates: https://microsoft.com,0
KYC pending for Paytm. Update immediately at https://pay-now.in/gd2avuf4,1
Monthly statement available at https://amazon.in,0
Courier fee ₹49 pending. Pay now: http://secure-update.co/6eburoxr,1
You won a reward from Flipkart! Claim: https://secure-update.co/99gy7v26,1
You won a reward from ICICI! Claim: https://pay-now.in/427txp1a,1
Your order is confirmed on https://microsoft.com,0
Your order is confirmed on https://college.edu,0
Courier fee ₹49 pending. Pay now: http://secure-update.co/znzuhtjo,1
Courier fee ₹49 pending. Pay now: http://account-check.net/pg0xmtdg,1
Visit our official site for updates: https://google.com,0
KYC pending for Google. Update immediately at https://account-check.net/2gky1ggu,1
Monthly statement available at https://microsoft.com,0
Visit our official site for updates: https://google.com,0
You won a reward from Google! Claim: https://account-check.net/5ue2n3ex,1
Meeting link shared on portal. See https://amazon.in,0
Monthly statement available at https://irctc.co.in,0
Meeting link shared on portal. See https://microsoft.com,0
Your order is confirmed on https://irctc.co.in,0
Payment failed. Retry here: http://secure-update.co/x5oo2umr,1
Your order is confirmed on https://company.com,0
KYC pending for Paytm. Update immediately at https://gift-claim.org/iy0nbxo2,1
Visit our official site for updates: https://microsoft.com,0
Meeting link shared on portal. See https://company.com,0
Courier fee ₹49 pending. Pay now: http://trackparcel.in/ly3q77lc,1
Meeting link shared on portal. See https://microsoft.com,0
KYC pending for Microsoft. Update immediately at https://pay-now.in/l8vrihmm,1
Monthly statement available at https://microsoft.com,0
You won a reward from ICICI! Claim: https://pay-now.in/bv6tf5op,1
You won a reward from Microsoft! Claim: https://account-check.net/elp5j8ou,1
Meeting link shared on portal. See https://amazon.in,0
Your Netflix account is locked. Verify now: http://account-check.net/3ed2t8jg,1
Your Google account is locked. Verify now: http://verify-login.net/2qr7xklj,1
Meeting link shared on portal. See https://google.com,0
Courier fee ₹49 pending. Pay now: http://account-check.net/srjhkhx6,1
Payment failed. Retry here: http://verify-login.net/1id0n9g8,1
Courier fee ₹49 pending. Pay now: http://pay-now.in/lqpnhfp7,1
You won a reward from Microsoft! Claim: https://pay-now.in/pop9dn7f,1
Courier fee ₹49 pending. Pay now: http://gift-claim.org/7jxm0u9s,1
Your Google account is locked. Verify now: http://gift-claim.org/ot3gh8yw,1
Meeting link shared on portal. See https://microsoft.com,0
You won a reward from Amazon! Claim: https://trackparcel.in/q7vbayru,1
Meeting link shared on portal. See https://microsoft.com,0
Class notice posted at https://college.edu,0
Your Amazon account is locked. Verify now: http://account-check.net/8fx4wmfx,1
KYC pending for Flipkart. Update immediately at https://secure-update.co/cwdh60hr,1
Class notice posted at https://google.com,0
KYC pending for Microsoft. Update immediately at https://verify-login.net/mpfh2uej,1
Class notice posted at https://irctc.co.in,0
Your SBI account is locked. Verify now: http://secure-update.co/jrg5im1m,1
Monthly statement available at https://college.edu,0
Monthly statement available at https://college.edu,0
Courier fee ₹49 pending. Pay now: http://account-check.net/bca8ak40,1
Meeting link shared on portal. See https://microsoft.com,0
Visit our official site for updates: https://google.com,0
Courier fee ₹49 pending. Pay now: http://verify-login.net/99o1eiyw,1
Courier fee ₹49 pending. Pay now: http://secure-update.co/8bls9rb7,1
Meeting link shared on portal. See https://company.com,0
Your SBI account is locked. Verify now: http://account-check.net/f474qldg,1
KYC pending for Microsoft. Update immediately at https://trackparcel.in/s53kxezx,1
Class notice posted at https://college.edu,0
Your SBI account is locked. Verify now: http://verify-login.net/ow0h79rl,1
Meeting link shared on portal. See https://college.edu,0
Meeting link shared on portal. See https://irctc.co.in,0
Class notice posted at https://google.com,0
KYC pending for HDFC. Update immediately at https://account-check.net/tuc8tgcx,1
Visit our official site for updates: https://company.com,0
Payment failed. Retry here: http://account-check.net/k256kwd7,1
Your order is confirmed on https://company.com,0
You won a reward from Amazon! Claim: https://gift-claim.org/65fma3pe,1
Your WhatsApp account is locked. Verify now: http://trackparcel.in/sikvwke2,1
Your Google account is locked. Verify now: http://verify-login.net/2h5p59xu,1
Your order is confirmed on https://google.com,0
Your order is confirmed on https://irctc.co.in,0
You won a reward from Paytm! Claim: https://verify-login.net/caoaga8v,1
Your ICICI account is locked. Verify now: http://account-check.net/sad48eut,1
Class notice posted at https://google.com,0
Class notice posted at https://college.edu,0
Your order is confirmed on https://google.com,0
Class notice posted at https://irctc.co.in,0
Visit our official site for updates: https://college.edu,0
Class notice posted at https://microsoft.com,0
You won a reward from ICICI! Claim: https://verify-login.net/c88fclho,1
Payment failed. Retry here: http://verify-login.net/saduwfpz,1
You won a reward from Microsoft! Claim: https://trackparcel.in/jgm1tenb,1
Courier fee ₹49 pending. Pay now: http://pay-now.in/fukkg5yv,1
Your order is confirmed on https://amazon.in,0
Your Paytm account is locked. Verify now: http://account-check.net/uqaktlzf,1
Your Google account is locked. Verify now: http://pay-now.in/olp7bgaq,1
You won a reward from WhatsApp! Claim: https://trackparcel.in/dgp6h6bi,1
Monthly statement available at https://microsoft.com,0
Your ICICI account is locked. Verify now: http://trackparcel.in/jhz6g4pr,1
Monthly statement available at https://google.com,0
Class notice posted at https://amazon.in,0
Payment failed. Retry here: http://gift-claim.org/2smzusgt,1
Visit our official site for updates: https://amazon.in,0
Visit our official site for updates: https://company.com,0
Meeting link shared on portal. See https://college.edu,0
Visit our official site for updates: https://google.com,0
You won a reward from Amazon! Claim: https://verify-login.net/t9c7b7sm,1
Monthly statement available at https://irctc.co.in,0
Payment failed. Retry here: http://verify-login.net/r0e6hg30,1
Visit our official site for updates: https://amazon.in,0
Your order is confirmed on https://microsoft.com,0
Your order is confirmed on https://college.edu,0
Your WhatsApp account is locked. Verify now: http://account-check.net/2tqbh7nf,1
Your Microsoft account is locked. Verify now: http://trackparcel.in/rlvoeggv,1
Visit our official site for updates: https://company.com,0
Payment failed. Retry here: http://trackparcel.in/jp123p53,1
Your order is confirmed on https://amazon.in,0
You won a reward from WhatsApp! Claim: https://trackparcel.in/mymdlt6c,1
Monthly statement available at https://microsoft.com,0
Visit our official site for updates: https://amazon.in,0
Monthly statement available at https://amazon.in,0
KYC pending for ICICI. Update immediately at https://pay-now.in/8krw7yt0,1
KYC pending for Google. Update immediately at https://gift-claim.org/2i8vbgm5,1
Class notice posted at https://google.com,0
Payment failed. Retry here: http://secure-update.co/7wpoxj98,1
Courier fee ₹49 pending. Pay now: http://secure-update.co/7arywpwt,1
Your order is confirmed on https://company.com,0
Meeting link shared on portal. See https://company.com,0
You won a reward from Paytm! Claim: https://account-check.net/xgmsk7vm,1
Monthly statement available at https://microsoft.com,0
You won a reward from HDFC! Claim: https://secure-update.co/7ujdr7e3,1
Your Amazon account is locked. Verify now: http://gift-claim.org/tu1s8mp5,1
Payment failed. Retry here: http://gift-claim.org/cr14r5u8,1
Meeting link shared on portal. See https://microsoft.com,0
Your Paytm account is locked. Verify now: http://verify-login.net/126izurb,1
Meeting link shared on portal. See https://irctc.co.in,0
Payment failed. Retry here: http://account-check.net/dgbau49n,1
Meeting link shared on portal. See https://microsoft.com,0
Class notice posted at https://google.com,0
Visit our official site for updates: https://company.com,0
Courier fee ₹49 pending. Pay now: http://account-check.net/aywyg5g1,1
Your order is confirmed on https://company.com,0
Class notice posted at https://company.com,0
Visit our official site for updates: https://microsoft.com,0
Courier fee ₹49 pending. Pay now: http://pay-now.in/mooou0k1,1
You won a reward from WhatsApp! Claim: https://secure-update.co/4ko2mgsq,1
You won a reward from SBI! Claim: https://secure-update.co/lsv7qo0f,1
Payment failed. Retry here: http://gift-claim.org/aucsesbx,1
Class notice posted at https://amazon.in,0
Courier fee ₹49 pending. Pay now: http://pay-now.in/a93yaqd4,1
Your WhatsApp account is locked. Verify now: http://gift-claim.org/l2yh6zin,1
Payment failed. Retry here: http://pay-now.in/i9rmuca4,1
Your Google account is locked. Verify now: http://gift-claim.org/gsjzmhdd,1
Your ICICI account is locked. Verify now: http://verify-login.net/dyo1tvwd,1
Payment failed. Retry here: http://trackparcel.in/brrf78qk,1
Courier fee ₹49 pending. Pay now: http://account-check.net/gzpk9sc5,1
Visit our official site for updates: https://college.edu,0
You won a reward from ICICI! Claim: https://verify-login.net/r2gf4w09,1
Visit our official site for updates: https://company.com,0
You won a reward from Google! Claim: https://pay-now.in/tyfctdko,1
Your SBI account is locked. Verify now: http://pay-now.in/i15vfdrb,1
Class notice posted at https://amazon.in,0
Meeting link shared on portal. See https://microsoft.com,0
You won a reward from Amazon! Claim: https://pay-now.in/dvybzjnl,1
KYC pending for Netflix. Update immediately at https://trackparcel.in/84iiw6rp,1
Your order is confirmed on https://college.edu,0
KYC pending for Microsoft. Update immediately at https://trackparcel.in/kshf3vwx,1
Monthly statement available at https://company.com,0
Your Paytm account is locked. Verify now: http://secure-update.co/47tylb3t,1
Your order is confirmed on https://irctc.co.in,0
Class notice posted at https://irctc.co.in,0
You won a reward from Amazon! Claim: https://pay-now.in/iipndjsf,1
Class notice posted at https://google.com,0
Visit our official site for updates: https://amazon.in,0
You won a reward from HDFC! Claim: https://verify-login.net/4v6311yj,1
Courier fee ₹49 pending. Pay now: http://verify-login.net/7ph27nyw,1
Meeting link shared on portal. See https://college.edu,0
Your order is confirmed on https://irctc.co.in,0
Your order is confirmed on https://college.edu,0
Visit our official site for updates: https://amazon.in,0
Visit our official site for updates: https://irctc.co.in,0
Visit our official site for updates: https://irctc.co.in,0
Courier fee ₹49 pending. Pay now: http://trackparcel.in/yr3p2sps,1
Payment failed. Retry here: http://secure-update.co/7d43nzl3,1
Your WhatsApp account is locked. Verify now: http://trackparcel.in/h7u0451h,1
Meeting link shared on portal. See https://company.com,0
Monthly statement available at https://college.edu,0
Meeting link shared on portal. See https://microsoft.com,0
Your order is confirmed on https://microsoft.com,0
Your Paytm account is locked. Verify now: http://secure-update.co/9m70jizk,1
KYC pending for Google. Update immediately at https://pay-now.in/9xxyiqfb,1
You won a reward from Google! Claim: https://verify-login.net/i0qnzcot,1
Payment failed. Retry here: http://secure-update.co/ndconl0x,1
Meeting link shared on portal. See https://google.com,0
Your order is confirmed on https://microsoft.com,0
Payment failed. Retry here: http://account-check.net/e6gx6lx8,1
Class notice posted at https://irctc.co.in,0
You won a reward from Flipkart! Claim: https://pay-now.in/udckql1a,1
KYC pending for Amazon. Update immediately at https://verify-login.net/sn206tec,1
Your SBI account is locked. Verify now: http://secure-update.co/45v0rz5g,1
You won a reward from Netflix! Claim: https://account-check.net/9mvuwewy,1
Courier fee ₹49 pending. Pay now: http://verify-login.net/xhgci1dy,1
Courier fee ₹49 pending. Pay now: http://secure-update.co/tbx4d5w4,1
KYC pending for Netflix. Update immediately at https://trackparcel.in/kie9092k,1
Class notice posted at https://college.edu,0
Class notice posted at https://company.com,0
KYC pending for Netflix. Update immediately at https://account-check.net/xbme569w,1
Courier fee ₹49 pending. Pay now: http://trackparcel.in/aislhhna,1
Your order is confirmed on https://irctc.co.in,0
Your WhatsApp account is locked. Verify now: http://secure-update.co/7dxn99t3,1
Visit our official site for updates: https://google.com,0
You won a reward from Paytm! Claim: https://secure-update.co/alnwys28,1
Monthly statement available at https://company.com,0
Class notice posted at https://irctc.co.in,0
Payment failed. Retry here: http://secure-update.co/94boj4gm,1
Courier fee ₹49 pending. Pay now: http://trackparcel.in/54ud1hgf,1
KYC pending for HDFC. Update immediately at https://gift-claim.org/3gahkin9,1
You won a reward from Paytm! Claim: https://verify-login.net/coof3zuh,1
Your order is confirmed on https://amazon.in,0
Meeting link shared on portal. See https://college.edu,0
Monthly statement available at https://company.com,0
Courier fee ₹49 pending. Pay now: http://account-check.net/w2gfcq3r,1
Courier fee ₹49 pending. Pay now: http://secure-update.co/vtb61f14,1
Visit our official site for updates: https://company.com,0
Your Amazon account is locked. Verify now: http://account-check.net/nm5wembg,1
Your order is confirmed on https://microsoft.com,0
Your HDFC account is locked. Verify now: http://secure-update.co/qe6tsuxv,1
Monthly statement available at https://irctc.co.in,0
Monthly statement available at https://microsoft.com,0
Meeting link shared on portal. See https://google.com,0
Your order is confirmed on https://company.com,0
KYC pending for SBI. Update immediately at https://gift-claim.org/5gxnfadr,1
Class notice posted at https://company.com,0
Payment failed. Retry here: http://pay-now.in/grgxeapt,1
Your order is confirmed on https://microsoft.com,0
Payment failed. Retry here: http://verify-login.net/0q3aeqox,1
Your WhatsApp account is locked. Verify now: http://gift-claim.org/zctncule,1
KYC pending for Paytm. Update immediately at https://trackparcel.in/ub7ikmbg,1
Visit our official site for updates: https://company.com,0
Visit our official site for updates: https://amazon.in,0
Monthly statement available at https://amazon.in,0
Class notice posted at https://amazon.in,0
Meeting link shared on portal. See https://company.com,0
Payment failed. Retry here: http://secure-update.co/3psifd8q,1
Class notice posted at https://college.edu,0
You won a reward from SBI! Claim: https://gift-claim.org/hdhfwe5t,1
Visit our official site for updates: https://college.edu,0
KYC pending for Google. Update immediately at https://trackparcel.in/xsqefoh5,1
Meeting link shared on portal. See https://company.com,0
Meeting link shared on portal. See https://irctc.co.in,0
Payment failed. Retry here: http://verify-login.net/q2lwcffc,1
You won a reward from ICICI! Claim: https://gift-claim.org/ehs13c89,1
Meeting link shared on portal. See https://microsoft.com,0
Courier fee ₹49 pending. Pay now: http://gift-claim.org/algjysrj,1
Your Amazon account is locked. Verify now: http://verify-login.net/z0omt87o,1
Courier fee ₹49 pending. Pay now: http://trackparcel.in/f6jnbnjn,1
Meeting link shared on portal. See https://company.com,0
Visit our official site for updates: https://irctc.co.in,0
Visit our official site for updates: https://amazon.in,0
Monthly statement available at https://amazon.in,0
Payment failed. Retry here: http://trackparcel.in/7pzagc5t,1
Meeting link shared on portal. See https://irctc.co.in,0
Visit our official site for updates: https://college.edu,0
Monthly statement available at https://irctc.co.in,0
Meeting link shared on portal. See https://irctc.co.in,0
KYC pending for Paytm. Update immediately at https://account-check.net/f4gcsux0,1
Payment failed. Retry here: http://secure-update.co/ox8z5d5k,1
Visit our official site for updates: https://microsoft.com,0
Meeting link shared on portal. See https://irctc.co.in,0
Class notice posted at https://amazon.in,0
KYC pending for Amazon. Update immediately at https://pay-now.in/847ndsta,1
Visit our official site for updates: https://college.edu,0
Payment failed. Retry here: http://gift-claim.org/lbebxx76,1
Visit our official site for updates: https://irctc.co.in,0
Visit our official site for updates: https://company.com,0
Your order is confirmed on https://amazon.in,0
Payment failed. Retry here: http://account-check.net/9qbng7xw,1
Payment failed. Retry here: http://account-check.net/81j97ujc,1
Class notice posted at https://microsoft.com,0
Meeting link shared on portal. See https://college.edu,0
Your order is confirmed on https://amazon.in,0
Payment failed. Retry here: http://secure-update.co/m5zo0syv,1
Monthly statement available at https://amazon.in,0
Meeting link shared on portal. See https://microsoft.com,0
Courier fee ₹49 pending. Pay now: http://secure-update.co/nscwef60,1
Your Flipkart account is locked. Verify now: http://pay-now.in/edoirb48,1
Courier fee ₹49 pending. Pay now: http://account-check.net/6xo18i2d,1
Your order is confirmed on https://microsoft.com,0
Payment failed. Retry here: http://account-check.net/2ydgv0cm,1
Meeting link shared on portal. See https://microsoft.com,0
Your HDFC account is locked. Verify now: http://pay-now.in/usuud1tm,1
Meeting link shared on portal. See https://google.com,0
Payment failed. Retry here: http://verify-login.net/yil17ihu,1
Payment failed. Retry here: http://trackparcel.in/holk0xgq,1
Courier fee ₹49 pending. Pay now: http://verify-login.net/3m0owuou,1
Your Netflix account is locked. Verify now: http://verify-login.net/h8j7p8kr,1
Payment failed. Retry here: http://trackparcel.in/vvalepwi,1
Courier fee ₹49 pending. Pay now: http://verify-login.net/cohjbiwm,1
KYC pending for SBI. Update immediately at https://verify-login.net/qg96mhjs,1
You won a reward from Paytm! Claim: https://verify-login.net/pajg52ld,1
Monthly statement available at https://microsoft.com,0
Courier fee ₹49 pending. Pay now: http://trackparcel.in/n5ublv9a,1
Monthly statement available at https://microsoft.com,0
Meeting link shared on portal. See https://irctc.co.in,0
Meeting link shared on portal. See https://college.edu,0
Visit our official site for updates: https://irctc.co.in,0
Your order is confirmed on https://college.edu,0
KYC pending for Flipkart. Update immediately at https://pay-now.in/hy8s6o1p,1
You won a reward from Netflix! Claim: https://pay-now.in/hrjnba6w,1
Courier fee ₹49 pending. Pay now: http://trackparcel.in/3ok1zvdc,1
Your order is confirmed on https://google.com,0
Class notice posted at https://microsoft.com,0
KYC pending for Google. Update immediately at https://gift-claim.org/ephd8cvd,1
Courier fee ₹49 pending. Pay now: http://gift-claim.org/got8hrkh,1
Your order is confirmed on https://irctc.co.in,0
Class notice posted at https://microsoft.com,0
Monthly statement available at https://microsoft.com,0
KYC pending for HDFC. Update immediately at https://pay-now.in/82gfz4bl,1
Your order is confirmed on https://google.com,0
KYC pending for Netflix. Update immediately at https://secure-update.co/sq3r9dko,1
Payment failed. Retry here: http://secure-update.co/hbedcl7e,1
Monthly statement available at https://irctc.co.in,0
Visit our official site for updates: https://amazon.in,0
Payment failed. Retry here: http://gift-claim.org/wl9z8zqy,1
Payment failed. Retry here: http://pay-now.in/uquj2j44,1
Payment failed. Retry here: http://verify-login.net/uvr0hbuy,1
Monthly statement available at https://google.com,0
Monthly statement available at https://company.com,0
Meeting link shared on portal. See https://google.com,0
You won a reward from WhatsApp! Claim: https://gift-claim.org/ple00wx3,1
Meeting link shared on portal. See https://amazon.in,0
Monthly statement available at https://microsoft.com,0
KYC pending for Microsoft. Update immediately at https://verify-login.net/x9xro7po,1
Monthly statement available at https://amazon.in,0
Payment failed. Retry here: http://pay-now.in/66s3b0n6,1
Meeting link shared on portal. See https://college.edu,0
Visit our official site for updates: https://amazon.in,0
You won a reward from SBI! Claim: https://secure-update.co/ibyflwja,1
Courier fee ₹49 pending. Pay now: http://secure-update.co/6vpf9h4i,1
Class notice posted at https://company.com,0
You won a reward from HDFC! Claim: https://verify-login.net/sqc4j98e,1
Payment failed. Retry here: http://verify-login.net/xkpxfry2,1
Your Paytm account is locked. Verify now: http://secure-update.co/kqnvezzd,1
Class notice posted at https://microsoft.com,0
You won a reward from Flipkart! Claim: https://trackparcel.in/c4vik326,1
Courier fee ₹49 pending. Pay now: http://gift-claim.org/7dr84m20,1
Visit our official site for updates: https://college.edu,0
Meeting link shared on portal. See https://google.com,0
Courier fee ₹49 pending. Pay now: http://secure-update.co/samo3wtn,1
Your order is confirmed on https://college.edu,0
Your order is confirmed on https://google.com,0
Monthly statement available at https://google.com,0
Meeting link shared on portal. See https://google.com,0
KYC pending for Microsoft. Update immediately at https://pay-now.in/rmuuy2o2,1
Class notice posted at https://google.com,0
KYC pending for WhatsApp. Update immediately at https://secure-update.co/wubr45vh,1
Class notice posted at https://company.com,0
Visit our official site for updates: https://google.com,0
Your WhatsApp account is locked. Verify now: http://secure-update.co/zyk4gcrr,1
Your Google account is locked. Verify now: http://gift-claim.org/ll72b9uh,1
Meeting link shared on portal. See https://amazon.in,0
Class notice posted at https://google.com,0
Your order is confirmed on https://google.com,0
Courier fee ₹49 pending. Pay now: http://secure-update.co/smnc8vke,1
Class notice posted at https://microsoft.com,0
Your order is confirmed on https://microsoft.com,0
Payment failed. Retry here: http://gift-claim.org/vtjtag62,1
Meeting link shared on portal. See https://microsoft.com,0
Visit our official site for updates: https://amazon.in,0
Meeting link shared on portal. See https://google.com,0
Your order is confirmed on https://amazon.in,0
Courier fee ₹49 pending. Pay now: http://pay-now.in/imopwp5j,1
Your order is confirmed on https://college.edu,0
Payment failed. Retry here: http://gift-claim.org/m40282g4,1
Your Amazon account is locked. Verify now: http://trackparcel.in/d8652rs3,1
You won a reward from Amazon! Claim: https://pay-now.in/uo8r0tnp,1
Class notice posted at https://google.com,0
Your order is confirmed on https://google.com,0
Payment failed. Retry here: http://trackparcel.in/a0azc6mu,1
Meeting link shared on portal. See https://company.com,0
Your order is confirmed on https://google.com,0
Your Microsoft account is locked. Verify now: http://trackparcel.in/zcnvnjgm,1
Courier fee ₹49 pending. Pay now: http://trackparcel.in/btlcbbd8,1
Visit our official site for updates: https://microsoft.com,0
Your Flipkart account is locked. Verify now: http://trackparcel.in/8bcb7sys,1
Your SBI account is locked. Verify now: http://trackparcel.in/vumww3xi,1
Visit our official site for updates: https://amazon.in,0
You won a reward from WhatsApp! Claim: https://gift-claim.org/67tevd0a,1
Your Google account is locked. Verify now: http://secure-update.co/jpsplvy8,1
Courier fee ₹49 pending. Pay now: http://gift-claim.org/ktbg35cp,1
Class notice posted at https://microsoft.com,0
Visit our official site for updates: https://google.com,0
KYC pending for ICICI. Update immediately at https://pay-now.in/9vsy9ru4,1
Visit our official site for updates: https://company.com,0
Monthly statement available at https://college.edu,0
Your order is confirmed on https://company.com,0
Monthly statement available at https://amazon.in,0
Meeting link shared on portal. See https://company.com,0
Meeting link shared on portal. See https://microsoft.com,0
KYC pending for WhatsApp. Update immediately at https://pay-now.in/kuk98xpd,1
Courier fee ₹49 pending. Pay now: http://verify-login.net/sbymxipb,1
Class notice posted at https://irctc.co.in,0
You won a reward from ICICI! Claim: https://trackparcel.in/4lcnqd1e,1
Meeting link shared on portal. See https://amazon.in,0
You won a reward from WhatsApp! Claim: https://account-check.net/ub0uh4mf,1
Monthly statement available at https://microsoft.com,0
Monthly statement available at https://google.com,0
Class notice posted at https://college.edu,0
Class notice posted at https://amazon.in,0
Class notice posted at https://google.com,0
Payment failed. Retry here: http://account-check.net/p8a3znz5,1
KYC pending for Flipkart. Update immediately at https://pay-now.in/p6heaalo,1
Your ICICI account is locked. Verify now: http://gift-claim.org/xrlmboqj,1
Class notice posted at https://microsoft.com,0
Your Netflix account is locked. Verify now: http://pay-now.in/niqqr90l,1
Meeting link shared on portal. See https://company.com,0
Your SBI account is locked. Verify now: http://account-check.net/ag5k99s0,1
Visit our official site for updates: https://amazon.in,0
Payment failed. Retry here: http://secure-update.co/euzzcvyf,1
Class notice posted at https://amazon.in,0
Your Amazon account is locked. Verify now: http://trackparcel.in/zlo4hd9q,1
Class notice posted at https://college.edu,0
KYC pending for WhatsApp. Update immediately at https://trackparcel.in/mkq2lc3z,1
Visit our official site for updates: https://microsoft.com,0
Payment failed. Retry here: http://gift-claim.org/x0y14i8r,1
Your ICICI account is locked. Verify now: http://verify-login.net/q23rzypz,1
Class notice posted at https://microsoft.com,0
You won a reward from WhatsApp! Claim: https://verify-login.net/3f8wdakd,1
Your order is confirmed on https://company.com,0
Class notice posted at https://microsoft.com,0
Courier fee ₹49 pending. Pay now: http://verify-login.net/aq8moyhh,1
Your Microsoft account is locked. Verify now: http://pay-now.in/41jqu2xk,1
Meeting link shared on portal. See https://microsoft.com,0
Your Flipkart account is locked. Verify now: http://pay-now.in/aywi41ao,1
Visit our official site for updates: https://microsoft.com,0
KYC pending for SBI. Update immediately at https://verify-login.net/ie6x0ueb,1
Meeting link shared on portal. See https://company.com,0
Courier fee ₹49 pending. Pay now: http://account-check.net/iq873x0q,1
Courier fee ₹49 pending. Pay now: http://account-check.net/pjvrjzrh,1
Class notice posted at https://company.com,0
Monthly statement available at https://amazon.in,0
KYC pending for Microsoft. Update immediately at https://trackparcel.in/oe4cxdbq,1
Your Microsoft account is locked. Verify now: http://gift-claim.org/9j05j48u,1
KYC pending for Flipkart. Update immediately at https://account-check.net/130teiw4,1
Your WhatsApp account is locked. Verify now: http://gift-claim.org/nzwuxc7f,1
You won a reward from HDFC! Claim: https://verify-login.net/5o0k2lfl,1
Your order is confirmed on https://amazon.in,0
Payment failed. Retry here: http://account-check.net/ys5ajo99,1
Class notice posted at https://company.com,0
Your Google account is locked. Verify now: http://verify-login.net/xkmlg2oi,1
Your Google account is locked. Verify now: http://verify-login.net/6y39nt5f,1
Class notice posted at https://amazon.in,0
Monthly statement available at https://google.com,0
Meeting link shared on portal. See https://college.edu,0
KYC pending for Microsoft. Update immediately at https://secure-update.co/be5svhz1,1
Courier fee ₹49 pending. Pay now: http://secure-update.co/4c4wpy6o,1
Your Google account is locked. Verify now: http://verify-login.net/47huzy9r,1
Class notice posted at https://irctc.co.in,0
You won a reward from Google! Claim: https://gift-claim.org/kj6uog17,1
Your order is confirmed on https://microsoft.com,0
Monthly statement available at https://google.com,0
Meeting link shared on portal. See https://irctc.co.in,0
Courier fee ₹49 pending. Pay now: http://account-check.net/js8k7lwx,1
Class notice posted at https://google.com,0
Your Paytm account is locked. Verify now: http://verify-login.net/682il2w3,1
Meeting link shared on portal. See https://college.edu,0
Your Microsoft account is locked. Verify now: http://secure-update.co/5m4w7c39,1
Your order is confirmed on https://microsoft.com,0
Monthly statement available at https://college.edu,0
Meeting link shared on portal. See https://amazon.in,0
Your order is confirmed on https://college.edu,0
Monthly statement available at https://college.edu,0
Meeting link shared on portal. See https://company.com,0
Monthly statement available at https://college.edu,0
Courier fee ₹49 pending. Pay now: http://trackparcel.in/sk982o77,1
KYC pending for SBI. Update immediately at https://gift-claim.org/ctp8mor3,1
You won a reward from Netflix! Claim: https://secure-update.co/hvcsfq41,1
KYC pending for WhatsApp. Update immediately at https://secure-update.co/psauo6gy,1
KYC pending for Google. Update immediately at https://verify-login.net/wt361584,1
You won a reward from Microsoft! Claim: https://pay-now.in/sdebp0c8,1
KYC pending for Netflix. Update immediately at https://account-check.net/c0rodbfx,1
You won a reward from HDFC! Claim: https://secure-update.co/h57vj1vz,1
Meeting link shared on portal. See https://college.edu,0
Meeting link shared on portal. See https://irctc.co.in,0
Meeting link shared on portal. See https://amazon.in,0
Monthly statement available at https://company.com,0
Your order is confirmed on https://college.edu,0
Payment failed. Retry here: http://verify-login.net/c6uo7kw8,1
You won a reward from Microsoft! Claim: https://verify-login.net/zdu8ranl,1
Your SBI account is locked. Verify now: http://trackparcel.in/4ainepa9,1
Your order is confirmed on https://company.com,0
KYC pending for Amazon. Update immediately at https://pay-now.in/60rzl8sq,1
Monthly statement available at https://microsoft.com,0
KYC pending for WhatsApp. Update immediately at https://gift-claim.org/6vj45cbv,1
KYC pending for SBI. Update immediately at https://pay-now.in/k9dpqct8,1
Class notice posted at https://company.com,0
Courier fee ₹49 pending. Pay now: http://account-check.net/v9ru1k6e,1
Monthly statement available at https://college.edu,0
Class notice posted at https://google.com,0
Your order is confirmed on https://amazon.in,0
Courier fee ₹49 pending. Pay now: http://gift-claim.org/1od5dh0y,1
Class notice posted at https://company.com,0
Your order is confirmed on https://amazon.in,0
Payment failed. Retry here: http://account-check.net/o93b97hk,1
Monthly statement available at https://company.com,0
Courier fee ₹49 pending. Pay now: http://verify-login.net/idvtu3y1,1
Payment failed. Retry here: http://account-check.net/u6zqjwrx,1
Monthly statement available at https://amazon.in,0
Class notice posted at https://amazon.in,0
KYC pending for ICICI. Update immediately at https://verify-login.net/1mqkkqhi,1
Class notice posted at https://microsoft.com,0
Payment failed. Retry here: http://gift-claim.org/jl0rddlx,1
Your order is confirmed on https://microsoft.com,0
Courier fee ₹49 pending. Pay now: http://trackparcel.in/a0jq7pjk,1
Your WhatsApp account is locked. Verify now: http://pay-now.in/4gy6hma9,1
Visit our official site for updates: https://company.com,0
Class notice posted at https://irctc.co.in,0
KYC pending for Google. Update immediately at https://pay-now.in/7l8hqfqx,1
Your Amazon account is locked. Verify now: http://pay-now.in/i8mkhj86,1
Payment failed. Retry here: http://gift-claim.org/ssnezs6w,1
Monthly statement available at https://microsoft.com,0
Meeting link shared on portal. See https://microsoft.com,0
Meeting link shared on portal. See https://google.com,0
You won a reward from HDFC! Claim: https://trackparcel.in/ettrfk7u,1
Visit our official site for updates: https://company.com,0
Your Paytm account is locked. Verify now: http://verify-login.net/sgrh8acc,1
Class notice posted at https://google.com,0
Monthly statement available at https://college.edu,0
Monthly statement available at https://company.com,0
KYC pending for SBI. Update immediately at https://verify-login.net/npjlmir7,1
Payment failed. Retry here: http://trackparcel.in/fyftqf5t,1
Meeting link shared on portal. See https://microsoft.com,0
Class notice posted at https://google.com,0
You won a reward from Paytm! Claim: https://secure-update.co/9rtegxpw,1
Class notice posted at https://google.com,0
KYC pending for Amazon. Update immediately at https://gift-claim.org/f34qchkx,1
Payment failed. Retry here: http://account-check.net/z7h4scge,1
Visit our official site for updates: https://google.com,0
Your order is confirmed on https://college.edu,0
KYC pending for Microsoft. Update immediately at https://secure-update.co/lsidk41j,1
Visit our official site for updates: https://microsoft.com,0
Payment failed. Retry here: http://gift-claim.org/3ycab67f,1
Your SBI account is locked. Verify now: http://trackparcel.in/bgm3zedv,1
Class notice posted at https://college.edu,0
Meeting link shared on portal. See https://microsoft.com,0
Monthly statement available at https://irctc.co.in,0
Meeting link shared on portal. See https://company.com,0
Class notice posted at https://google.com,0
KYC pending for Amazon. Update immediately at https://pay-now.in/qb21v4k7,1
Class notice posted at https://amazon.in,0
Meeting link shared on portal. See https://microsoft.com,0
Monthly statement available at https://company.com,0
KYC pending for HDFC. Update immediately at https://account-check.net/any9evvp,1
Monthly statement available at https://google.com,0
Your Netflix account is locked. Verify now: http://trackparcel.in/ww7mfg41,1
Courier fee ₹49 pending. Pay now: http://pay-now.in/rmh5ks7t,1
You won a reward from Microsoft! Claim: https://gift-claim.org/bo50tojl,1
Visit our official site for updates: https://company.com,0
Monthly statement available at https://irctc.co.in,0
Visit our official site for updates: https://company.com,0
You won a reward from Netflix! Claim: https://secure-update.co/4lue6m9s,1
Payment failed. Retry here: http://secure-update.co/p14xi80p,1
Your order is confirmed on https://amazon.in,0
Meeting link shared on portal. See https://microsoft.com,0
KYC pending for ICICI. Update immediately at https://verify-login.net/el3t5v82,1
Your order is confirmed on https://amazon.in,0
Visit our official site for updates: https://company.com,0
Your order is confirmed on https://irctc.co.in,0
Your order is confirmed on https://college.edu,0
Payment failed. Retry here: http://verify-login.net/r0hvenoc,1
Payment failed. Retry here: http://account-check.net/mgdt9vft,1
You won a reward from Netflix! Claim: https://account-check.net/4fobfdot,1
Your Netflix account is locked. Verify now: http://secure-update.co/3go76vki,1
Monthly statement available at https://irctc.co.in,0
You won a reward from Microsoft! Claim: https://pay-now.in/v076craw,1
KYC pending for Google. Update immediately at https://secure-update.co/lmaseqvi,1
Class notice posted at https://google.com,0
Monthly statement available at https://company.com,0
Monthly statement available at https://microsoft.com,0
Courier fee ₹49 pending. Pay now: http://secure-update.co/mwqavi0v,1
Your Flipkart account is locked. Verify now: http://gift-claim.org/u28b83g5,1
KYC pending for Flipkart. Update immediately at https://verify-login.net/ddptwivc,1
Your order is confirmed on https://microsoft.com,0
Your Google account is locked. Verify now: http://secure-update.co/cfo3vmoc,1
KYC pending for Paytm. Update immediately at https://trackparcel.in/2ovgh0wc,1
KYC pending for HDFC. Update immediately at https://pay-now.in/brnfsri0,1
Your Flipkart account is locked. Verify now: http://account-check.net/fw1fjtuz,1
Monthly statement available at https://irctc.co.in,0
Meeting link shared on portal. See https://company.com,0
Payment failed. Retry here: http://secure-update.co/ubmjf2og,1
Meeting link shared on portal. See https://google.com,0
Your Paytm account is locked. Verify now: http://trackparcel.in/fjvrd4g5,1
Monthly statement available at https://company.com,0
KYC pending for Netflix. Update immediately at https://verify-login.net/4ynvqmp1,1
Payment failed. Retry here: http://pay-now.in/wlbnjdhw,1
You won a reward from Paytm! Claim: https://gift-claim.org/kemih793,1
Class notice posted at https://amazon.in,0
Meeting link shared on portal. See https://amazon.in,0
Visit our official site for updates: https://google.com,0
Your order is confirmed on https://college.edu,0
Your order is confirmed on https://irctc.co.in,0
Visit our official site for updates: https://microsoft.com,0
Monthly statement available at https://irctc.co.in,0
Class notice posted at https://company.com,0
Your Google account is locked. Verify now: http://account-check.net/dr6ioxj1,1
KYC pending for Netflix. Update immediately at https://gift-claim.org/tipmydnf,1
You won a reward from Netflix! Claim: https://gift-claim.org/bl0fmi4b,1
Class notice posted at https://irctc.co.in,0
You won a reward from WhatsApp! Claim: https://trackparcel.in/pd8gdemy,1
Visit our official site for updates: https://amazon.in,0
Visit our official site for updates: https://irctc.co.in,0
Courier fee ₹49 pending. Pay now: http://verify-login.net/3inbho3y,1
Monthly statement available at https://irctc.co.in,0
Courier fee ₹49 pending. Pay now: http://secure-update.co/ipddh84e,1
Your WhatsApp account is locked. Verify now: http://account-check.net/bzfdrmut,1
Meeting link shared on portal. See https://company.com,0
Payment failed. Retry here: http://account-check.net/djjidfqn,1
Monthly statement available at https://google.com,0
Your order is confirmed on https://college.edu,0
Meeting link shared on portal. See https://college.edu,0
Courier fee ₹49 pending. Pay now: http://verify-login.net/vzvecuo5,1
Payment failed. Retry here: http://verify-login.net/rchk9mnp,1
Meeting link shared on portal. See https://irctc.co.in,0
Your Amazon account is locked. Verify now: http://trackparcel.in/7y52d31n,1
Payment failed. Retry here: http://gift-claim.org/c53geyuk,1
Class notice posted at https://microsoft.com,0
Meeting link shared on portal. See https://google.com,0
Class notice posted at https://microsoft.com,0
Visit our official site for updates: https://college.edu,0
Courier fee ₹49 pending. Pay now: http://verify-login.net/2ygye2cv,1
Courier fee ₹49 pending. Pay now: http://account-check.net/645komzw,1
KYC pending for Netflix. Update immediately at https://account-check.net/o5qlfp27,1
You won a reward from Flipkart! Claim: https://secure-update.co/0xq6xxcu,1
You won a reward from Netflix! Claim: https://trackparcel.in/94s1y1lv,1
Your Paytm account is locked. Verify now: http://gift-claim.org/7zpj5qx7,1
You won a reward from ICICI! Claim: https://verify-login.net/96if3ot8,1
Your order is confirmed on https://irctc.co.in,0
Courier fee ₹49 pending. Pay now: http://trackparcel.in/wp1b7ba8,1
Payment failed. Retry here: http://gift-claim.org/w7wx82jg,1
Payment failed. Retry here: http://pay-now.in/11fwwwm1,1
Monthly statement available at https://amazon.in,0
You won a reward from Google! Claim: https://trackparcel.in/qsjwf74y,1
Your order is confirmed on https://microsoft.com,0
You won a reward from SBI! Claim: https://secure-update.co/tge021yl,1
Payment failed. Retry here: http://pay-now.in/jjb3v5sl,1
You won a reward from Flipkart! Claim: https://account-check.net/utm85vp8,1
Payment failed. Retry here: http://trackparcel.in/fw8f07fz,1
Courier fee ₹49 pending. Pay now: http://gift-claim.org/l209f7md,1
Visit our official site for updates: https://amazon.in,0
You won a reward from SBI! Claim: https://secure-update.co/sdhv7sve,1
Payment failed. Retry here: http://gift-claim.org/llv1hpqp,1
Class notice posted at https://google.com,0
Class notice posted at https://microsoft.com,0
Meeting link shared on portal. See https://company.com,0
Class notice posted at https://college.edu,0
You won a reward from Microsoft! Claim: https://secure-update.co/7yxyh9dz,1
You won a reward from SBI! Claim: https://gift-claim.org/ymaobfp3,1
Courier fee ₹49 pending. Pay now: http://account-check.net/qcc5xca9,1
Payment failed. Retry here: http://gift-claim.org/m55iwiri,1
Visit our official site for updates: https://google.com,0
Your order is confirmed on https://microsoft.com,0
Meeting link shared on portal. See https://company.com,0
Monthly statement available at https://company.com,0
You won a reward from Amazon! Claim: https://pay-now.in/1cfy19wh,1
Courier fee ₹49 pending. Pay now: http://account-check.net/9avom8wh,1
Your SBI account is locked. Verify now: http://secure-update.co/w0yzv7ki,1
Monthly statement available at https://company.com,0
Courier fee ₹49 pending. Pay now: http://verify-login.net/whhquzqc,1
You won a reward from Amazon! Claim: https://gift-claim.org/e2enalv9,1
KYC pending for Amazon. Update immediately at https://secure-update.co/tt4adkl2,1
Meeting link shared on portal. See https://irctc.co.in,0
Class notice posted at https://microsoft.com,0
Meeting link shared on portal. See https://college.edu,0
Visit our official site for updates: https://college.edu,0
Courier fee ₹49 pending. Pay now: http://account-check.net/iqdetv0s,1
Your ICICI account is locked. Verify now: http://secure-update.co/ozas67wb,1
Class notice posted at https://company.com,0
Payment failed. Retry here: http://trackparcel.in/unr776lx,1
Courier fee ₹49 pending. Pay now: http://trackparcel.in/mtcs8ov1,1
Payment failed. Retry here: http://verify-login.net/sueuua8b,1
Courier fee ₹49 pending. Pay now: http://pay-now.in/ok8w48xd,1
You won a reward from WhatsApp! Claim: https://gift-claim.org/xnw9c3yq,1
Your Paytm account is locked. Verify now: http://account-check.net/kmjgvtmx,1
Your order is confirmed on https://amazon.in,0
Payment failed. Retry here: http://trackparcel.in/yop8mz0l,1
Monthly statement available at https://microsoft.com,0
Your Amazon account is locked. Verify now: http://secure-update.co/8f7clko1,1
Class notice posted at https://company.com,0
You won a reward from Flipkart! Claim: https://account-check.net/w10o73zp,1
Your order is confirmed on https://company.com,0
Visit our official site for updates: https://irctc.co.in,0
Meeting link shared on portal. See https://irctc.co.in,0
Monthly statement available at https://google.com,0
Visit our official site for updates: https://irctc.co.in,0
Courier fee ₹49 pending. Pay now: http://gift-claim.org/snio8znv,1
Your ICICI account is locked. Verify now: http://gift-claim.org/5vyea0wl,1
Your SBI account is locked. Verify now: http://secure-update.co/6wib2ny6,1
Meeting link shared on portal. See https://microsoft.com,0
Courier fee ₹49 pending. Pay now: http://account-check.net/lyrmd99e,1
Your WhatsApp account is locked. Verify now: http://pay-now.in/vka5w3rx,1
Your SBI account is locked. Verify now: http://account-check.net/d7ydc8i7,1
Your order is confirmed on https://google.com,0
Monthly statement available at https://google.com,0
Meeting link shared on portal. See https://amazon.in,0
Your Microsoft account is locked. Verify now: http://pay-now.in/37o8dtvu,1
You won a reward from SBI! Claim: https://secure-update.co/4sdqu0ju,1
Visit our official site for updates: https://microsoft.com,0
Meeting link shared on portal. See https://amazon.in,0
Meeting link shared on portal. See https://college.edu,0
KYC pending for Microsoft. Update immediately at https://verify-login.net/wvb7oq8a,1
KYC pending for WhatsApp. Update immediately at https://secure-update.co/ph39yqxp,1
Your order is confirmed on https://microsoft.com,0
Meeting link shared on portal. See https://amazon.in,0
Meeting link shared on portal. See https://google.com,0
Visit our official site for updates: https://college.edu,0
Class notice posted at https://college.edu,0
Courier fee ₹49 pending. Pay now: http://trackparcel.in/i7l14071,1
KYC pending for Amazon. Update immediately at https://secure-update.co/0ljlyd3k,1
Visit our official site for updates: https://company.com,0
Monthly statement available at https://irctc.co.in,0
Visit our official site for updates: https://irctc.co.in,0
Your HDFC account is locked. Verify now: http://account-check.net/d75zv3of,1
KYC pending for WhatsApp. Update immediately at https://verify-login.net/dhw7c2my,1
Meeting link shared on portal. See https://company.com,0
Your Netflix account is locked. Verify now: http://gift-claim.org/m4qz66qy,1
KYC pending for Paytm. Update immediately at https://gift-claim.org/vrkhwa8u,1
Monthly statement available at https://college.edu,0
You won a reward from SBI! Claim: https://gift-claim.org/9lqgdo60,1
KYC pending for Paytm. Update immediately at https://gift-claim.org/cbir7kbu,1
Courier fee ₹49 pending. Pay now: http://verify-login.net/w0nbgeho,1
Your ICICI account is locked. Verify now: http://trackparcel.in/d6mlqpl9,1
KYC pending for HDFC. Update immediately at https://verify-login.net/4z9s4z5y,1
Your order is confirmed on https://microsoft.com,0
KYC pending for Google. Update immediately at https://verify-login.net/tw7luyxh,1
KYC pending for Netflix. Update immediately at https://gift-claim.org/koinhrzs,1
KYC pending for WhatsApp. Update immediately at https://account-check.net/raygmzgg,1
Visit our official site for updates: https://irctc.co.in,0
Your Netflix account is locked. Verify now: http://verify-login.net/uueo2zet,1
Meeting link shared on portal. See https://college.edu,0
Class notice posted at https://amazon.in,0
Your Microsoft account is locked. Verify now: http://gift-claim.org/mmueiudn,1
You won a reward from Flipkart! Claim: https://trackparcel.in/cc6ydbt0,1
Visit our official site for updates: https://company.com,0
Meeting link shared on portal. See https://college.edu,0
Monthly statement available at https://irctc.co.in,0
Your SBI account is locked. Verify now: http://account-check.net/cvbdbrkz,1
You won a reward from Flipkart! Claim: https://account-check.net/nh21p7r8,1
Meeting link shared on portal. See https://company.com,0
KYC pending for ICICI. Update immediately at https://verify-login.net/7podp3gn,1
KYC pending for WhatsApp. Update immediately at https://pay-now.in/jeeina7v,1
Your order is confirmed on https://irctc.co.in,0
Visit our official site for updates: https://college.edu,0
Your order is confirmed on https://google.com,0
Payment failed. Retry here: http://account-check.net/0joumav5,1
You won a reward from Netflix! Claim: https://gift-claim.org/s10hvjc7,1
Your Netflix account is locked. Verify now: http://account-check.net/d6jpn7qp,1
Payment failed. Retry here: http://gift-claim.org/5t76ks96,1
Visit our official site for updates: https://irctc.co.in,0
Class notice posted at https://college.edu,0
Payment failed. Retry here: http://secure-update.co/z79qnhxu,1
Payment failed. Retry here: http://secure-update.co/y2zn1ck0,1
You won a reward from WhatsApp! Claim: https://secure-update.co/e67am4m0,1
Payment failed. Retry here: http://pay-now.in/qpwgbtyo,1
Payment failed. Retry here: http://trackparcel.in/474xnb5n,1
Your order is confirmed on https://microsoft.com,0
KYC pending for HDFC. Update immediately at https://account-check.net/tskntjfw,1
Payment failed. Retry here: http://gift-claim.org/qn6dw7nq,1
Meeting link shared on portal. See https://amazon.in,0
You won a reward from ICICI! Claim: https://gift-claim.org/xmqgauqb,1
Meeting link shared on portal. See https://company.com,0
You won a reward from HDFC! Claim: https://secure-update.co/129kel46,1
Your order is confirmed on https://company.com,0
Monthly statement available at https://company.com,0
You won a reward from Amazon! Claim: https://trackparcel.in/36uvhjhv,1
Your order is confirmed on https://company.com,0
Visit our official site for updates: https://college.edu,0
Class notice posted at https://irctc.co.in,0
Your order is confirmed on https://irctc.co.in,0
Class notice posted at https://college.edu,0
Meeting link shared on portal. See https://amazon.in,0
KYC pending for Paytm. Update immediately at https://trackparcel.in/2nvd52pf,1
Your order is confirmed on https://irctc.co.in,0
Visit our official site for updates: https://irctc.co.in,0
Payment failed. Retry here: http://verify-login.net/k0rf6uu3,1
Monthly statement available at https://microsoft.com,0
Your order is confirmed on https://google.com,0
You won a reward from Netflix! Claim: https://secure-update.co/8dhdsvk2,1
Your order is confirmed on https://irctc.co.in,0
Your Google account is locked. Verify now: http://account-check.net/kxgxv4t5,1
Your Microsoft account is locked. Verify now: http://account-check.net/9zlk4tko,1
Monthly statement available at https://google.com,0
Visit our official site for updates: https://irctc.co.in,0
Monthly statement available at https://amazon.in,0
Payment failed. Retry here: http://secure-update.co/cdjd76xr,1
You won a reward from ICICI! Claim: https://account-check.net/5632736l,1
Your order is confirmed on https://google.com,0
You won a reward from SBI! Claim: https://pay-now.in/m2n1iiwg,1
You won a reward from Paytm! Claim: https://gift-claim.org/lf1c4mza,1
Your order is confirmed on https://company.com,0
You won a reward from Flipkart! Claim: https://trackparcel.in/ofd9rc4i,1
Payment failed. Retry here: http://verify-login.net/8no2pxwg,1
Monthly statement available at https://company.com,0
Courier fee ₹49 pending. Pay now: http://secure-update.co/ei5tr0z6,1
KYC pending for Amazon. Update immediately at https://gift-claim.org/2cmubpd5,1
Monthly statement available at https://college.edu,0
Class notice posted at https://college.edu,0
Your Microsoft account is locked. Verify now: http://account-check.net/vcwch91p,1
Monthly statement available at https://irctc.co.in,0
Your order is confirmed on https://irctc.co.in,0
KYC pending for HDFC. Update immediately at https://account-check.net/rlw0k3p1,1
Payment failed. Retry here: http://pay-now.in/0pda7eis,1
Meeting link shared on portal. See https://irctc.co.in,0
Payment failed. Retry here: http://pay-now.in/towrp243,1
Meeting link shared on portal. See https://google.com,0
Courier fee ₹49 pending. Pay now: http://verify-login.net/rhhszygj,1
Courier fee ₹49 pending. Pay now: http://pay-now.in/vwmmlpc0,1
Monthly statement available at https://irctc.co.in,0
Your Netflix account is locked. Verify now: http://account-check.net/y7wkrrxr,1
Monthly statement available at https://amazon.in,0
KYC pending for HDFC. Update immediately at https://account-check.net/1uovpxrd,1
KYC pending for Google. Update immediately at https://pay-now.in/2rouacv3,1
Your order is confirmed on https://amazon.in,0
Your Paytm account is locked. Verify now: http://secure-update.co/iu6ofplu,1
Meeting link shared on portal. See https://amazon.in,0
Courier fee ₹49 pending. Pay now: http://trackparcel.in/gl5alr1a,1
Courier fee ₹49 pending. Pay now: http://verify-login.net/452z269r,1
You won a reward from Microsoft! Claim: https://secure-update.co/xprjh3nr,1
Your ICICI account is locked. Verify now: http://pay-now.in/l5km95nd,1
Meeting link shared on portal. See https://microsoft.com,0
Class notice posted at https://microsoft.com,0
Visit our official site for updates: https://college.edu,0
Meeting link shared on portal. See https://college.edu,0
Your order is confirmed on https://amazon.in,0
Visit our official site for updates: https://microsoft.com,0
Visit our official site for updates: https://irctc.co.in,0
Your HDFC account is locked. Verify now: http://gift-claim.org/w14ncfi1,1
Monthly statement available at https://google.com,0
Your WhatsApp account is locked. Verify now: http://verify-login.net/z70rtx9d,1
Visit our official site for updates: https://company.com,0
Payment failed. Retry here: http://trackparcel.in/q67bgvf7,1
Visit our official site for updates: https://college.edu,0
Monthly statement available at https://microsoft.com,0
You won a reward from WhatsApp! Claim: https://gift-claim.org/vtylpnxa,1
You won a reward from Paytm! Claim: https://account-check.net/w2d1qm5c,1
KYC pending for Flipkart. Update immediately at https://verify-login.net/z82p7vrp,1
KYC pending for Google. Update immediately at https://account-check.net/d7ygiv5d,1
Meeting link shared on portal. See https://microsoft.com,0
Payment failed. Retry here: http://gift-claim.org/laia7dvf,1
Meeting link shared on portal. See https://college.edu,0
KYC pending for SBI. Update immediately at https://verify-login.net/65yyt4ny,1
Courier fee ₹49 pending. Pay now: http://pay-now.in/79aiakoi,1
Class notice posted at https://college.edu,0
Visit our official site for updates: https://google.com,0
Your order is confirmed on https://microsoft.com,0
Payment failed. Retry here: http://pay-now.in/lex9knqp,1
You won a reward from Microsoft! Claim: https://trackparcel.in/wt6bfeh0,1
Courier fee ₹49 pending. Pay now: http://account-check.net/5ld18pbx,1
Class notice posted at https://microsoft.com,0
Visit our official site for updates: https://college.edu,0
Meeting link shared on portal. See https://college.edu,0
Payment failed. Retry here: http://secure-update.co/aeoyxnr8,1
Class notice posted at https://microsoft.com,0
KYC pending for HDFC. Update immediately at https://gift-claim.org/hh0ret4y,1
Meeting link shared on portal. See https://company.com,0
Courier fee ₹49 pending. Pay now: http://verify-login.net/747k88u1,1
Monthly statement available at https://company.com,0
Your order is confirmed on https://amazon.in,0
You won a reward from ICICI! Claim: https://account-check.net/b2ucxemy,1
KYC pending for SBI. Update immediately at https://gift-claim.org/fyye5xac,1
Visit our official site for updates: https://google.com,0
You won a reward from HDFC! Claim: https://secure-update.co/x0rog9h2,1
Meeting link shared on portal. See https://college.edu,0
Monthly statement available at https://irctc.co.in,0
Visit our official site for updates: https://irctc.co.in,0
Visit our official site for updates: https://amazon.in,0
Your order is confirmed on https://amazon.in,0
Your Netflix account is locked. Verify now: http://trackparcel.in/hlodjoya,1
KYC pending for Paytm. Update immediately at https://trackparcel.in/scix1cym,1
Courier fee ₹49 pending. Pay now: http://trackparcel.in/v3nqzc2m,1
Monthly statement available at https://company.com,0
Your Microsoft account is locked. Verify now: http://secure-update.co/r4uehcz8,1
Your SBI account is locked. Verify now: http://secure-update.co/lq4w9903,1
KYC pending for Microsoft. Update immediately at https://account-check.net/95k5dhz8,1
Courier fee ₹49 pending. Pay now: http://pay-now.in/l1oclq00,1
Courier fee ₹49 pending. Pay now: http://secure-update.co/kfll1hmr,1
Courier fee ₹49 pending. Pay now: http://secure-update.co/yb2uqqj0,1
Your order is confirmed on https://college.edu,0
Visit our official site for updates: https://college.edu,0
Class notice posted at https://college.edu,0
Your order is confirmed on https://company.com,0
Courier fee ₹49 pending. Pay now: http://secure-update.co/4c6t0vqo,1
Meeting link shared on portal. See https://irctc.co.in,0
Monthly statement available at https://amazon.in,0
Courier fee ₹49 pending. Pay now: http://pay-now.in/ckts1r2z,1
Visit our official site for updates: https://irctc.co.in,0
Meeting link shared on portal. See https://company.com,0
You won a reward from HDFC! Claim: https://secure-update.co/j6rhi8av,1
Courier fee ₹49 pending. Pay now: http://secure-update.co/z76gr7mv,1
Courier fee ₹49 pending. Pay now: http://verify-login.net/mc41f1gg,1
Monthly statement available at https://college.edu,0
You won a reward from Google! Claim: https://account-check.net/9nhii3tt,1
Monthly statement available at https://company.com,0
Meeting link shared on portal. See https://company.com,0
Visit our official site for updates: https://amazon.in,0
Your Flipkart account is locked. Verify now: http://verify-login.net/gsl4n2jv,1
Class notice posted at https://amazon.in,0
Payment failed. Retry here: http://verify-login.net/4ksj8ph1,1
Your Flipkart account is locked. Verify now: http://pay-now.in/akikjo21,1
Meeting link shared on portal. See https://microsoft.com,0
Class notice posted at https://amazon.in,0
KYC pending for Paytm. Update immediately at https://verify-login.net/8t2z71gh,1
Your Microsoft account is locked. Verify now: http://trackparcel.in/cq6x6akn,1
Visit our official site for updates: https://amazon.in,0
Monthly statement available at https://college.edu,0
Visit our official site for updates: https://amazon.in,0
Visit our official site for updates: https://college.edu,0
You won a reward from Netflix! Claim: https://verify-login.net/o7epno6i,1
Class notice posted at https://company.com,0
Your order is confirmed on https://college.edu,0
Meeting link shared on portal. See https://google.com,0
You won a reward from SBI! Claim: https://trackparcel.in/tyapttmv,1
KYC pending for WhatsApp. Update immediately at https://trackparcel.in/1zc4hg2l,1
KYC pending for SBI. Update immediately at https://pay-now.in/k80ohjo4,1
Your Netflix account is locked. Verify now: http://account-check.net/p3rwhbtk,1
Monthly statement available at https://college.edu,0
KYC pending for Google. Update immediately at https://trackparcel.in/qfrdfq75,1
Payment failed. Retry here: http://account-check.net/hkxfy5v8,1
Class notice posted at https://microsoft.com,0
Class notice posted at https://college.edu,0
Meeting link shared on portal. See https://google.com,0
Monthly statement available at https://irctc.co.in,0
Class notice posted at https://amazon.in,0
Your Microsoft account is locked. Verify now: http://trackparcel.in/20qdepft,1
Courier fee ₹49 pending. Pay now: http://pay-now.in/oiy9hvlx,1
Class notice posted at https://college.edu,0
Monthly statement available at https://amazon.in,0
Courier fee ₹49 pending. Pay now: http://gift-claim.org/dd9piqmc,1
Visit our official site for updates: https://microsoft.com,0
Monthly statement available at https://microsoft.com,0
Your Paytm account is locked. Verify now: http://gift-claim.org/4lxo4dyt,1
Your order is confirmed on https://google.com,0
Visit our official site for updates: https://microsoft.com,0
Monthly statement available at https://company.com,0
Meeting link shared on portal. See https://company.com,0
You won a reward from Microsoft! Claim: https://trackparcel.in/ddjhaz5q,1
Your ICICI account is locked. Verify now: http://gift-claim.org/qhumtcvh,1
Monthly statement available at https://amazon.in,0
Monthly statement available at https://irctc.co.in,0
Payment failed. Retry here: http://gift-claim.org/t0amg3zd,1
Your order is confirmed on https://google.com,0
Courier fee ₹49 pending. Pay now: http://pay-now.in/1gtqlop0,1
Monthly statement available at https://company.com,0
Your order is confirmed on https://microsoft.com,0
Monthly statement available at https://company.com,0
Meeting link shared on portal. See https://company.com,0
Your ICICI account is locked. Verify now: http://account-check.net/k4ib01na,1
Class notice posted at https://microsoft.com,0
Meeting link shared on portal. See https://irctc.co.in,0
Visit our official site for updates: https://college.edu,0
Your Netflix account is locked. Verify now: http://trackparcel.in/1y3jsvf1,1
Your order is confirmed on https://microsoft.com,0
Class notice posted at https://irctc.co.in,0
You won a reward from Microsoft! Claim: https://verify-login.net/ki10wqa3,1
Your order is confirmed on https://irctc.co.in,0
You won a reward from ICICI! Claim: https://pay-now.in/ssfxbvng,1
Payment failed. Retry here: http://secure-update.co/61308hnq,1
Monthly statement available at https://college.edu,0
Your Netflix account is locked. Verify now: http://pay-now.in/vromckqi,1
Courier fee ₹49 pending. Pay now: http://verify-login.net/yacxjufe,1
Visit our official site for updates: https://irctc.co.in,0
KYC pending for Microsoft. Update immediately at https://pay-now.in/3x7hqckv,1
KYC pending for HDFC. Update immediately at https://pay-now.in/c4eu4t84,1
Payment failed. Retry here: http://verify-login.net/wpvu4pe0,1
Visit our official site for updates: https://irctc.co.in,0
Meeting link shared on portal. See https://amazon.in,0
Courier fee ₹49 pending. Pay now: http://verify-login.net/a2as5wg2,1
Your order is confirmed on https://microsoft.com,0
Class notice posted at https://microsoft.com,0
You won a reward from Amazon! Claim: https://verify-login.net/324ztowa,1
Visit our official site for updates: https://college.edu,0
Monthly statement available at https://college.edu,0
Your order is confirmed on https://amazon.in,0
Monthly statement available at https://microsoft.com,0
Class notice posted at https://google.com,0
Your order is confirmed on https://irctc.co.in,0
You won a reward from SBI! Claim: https://secure-update.co/8w06b143,1
You won a reward from Flipkart! Claim: https://account-check.net/a280jhwr,1
Payment failed. Retry here: http://account-check.net/gjdfm8x3,1
Your Paytm account is locked. Verify now: http://pay-now.in/hnig2o6m,1
Meeting link shared on portal. See https://irctc.co.in,0
Meeting link shared on portal. See https://irctc.co.in,0
Courier fee ₹49 pending. Pay now: http://trackparcel.in/hgp5p48v,1
Monthly statement available at https://company.com,0
Your HDFC account is locked. Verify now: http://trackparcel.in/ffjp9fx3,1
Class notice posted at https://google.com,0
Payment failed. Retry here: http://trackparcel.in/at4nraai,1
Courier fee ₹49 pending. Pay now: http://verify-login.net/k8qatp2e,1
Monthly statement available at https://irctc.co.in,0
Courier fee ₹49 pending. Pay now: http://secure-update.co/eiaofrbf,1
Your Flipkart account is locked. Verify now: http://pay-now.in/xpzpn7om,1
Class notice posted at https://company.com,0
KYC pending for Microsoft. Update immediately at https://trackparcel.in/ecv3ml6t,1
You won a reward from WhatsApp! Claim: https://trackparcel.in/z0ft1m8y,1
You won a reward from SBI! Claim: https://gift-claim.org/iqz6jvht,1
Monthly statement available at https://company.com,0
Class notice posted at https://college.edu,0
Visit our official site for updates: https://microsoft.com,0
Your SBI account is locked. Verify now: http://account-check.net/sz5bfze8,1
Meeting link shared on portal. See https://amazon.in,0
KYC pending for Flipkart. Update immediately at https://trackparcel.in/de0a4p3c,1
Courier fee ₹49 pending. Pay now: http://gift-claim.org/jzc1jfgo,1
Your order is confirmed on https://google.com,0
Meeting link shared on portal. See https://college.edu,0
Courier fee ₹49 pending. Pay now: http://gift-claim.org/epv8wx0m,1
Class notice posted at https://google.com,0
Monthly statement available at https://company.com,0
Meeting link shared on portal. See https://google.com,0
KYC pending for HDFC. Update immediately at https://gift-claim.org/z9tjg3a0,1
Class notice posted at https://company.com,0
Your SBI account is locked. Verify now: http://verify-login.net/2eaqcws6,1
KYC pending for Netflix. Update immediately at https://trackparcel.in/s8r7ein3,1
Payment failed. Retry here: http://secure-update.co/zb27zyy1,1
Payment failed. Retry here: http://account-check.net/eeb48up1,1
Meeting link shared on portal. See https://company.com,0
Monthly statement available at https://irctc.co.in,0
Your order is confirmed on https://company.com,0
Payment failed. Retry here: http://account-check.net/puim7bqq,1
KYC pending for Amazon. Update immediately at https://verify-login.net/z9h1vs8l,1
Your Paytm account is locked. Verify now: http://account-check.net/8rsc4ulb,1
You won a reward from Microsoft! Claim: https://pay-now.in/gmprcnks,1
KYC pending for SBI. Update immediately at https://pay-now.in/2t3676gd,1
KYC pending for HDFC. Update immediately at https://account-check.net/5xrw0bnc,1
Your order is confirmed on https://college.edu,0
You won a reward from Netflix! Claim: https://pay-now.in/97c9jcim,1
KYC pending for ICICI. Update immediately at https://gift-claim.org/i0y465eh,1
Your Flipkart account is locked. Verify now: http://secure-update.co/bopsexkg,1
Your order is confirmed on https://irctc.co.in,0
Courier fee ₹49 pending. Pay now: http://trackparcel.in/hv2ywrcv,1
Monthly statement available at https://college.edu,0
Meeting link shared on portal. See https://college.edu,0
KYC pending for WhatsApp. Update immediately at https://secure-update.co/ucf3vvyy,1
Class notice posted at https://google.com,0
Visit our official site for updates: https://google.com,0
Visit our official site for updates: https://irctc.co.in,0
Class notice posted at https://amazon.in,0
Visit our official site for updates: https://college.edu,0
Monthly statement available at https://company.com,0
Courier fee ₹49 pending. Pay now: http://trackparcel.in/u31p6gp4,1
Payment failed. Retry here: http://secure-update.co/257hpfcd,1
Meeting link shared on portal. See https://amazon.in,0
Payment failed. Retry here: http://gift-claim.org/g3nvabe0,1
You won a reward from Google! Claim: https://trackparcel.in/1wxmhzjf,1
Class notice posted at https://google.com,0
You won a reward from HDFC! Claim: https://trackparcel.in/xa3l11g3,1
Payment failed. Retry here: http://trackparcel.in/yfdjwqgz,1
Your SBI account is locked. Verify now: http://trackparcel.in/qlk2drrk,1
Visit our official site for updates: https://google.com,0
Your order is confirmed on https://college.edu,0
Courier fee ₹49 pending. Pay now: http://pay-now.in/oac6onek,1
Monthly statement available at https://google.com,0
KYC pending for ICICI. Update immediately at https://trackparcel.in/5gf97qf6,1
Monthly statement available at https://google.com,0
Visit our official site for updates: https://google.com,0
Your order is confirmed on https://microsoft.com,0
Monthly statement available at https://college.edu,0
Payment failed. Retry here: http://verify-login.net/8dw5blwy,1
Your Google account is locked. Verify now: http://secure-update.co/l8vcuq9t,1
Your order is confirmed on https://google.com,0
Courier fee ₹49 pending. Pay now: http://verify-login.net/l9gjoplk,1
Meeting link shared on portal. See https://google.com,0
Payment failed. Retry here: http://verify-login.net/b3ilm8lg,1
Your order is confirmed on https://amazon.in,0
KYC pending for ICICI. Update immediately at https://secure-update.co/if4upilr,1
Visit our official site for updates: https://company.com,0
Your order is confirmed on https://irctc.co.in,0
KYC pending for Google. Update immediately at https://account-check.net/kvmle8xd,1
Monthly statement available at https://microsoft.com,0
Your order is confirmed on https://google.com,0
Courier fee ₹49 pending. Pay now: http://trackparcel.in/0oit6qx7,1
Your order is confirmed on https://irctc.co.in,0
Meeting link shared on portal. See https://google.com,0
Class notice posted at https://google.com,0
Visit our official site for updates: https://microsoft.com,0
Monthly statement available at https://google.com,0
KYC pending for Amazon. Update immediately at https://secure-update.co/je86jfob,1
Payment failed. Retry here: http://gift-claim.org/otoq1gzt,1
KYC pending for Google. Update immediately at https://pay-now.in/9bnyqk20,1
Your order is confirmed on https://irctc.co.in,0
Courier fee ₹49 pending. Pay now: http://trackparcel.in/pczkrfki,1
You won a reward from Microsoft! Claim: https://pay-now.in/0mojvb1o,1
Class notice posted at https://amazon.in,0
Your order is confirmed on https://company.com,0
KYC pending for Google. Update immediately at https://secure-update.co/locdnvdu,1
Class notice posted at https://microsoft.com,0
You won a reward from WhatsApp! Claim: https://trackparcel.in/q4b3ybpo,1
Your order is confirmed on https://amazon.in,0
Courier fee ₹49 pending. Pay now: http://secure-update.co/gkb0naeh,1
Payment failed. Retry here: http://trackparcel.in/bh0gdakb,1
You won a reward from Netflix! Claim: https://account-check.net/liw7lk5n,1
Your HDFC account is locked. Verify now: http://verify-login.net/zhoqcu65,1
Your order is confirmed on https://company.com,0
Visit our official site for updates: https://google.com,0
Payment failed. Retry here: http://verify-login.net/9t618uxl,1
Your Netflix account is locked. Verify now: http://verify-login.net/uoe7qwkm,1
Your order is confirmed on https://irctc.co.in,0
You won a reward from ICICI! Claim: https://verify-login.net/tn0q7ric,1
KYC pending for Paytm. Update immediately at https://pay-now.in/be1y7moj,1
KYC pending for HDFC. Update immediately at https://verify-login.net/gjywrp1m,1
Your order is confirmed on https://google.com,0
Monthly statement available at https://microsoft.com,0
Your Paytm account is locked. Verify now: http://gift-claim.org/qhs3la2u,1
Your Amazon account is locked. Verify now: http://gift-claim.org/rgz1puig,1
Visit our official site for updates: https://college.edu,0
Courier fee ₹49 pending. Pay now: http://account-check.net/157ai7o2,1
You won a reward from SBI! Claim: https://secure-update.co/exw2tio6,1
Meeting link shared on portal. See https://microsoft.com,0
Visit our official site for updates: https://company.com,0
Your Amazon account is locked. Verify now: http://account-check.net/orwtxzxq,1
Courier fee ₹49 pending. Pay now: http://pay-now.in/ljimanuj,1
Class notice posted at https://microsoft.com,0
Your Microsoft account is locked. Verify now: http://verify-login.net/fjrfc1ru,1
Visit our official site for updates: https://irctc.co.in,0
You won a reward from Netflix! Claim: https://verify-login.net/whcnfwnn,1
Payment failed. Retry here: http://pay-now.in/tqq6tcxm,1
Class notice posted at https://amazon.in,0
Your Paytm account is locked. Verify now: http://account-check.net/2uo6oaxf,1
Monthly statement available at https://microsoft.com,0
You won a reward from Microsoft! Claim: https://trackparcel.in/jnt6bc3g,1
Meeting link shared on portal. See https://microsoft.com,0
Monthly statement available at https://microsoft.com,0
Payment failed. Retry here: http://account-check.net/27locset,1
KYC pending for ICICI. Update immediately at https://secure-update.co/k2yz54es,1
Your ICICI account is locked. Verify now: http://trackparcel.in/cvzlhfdi,1
Visit our official site for updates: https://company.com,0
Class notice posted at https://college.edu,0
KYC pending for Google. Update immediately at https://account-check.net/62u2gnhu,1
Your order is confirmed on https://amazon.in,0
Courier fee ₹49 pending. Pay now: http://trackparcel.in/py8wq5fe,1
Courier fee ₹49 pending. Pay now: http://pay-now.in/80vt5qz5,1
Courier fee ₹49 pending. Pay now: http://verify-login.net/hqqhub4z,1
Monthly statement available at https://college.edu,0
Your order is confirmed on https://amazon.in,0
Your Netflix account is locked. Verify now: http://gift-claim.org/3axdowmj,1
Your Netflix account is locked. Verify now: http://gift-claim.org/ebxcsb3s,1
Meeting link shared on portal. See https://irctc.co.in,0
Your HDFC account is locked. Verify now: http://account-check.net/xwe9qiv0,1
Visit our official site for updates: https://microsoft.com,0
Your Microsoft account is locked. Verify now: http://trackparcel.in/nktsxred,1
KYC pending for Paytm. Update immediately at https://gift-claim.org/9fr3r96e,1
Monthly statement available at https://google.com,0
Class notice posted at https://college.edu,0
Courier fee ₹49 pending. Pay now: http://gift-claim.org/bqrqzyvs,1
You won a reward from Microsoft! Claim: https://pay-now.in/cwd1uq27,1
Class notice posted at https://google.com,0
Your order is confirmed on https://amazon.in,0
Courier fee ₹49 pending. Pay now: http://account-check.net/vtqi71bp,1
Visit our official site for updates: https://company.com,0
Class notice posted at https://irctc.co.in,0
Your SBI account is locked. Verify now: http://account-check.net/hsz2c4qj,1
Courier fee ₹49 pending. Pay now: http://trackparcel.in/m0zfh08c,1
Monthly statement available at https://amazon.in,0
Visit our official site for updates: https://amazon.in,0
Payment failed. Retry here: http://gift-claim.org/i3xk1fgi,1
Meeting link shared on portal. See https://google.com,0
You won a reward from Amazon! Claim: https://pay-now.in/fvyhhghg,1
Monthly statement available at https://google.com,0
Monthly statement available at https://company.com,0
KYC pending for Microsoft. Update immediately at https://trackparcel.in/3yzxshxf,1
Meeting link shared on portal. See https://amazon.in,0
Meeting link shared on portal. See https://irctc.co.in,0
Visit our official site for updates: https://college.edu,0
Your order is confirmed on https://amazon.in,0
Meeting link shared on portal. See https://google.com,0
KYC pending for Netflix. Update immediately at https://secure-update.co/qcdij91s,1
Your order is confirmed on https://company.com,0
Payment failed. Retry here: http://trackparcel.in/rpx2gwfm,1
KYC pending for Microsoft. Update immediately at https://secure-update.co/hwsfifjr,1
KYC pending for Google. Update immediately at https://trackparcel.in/5risqhz2,1
KYC pending for Paytm. Update immediately at https://trackparcel.in/hbk8le6t,1
Your HDFC account is locked. Verify now: http://pay-now.in/1k7lhppd,1
Your order is confirmed on https://company.com,0
Courier fee ₹49 pending. Pay now: http://trackparcel.in/ay13o42w,1
You won a reward from HDFC! Claim: https://secure-update.co/x40ivw55,1
KYC pending for Netflix. Update immediately at https://trackparcel.in/imecxu3b,1
Courier fee ₹49 pending. Pay now: http://secure-update.co/dxh7yayy,1
Visit our official site for updates: https://college.edu,0
Your order is confirmed on https://microsoft.com,0
Your order is confirmed on https://college.edu,0
Your order is confirmed on https://company.com,0
Your ICICI account is locked. Verify now: http://gift-claim.org/copjmaah,1
Payment failed. Retry here: http://trackparcel.in/dby7nrmw,1
KYC pending for ICICI. Update immediately at https://account-check.net/8r0by942,1
Visit our official site for updates: https://amazon.in,0
Monthly statement available at https://company.com,0
Visit our official site for updates: https://irctc.co.in,0
Your order is confirmed on https://microsoft.com,0
Class notice posted at https://irctc.co.in,0
Monthly statement available at https://irctc.co.in,0
Courier fee ₹49 pending. Pay now: http://account-check.net/prty1svi,1
Payment failed. Retry here: http://trackparcel.in/8m87ix1y,1
Courier fee ₹49 pending. Pay now: http://verify-login.net/ba8mmfiz,1
KYC pending for Paytm. Update immediately at https://trackparcel.in/jgij16pd,1
Payment failed. Retry here: http://verify-login.net/vqhtbh39,1
Visit our official site for updates: https://irctc.co.in,0
You won a reward from HDFC! Claim: https://pay-now.in/ln7asfqa,1
Payment failed. Retry here: http://gift-claim.org/bhuk4esb,1
Monthly statement available at https://company.com,0
Your Flipkart account is locked. Verify now: http://pay-now.in/a4hytom7,1
Courier fee ₹49 pending. Pay now: http://account-check.net/oblh60nv,1
Courier fee ₹49 pending. Pay now: http://trackparcel.in/09h0aulp,1
Payment failed. Retry here: http://trackparcel.in/n1u4fnq3,1
KYC pending for Netflix. Update immediately at https://trackparcel.in/6p74mj5o,1
You won a reward from ICICI! Claim: https://trackparcel.in/djr1x8hw,1
Your Paytm account is locked. Verify now: http://account-check.net/4do98088,1
KYC pending for WhatsApp. Update immediately at https://verify-login.net/wsgno7f9,1
Visit our official site for updates: https://college.edu,0
Visit our official site for updates: https://college.edu,0
Meeting link shared on portal. See https://college.edu,0
Your order is confirmed on https://google.com,0
Visit our official site for updates: https://amazon.in,0
Visit our official site for updates: https://irctc.co.in,0
Your HDFC account is locked. Verify now: http://account-check.net/m28sx959,1
Courier fee ₹49 pending. Pay now: http://secure-update.co/a5ryhdcn,1
Monthly statement available at https://college.edu,0
Your SBI account is locked. Verify now: http://verify-login.net/ii20d21k,1
Payment failed. Retry here: http://gift-claim.org/y4blbzd5,1
Monthly statement available at https://microsoft.com,0
KYC pending for Amazon. Update immediately at https://account-check.net/0lwp9v8f,1
Class notice posted at https://college.edu,0
KYC pending for WhatsApp. Update immediately at https://verify-login.net/2exbp73o,1
Payment failed. Retry here: http://account-check.net/ujh4fly5,1
KYC pending for WhatsApp. Update immediately at https://secure-update.co/l5s9t6p2,1
KYC pending for Netflix. Update immediately at https://gift-claim.org/wxxyyvxn,1
Your order is confirmed on https://amazon.in,0
KYC pending for HDFC. Update immediately at https://account-check.net/7ng7bvex,1
Courier fee ₹49 pending. Pay now: http://account-check.net/2zawo6bu,1
Your order is confirmed on https://amazon.in,0
Monthly statement available at https://google.com,0
KYC pending for Amazon. Update immediately at https://pay-now.in/kzs7xqgi,1
You won a reward from ICICI! Claim: https://secure-update.co/lr2obc4r,1
Courier fee ₹49 pending. Pay now: http://pay-now.in/b3bnese4,1
You won a reward from HDFC! Claim: https://secure-update.co/a4oxa6ww,1
Visit our official site for updates: https://irctc.co.in,0
Meeting link shared on portal. See https://irctc.co.in,0
Class notice posted at https://amazon.in,0
Meeting link shared on portal. See https://microsoft.com,0
Your Flipkart account is locked. Verify now: http://secure-update.co/83kn1c71,1
KYC pending for WhatsApp. Update immediately at https://secure-update.co/uzkvn5b3,1
Class notice posted at https://amazon.in,0
Payment failed. Retry here: http://gift-claim.org/pchpqxe4,1
Your ICICI account is locked. Verify now: http://pay-now.in/1c1zpxej,1
Meeting link shared on portal. See https://college.edu,0
Your order is confirmed on https://company.com,0
Your order is confirmed on https://google.com,0
Your ICICI account is locked. Verify now: http://verify-login.net/qynuzx5p,1
Visit our official site for updates: https://college.edu,0
You won a reward from Google! Claim: https://secure-update.co/jl56bou7,1
KYC pending for Flipkart. Update immediately at https://gift-claim.org/zmh5x37y,1
Payment failed. Retry here: http://secure-update.co/97awaw5w,1
Payment failed. Retry here: http://account-check.net/1m8rnjhu,1
Your order is confirmed on https://irctc.co.in,0
Monthly statement available at https://company.com,0
Monthly statement available at https://amazon.in,0
Visit our official site for updates: https://google.com,0
Your Paytm account is locked. Verify now: http://verify-login.net/gfrtm6xv,1
Meeting link shared on portal. See https://company.com,0
Monthly statement available at https://company.com,0
Your Google account is locked. Verify now: http://account-check.net/6mqumqok,1
Courier fee ₹49 pending. Pay now: http://secure-update.co/a45lsmh1,1
Monthly statement available at https://company.com,0
Monthly statement available at https://irctc.co.in,0
Monthly statement available at https://microsoft.com,0
Courier fee ₹49 pending. Pay now: http://gift-claim.org/ot0ci3lh,1
KYC pending for Paytm. Update immediately at https://trackparcel.in/3w80yr63,1
Class notice posted at https://google.com,0
Courier fee ₹49 pending. Pay now: http://verify-login.net/p3tazq8m,1
Payment failed. Retry here: http://secure-update.co/4kl6z6qa,1
Payment failed. Retry here: http://secure-update.co/pho5xsdx,1
You won a reward from WhatsApp! Claim: https://gift-claim.org/rogf2pg1,1
Monthly statement available at https://microsoft.com,0
Meeting link shared on portal. See https://company.com,0
Monthly statement available at https://irctc.co.in,0
You won a reward from Netflix! Claim: https://verify-login.net/lo76kdho,1
Class notice posted at https://company.com,0
Payment failed. Retry here: http://secure-update.co/74mjoptf,1
You won a reward from WhatsApp! Claim: https://secure-update.co/oran7z9v,1
Courier fee ₹49 pending. Pay now: http://trackparcel.in/8mueqmtn,1
Class notice posted at https://google.com,0
Courier fee ₹49 pending. Pay now: http://trackparcel.in/axmjgn00,1
Monthly statement available at https://college.edu,0
Class notice posted at https://company.com,0
Meeting link shared on portal. See https://google.com,0
Payment failed. Retry here: http://verify-login.net/d4mjgiw2,1
Courier fee ₹49 pending. Pay now: http://verify-login.net/qdepvniy,1
Monthly statement available at https://google.com,0
You won a reward from ICICI! Claim: https://secure-update.co/ty1rsd9b,1
Monthly statement available at https://google.com,0
Courier fee ₹49 pending. Pay now: http://gift-claim.org/vmxhucwk,1
Meeting link shared on portal. See https://irctc.co.in,0
Monthly statement available at https://amazon.in,0
Class notice posted at https://irctc.co.in,0
KYC pending for Google. Update immediately at https://verify-login.net/zu8hzacu,1
Payment failed. Retry here: http://pay-now.in/2q4xntac,1
Visit our official site for updates: https://google.com,0
Your order is confirmed on https://irctc.co.in,0
Monthly statement available at https://irctc.co.in,0
Visit our official site for updates: https://irctc.co.in,0
Monthly statement available at https://amazon.in,0
You won a reward from Google! Claim: https://trackparcel.in/z0l7br0z,1
Visit our official site for updates: https://amazon.in,0
Your order is confirmed on https://irctc.co.in,0
Courier fee ₹49 pending. Pay now: http://secure-update.co/bxeo1irq,1
Your order is confirmed on https://amazon.in,0
Visit our official site for updates: https://google.com,0
Courier fee ₹49 pending. Pay now: http://trackparcel.in/eyqvawdr,1
Payment failed. Retry here: http://account-check.net/tuyrwuuw,1
You won a reward from Amazon! Claim: https://account-check.net/o6ydeon5,1
Monthly statement available at https://company.com,0
Meeting link shared on portal. See https://company.com,0
Visit our official site for updates: https://company.com,0
Visit our official site for updates: https://company.com,0
KYC pending for Google. Update immediately at https://verify-login.net/7ixsrrrp,1
Visit our official site for updates: https://irctc.co.in,0
Class notice posted at https://irctc.co.in,0
Courier fee ₹49 pending. Pay now: http://trackparcel.in/qf25a6h6,1
Visit our official site for updates: https://amazon.in,0
You won a reward from SBI! Claim: https://trackparcel.in/6ryrdp6n,1
Courier fee ₹49 pending. Pay now: http://gift-claim.org/rm1ixegb,1
Visit our official site for updates: https://company.com,0
Monthly statement available at https://google.com,0
Meeting link shared on portal. See https://amazon.in,0
Your SBI account is locked. Verify now: http://trackparcel.in/6uqd0m3z,1
KYC pending for ICICI. Update immediately at https://trackparcel.in/n67lr6f6,1
Meeting link shared on portal. See https://company.com,0
Courier fee ₹49 pending. Pay now: http://gift-claim.org/rlaiw66r,1
Meeting link shared on portal. See https://irctc.co.in,0
Class notice posted at https://microsoft.com,0
Courier fee ₹49 pending. Pay now: http://verify-login.net/kl2dsf84,1
Visit our official site for updates: https://college.edu,0
Your order is confirmed on https://microsoft.com,0
Visit our official site for updates: https://college.edu,0
Payment failed. Retry here: http://secure-update.co/c9qdxdsg,1
Your order is confirmed on https://microsoft.com,0
Payment failed. Retry here: http://gift-claim.org/m5407k6n,1
Courier fee ₹49 pending. Pay now: http://pay-now.in/pmeqgsmy,1
Your HDFC account is locked. Verify now: http://account-check.net/uh8s1gfi,1
You won a reward from Flipkart! Claim: https://trackparcel.in/5dccntnp,1
Your order is confirmed on https://amazon.in,0
Monthly statement available at https://company.com,0
Your Google account is locked. Verify now: http://account-check.net/kr2x7k1l,1
Payment failed. Retry here: http://gift-claim.org/7vnkbici,1
Payment failed. Retry here: http://gift-claim.org/50ipcmya,1
Courier fee ₹49 pending. Pay now: http://trackparcel.in/62f0i5a3,1
Your Paytm account is locked. Verify now: http://verify-login.net/lvgduitm,1
Your order is confirmed on https://amazon.in,0
You won a reward from SBI! Claim: https://gift-claim.org/k07fj4ds,1
You won a reward from SBI! Claim: https://secure-update.co/opj51cs4,1
Visit our official site for updates: https://google.com,0
Courier fee ₹49 pending. Pay now: http://trackparcel.in/9hwikby3,1
Courier fee ₹49 pending. Pay now: http://secure-update.co/ethn34ux,1
Meeting link shared on portal. See https://college.edu,0
Visit our official site for updates: https://irctc.co.in,0
Courier fee ₹49 pending. Pay now: http://trackparcel.in/tki4aojn,1
Your WhatsApp account is locked. Verify now: http://account-check.net/8ucyjykd,1
Visit our official site for updates: https://company.com,0
Monthly statement available at https://amazon.in,0
Your order is confirmed on https://company.com,0
KYC pending for Netflix. Update immediately at https://pay-now.in/lj4mymab,1
KYC pending for WhatsApp. Update immediately at https://gift-claim.org/23t0cabk,1
Your order is confirmed on https://amazon.in,0
KYC pending for Google. Update immediately at https://secure-update.co/vzavayep,1
Payment failed. Retry here: http://gift-claim.org/bl43sqdb,1
Payment failed. Retry here: http://pay-now.in/72h7p93u,1
Your Paytm account is locked. Verify now: http://gift-claim.org/3rnekvfk,1
Meeting link shared on portal. See https://google.com,0
Monthly statement available at https://microsoft.com,0
Meeting link shared on portal. See https://amazon.in,0
Your order is confirmed on https://amazon.in,0
Class notice posted at https://company.com,0
Meeting link shared on portal. See https://microsoft.com,0
Your Flipkart account is locked. Verify now: http://gift-claim.org/kozlbrgt,1
KYC pending for WhatsApp. Update immediately at https://gift-claim.org/l5ju8quo,1
Payment failed. Retry here: http://trackparcel.in/oz8d63j3,1
Class notice posted at https://company.com,0
Your HDFC account is locked. Verify now: http://secure-update.co/pjwsgnq7,1
Class notice posted at https://microsoft.com,0
Your SBI account is locked. Verify now: http://verify-login.net/btrxo4by,1
Monthly statement available at https://irctc.co.in,0
Your order is confirmed on https://college.edu,0
Meeting link shared on portal. See https://amazon.in,0
Your Google account is locked. Verify now: http://gift-claim.org/jcdsunmn,1
Your Netflix account is locked. Verify now: http://pay-now.in/ia2l59jd,1
Your Paytm account is locked. Verify now: http://secure-update.co/rcksxg0b,1
You won a reward from Google! Claim: https://trackparcel.in/iv2mblm6,1
Courier fee ₹49 pending. Pay now: http://pay-now.in/t6mz1ou7,1
Class notice posted at https://google.com,0
You won a reward from Microsoft! Claim: https://trackparcel.in/bim9s9b7,1
You won a reward from Microsoft! Claim: https://gift-claim.org/az93v0ml,1
Payment failed. Retry here: http://account-check.net/owq1jae2,1
Courier fee ₹49 pending. Pay now: http://gift-claim.org/nek41t1j,1
Your WhatsApp account is locked. Verify now: http://verify-login.net/de5gqhrp,1
You won a reward from ICICI! Claim: https://account-check.net/p8pal2ei,1
Payment failed. Retry here: http://pay-now.in/umvtidg4,1
Courier fee ₹49 pending. Pay now: http://verify-login.net/dny2xzg6,1
Monthly statement available at https://irctc.co.in,0
Meeting link shared on portal. See https://company.com,0
Payment failed. Retry here: http://trackparcel.in/7d4mztj1,1
Visit our official site for updates: https://company.com,0
Meeting link shared on portal. See https://google.com,0
Courier fee ₹49 pending. Pay now: http://pay-now.in/2ijjan3x,1
Your HDFC account is locked. Verify now: http://secure-update.co/xk5r4gws,1
Meeting link shared on portal. See https://google.com,0
Courier fee ₹49 pending. Pay now: http://account-check.net/y4r3ltm2,1
You won a reward from HDFC! Claim: https://pay-now.in/dhbmr9sh,1
Payment failed. Retry here: http://pay-now.in/eziniz53,1
Payment failed. Retry here: http://trackparcel.in/3hreurvt,1
Your order is confirmed on https://microsoft.com,0
Visit our official site for updates: https://amazon.in,0
Visit our official site for updates: https://amazon.in,0
Courier fee ₹49 pending. Pay now: http://secure-update.co/tns4cqcu,1
Visit our official site for updates: https://microsoft.com,0
Meeting link shared on portal. See https://microsoft.com,0
You won a reward from Amazon! Claim: https://secure-update.co/f81asx63,1
Payment failed. Retry here: http://account-check.net/3nx4iwhj,1
Class notice posted at https://company.com,0
You won a reward from Netflix! Claim: https://account-check.net/1lz3k6k6,1
Payment failed. Retry here: http://trackparcel.in/406vnmwf,1
You won a reward from Flipkart! Claim: https://secure-update.co/gp7ex6wb,1
Visit our official site for updates: https://microsoft.com,0
Meeting link shared on portal. See https://college.edu,0
You won a reward from Paytm! Claim: https://verify-login.net/av063mj8,1
Class notice posted at https://google.com,0
Your order is confirmed on https://company.com,0
Courier fee ₹49 pending. Pay now: http://account-check.net/dvsjz4ir,1
Monthly statement available at https://amazon.in,0
Courier fee ₹49 pending. Pay now: http://pay-now.in/l5rnhn7f,1
You won a reward from Google! Claim: https://account-check.net/rc9y0ub2,1
Visit our official site for updates: https://google.com,0
Visit our official site for updates: https://company.com,0
Your order is confirmed on https://college.edu,0
You won a reward from Netflix! Claim: https://trackparcel.in/5n9cjnsl,1
You won a reward from ICICI! Claim: https://gift-claim.org/rew4zi9e,1
Class notice posted at https://college.edu,0
You won a reward from Google! Claim: https://trackparcel.in/3furgixh,1
KYC pending for SBI. Update immediately at https://gift-claim.org/oxx6ix47,1
Meeting link shared on portal. See https://irctc.co.in,0
Payment failed. Retry here: http://pay-now.in/kfy0jjub,1
Class notice posted at https://company.com,0
Your Microsoft account is locked. Verify now: http://verify-login.net/zwdm521h,1
Monthly statement available at https://college.edu,0
Payment failed. Retry here: http://secure-update.co/c02lthoh,1
You won a reward from Flipkart! Claim: https://pay-now.in/l078nkbz,1
Monthly statement available at https://amazon.in,0
Payment failed. Retry here: http://pay-now.in/gsa1m0dl,1
KYC pending for ICICI. Update immediately at https://pay-now.in/frnf3dcv,1
You won a reward from Flipkart! Claim: https://verify-login.net/6bh99ue5,1
Monthly statement available at https://irctc.co.in,0
You won a reward from Flipkart! Claim: https://pay-now.in/owaryujb,1
Your order is confirmed on https://irctc.co.in,0
Class notice posted at https://college.edu,0
Meeting link shared on portal. See https://microsoft.com,0
KYC pending for Flipkart. Update immediately at https://account-check.net/d191ldoo,1
You won a reward from WhatsApp! Claim: https://account-check.net/cc86kc2k,1
Class notice posted at https://google.com,0
Your WhatsApp account is locked. Verify now: http://gift-claim.org/20fjqhap,1
Payment failed. Retry here: http://pay-now.in/xpe7qri8,1
Courier fee ₹49 pending. Pay now: http://verify-login.net/grzzc9n8,1
Courier fee ₹49 pending. Pay now: http://verify-login.net/m3ufz6ij,1
Class notice posted at https://college.edu,0
KYC pending for SBI. Update immediately at https://secure-update.co/43pgi5gs,1
Class notice posted at https://microsoft.com,0
Monthly statement available at https://irctc.co.in,0
Your Google account is locked. Verify now: http://trackparcel.in/nf99ir2s,1
You won a reward from HDFC! Claim: https://verify-login.net/meatgjxi,1
Class notice posted at https://irctc.co.in,0
Monthly statement available at https://microsoft.com,0
Class notice posted at https://google.com,0
Meeting link shared on portal. See https://irctc.co.in,0
Meeting link shared on portal. See https://microsoft.com,0
Your Google account is locked. Verify now: http://trackparcel.in/xsvvf6qe,1
Class notice posted at https://company.com,0
You won a reward from Microsoft! Claim: https://gift-claim.org/4epbfzqt,1
Your order is confirmed on https://google.com,0
Courier fee ₹49 pending. Pay now: http://pay-now.in/6esl9r9f,1
Your Amazon account is locked. Verify now: http://trackparcel.in/7469vqfy,1
Payment failed. Retry here: http://account-check.net/6f07s23n,1
You won a reward from Paytm! Claim: https://verify-login.net/7sssza02,1
KYC pending for ICICI. Update immediately at https://account-check.net/nusjznge,1
Monthly statement available at https://amazon.in,0
Visit our official site for updates: https://irctc.co.in,0
Class notice posted at https://irctc.co.in,0
You won a reward from HDFC! Claim: https://pay-now.in/ledbilyi,1
Visit our official site for updates: https://college.edu,0
Visit our official site for updates: https://irctc.co.in,0
Meeting link shared on portal. See https://amazon.in,0
Your Amazon account is locked. Verify now: http://gift-claim.org/0fbh2ut0,1
Class notice posted at https://company.com,0
Courier fee ₹49 pending. Pay now: http://account-check.net/x89hb517,1
Visit our official site for updates: https://amazon.in,0
Your Flipkart account is locked. Verify now: http://account-check.net/j5o4ksgy,1
You won a reward from Paytm! Claim: https://gift-claim.org/h8misgyg,1
You won a reward from Paytm! Claim: https://secure-update.co/ywqjhuip,1
KYC pending for Paytm. Update immediately at https://secure-update.co/64572xs0,1
Visit our official site for updates: https://irctc.co.in,0
Your order is confirmed on https://amazon.in,0
Your WhatsApp account is locked. Verify now: http://trackparcel.in/h98q45n2,1
Payment failed. Retry here: http://verify-login.net/a07wpvel,1
Your order is confirmed on https://google.com,0
Courier fee ₹49 pending. Pay now: http://trackparcel.in/va5c857c,1
Payment failed. Retry here: http://verify-login.net/tb4l9yrn,1
KYC pending for ICICI. Update immediately at https://verify-login.net/bm0va79h,1
You won a reward from ICICI! Claim: https://verify-login.net/qga0xsnh,1
Monthly statement available at https://microsoft.com,0
Your WhatsApp account is locked. Verify now: http://account-check.net/qzsu23uz,1
Payment failed. Retry here: http://gift-claim.org/kyf7hxbv,1
Payment failed. Retry here: http://verify-login.net/hku8u0fy,1
Monthly statement available at https://college.edu,0
Courier fee ₹49 pending. Pay now: http://trackparcel.in/tcpnn27z,1
Visit our official site for updates: https://microsoft.com,0
KYC pending for ICICI. Update immediately at https://secure-update.co/jsaalkcd,1
Class notice posted at https://amazon.in,0
KYC pending for Google. Update immediately at https://secure-update.co/yrusd6hx,1
You won a reward from HDFC! Claim: https://gift-claim.org/z40704fl,1
Class notice posted at https://company.com,0
Monthly statement available at https://google.com,0
Visit our official site for updates: https://irctc.co.in,0
Courier fee ₹49 pending. Pay now: http://secure-update.co/pdfde7b0,1
Class notice posted at https://google.com,0
KYC pending for ICICI. Update immediately at https://verify-login.net/3jcmp87d,1
KYC pending for HDFC. Update immediately at https://secure-update.co/hfog89rp,1
Payment failed. Retry here: http://pay-now.in/4i69ol1l,1
KYC pending for Google. Update immediately at https://account-check.net/tzi2un0l,1
Payment failed. Retry here: http://trackparcel.in/idgla0l1,1
Monthly statement available at https://company.com,0
KYC pending for ICICI. Update immediately at https://secure-update.co/m1efkz7b,1
Class notice posted at https://irctc.co.in,0
Payment failed. Retry here: http://trackparcel.in/bk54gwag,1
Class notice posted at https://irctc.co.in,0
Meeting link shared on portal. See https://amazon.in,0
Payment failed. Retry here: http://account-check.net/ggqwouwc,1
Class notice posted at https://irctc.co.in,0
Your Netflix account is locked. Verify now: http://trackparcel.in/28hk62p6,1
Class notice posted at https://amazon.in,0
Monthly statement available at https://microsoft.com,0
Courier fee ₹49 pending. Pay now: http://secure-update.co/5z7cjtao,1
Payment failed. Retry here: http://secure-update.co/thyru6lc,1
KYC pending for HDFC. Update immediately at https://verify-login.net/cxnkrgmh,1
KYC pending for Paytm. Update immediately at https://pay-now.in/jlt13ll4,1
Courier fee ₹49 pending. Pay now: http://account-check.net/wsa1vk7m,1
You won a reward from Flipkart! Claim: https://pay-now.in/f7xa8dgi,1
Visit our official site for updates: https://company.com,0
Visit our official site for updates: https://company.com,0
Visit our official site for updates: https://amazon.in,0
Courier fee ₹49 pending. Pay now: http://account-check.net/hnearswq,1
Courier fee ₹49 pending. Pay now: http://pay-now.in/59t9gxyw,1
Monthly statement available at https://microsoft.com,0
Courier fee ₹49 pending. Pay now: http://gift-claim.org/hrb20ecm,1
Class notice posted at https://irctc.co.in,0
Your order is confirmed on https://google.com,0
Meeting link shared on portal. See https://college.edu,0
KYC pending for WhatsApp. Update immediately at https://trackparcel.in/63m62ztq,1
Courier fee ₹49 pending. Pay now: http://gift-claim.org/2r9rz9f9,1
Meeting link shared on portal. See https://microsoft.com,0
KYC pending for Google. Update immediately at https://trackparcel.in/x4t5ne3i,1
Your order is confirmed on https://company.com,0
You won a reward from ICICI! Claim: https://account-check.net/j492zrom,1
KYC pending for Flipkart. Update immediately at https://gift-claim.org/ftjiqwai,1
You won a reward from HDFC! Claim: https://gift-claim.org/b9kq3cze,1
Your order is confirmed on https://company.com,0
Courier fee ₹49 pending. Pay now: http://gift-claim.org/wuq4emtr,1
Visit our official site for updates: https://irctc.co.in,0
Meeting link shared on portal. See https://irctc.co.in,0
Your order is confirmed on https://microsoft.com,0
You won a reward from SBI! Claim: https://gift-claim.org/h7e1gynq,1
Courier fee ₹49 pending. Pay now: http://pay-now.in/s470hurc,1
KYC pending for Netflix. Update immediately at https://verify-login.net/w0en3dfp,1
Your Google account is locked. Verify now: http://verify-login.net/cnspfx4o,1
You won a reward from SBI! Claim: https://verify-login.net/m1kcc8b9,1
Your order is confirmed on https://microsoft.com,0
Meeting link shared on portal. See https://google.com,0
Meeting link shared on portal. See https://irctc.co.in,0
You won a reward from HDFC! Claim: https://verify-login.net/4lo83oti,1
Class notice posted at https://google.com,0
Your HDFC account is locked. Verify now: http://verify-login.net/c27a7gvo,1
Your order is confirmed on https://google.com,0
Class notice posted at https://google.com,0
Class notice posted at https://irctc.co.in,0
Payment failed. Retry here: http://secure-update.co/n1kb5fnh,1
Payment failed. Retry here: http://pay-now.in/4ruy07nr,1
Visit our official site for updates: https://college.edu,0
Meeting link shared on portal. See https://company.com,0
Your ICICI account is locked. Verify now: http://gift-claim.org/v8ufv3qw,1
Monthly statement available at https://microsoft.com,0
Your HDFC account is locked. Verify now: http://pay-now.in/jucmpe0t,1
Class notice posted at https://college.edu,0
Visit our official site for updates: https://google.com,0
Payment failed. Retry here: http://secure-update.co/pldwonet,1
Meeting link shared on portal. See https://microsoft.com,0
Your Amazon account is locked. Verify now: http://pay-now.in/9tlgxshy,1
Meeting link shared on portal. See https://company.com,0
Visit our official site for updates: https://irctc.co.in,0
You won a reward from Google! Claim: https://pay-now.in/jnqay5ho,1
KYC pending for Netflix. Update immediately at https://account-check.net/2yyfeo1m,1
Meeting link shared on portal. See https://company.com,0
Visit our official site for updates: https://google.com,0
KYC pending for Google. Update immediately at https://verify-login.net/kkift2i0,1
KYC pending for Microsoft. Update immediately at https://pay-now.in/xda8vmd9,1
Monthly statement available at https://amazon.in,0
KYC pending for Microsoft. Update immediately at https://trackparcel.in/xvlwvg4x,1
Visit our official site for updates: https://amazon.in,0
You won a reward from Amazon! Claim: https://account-check.net/ij191nbm,1
Meeting link shared on portal. See https://microsoft.com,0
Meeting link shared on portal. See https://irctc.co.in,0
Your order is confirmed on https://amazon.in,0
You won a reward from Microsoft! Claim: https://trackparcel.in/ugug09o4,1
Meeting link shared on portal. See https://company.com,0
Meeting link shared on portal. See https://amazon.in,0
Your order is confirmed on https://amazon.in,0
Visit our official site for updates: https://college.edu,0
Courier fee ₹49 pending. Pay now: http://secure-update.co/xgqzpbn9,1
Monthly statement available at https://company.com,0
Your order is confirmed on https://microsoft.com,0
Payment failed. Retry here: http://secure-update.co/vqyrk67n,1
Your Microsoft account is locked. Verify now: http://pay-now.in/w66ynnls,1
You won a reward from WhatsApp! Claim: https://secure-update.co/phzz7f81,1
KYC pending for Flipkart. Update immediately at https://account-check.net/2yg5a388,1
Class notice posted at https://college.edu,0
Your order is confirmed on https://college.edu,0
Monthly statement available at https://microsoft.com,0
Monthly statement available at https://amazon.in,0
KYC pending for HDFC. Update immediately at https://pay-now.in/imx2pml8,1
KYC pending for WhatsApp. Update immediately at https://secure-update.co/85hryrlf,1
Your order is confirmed on https://amazon.in,0
Visit our official site for updates: https://irctc.co.in,0
Class notice posted at https://amazon.in,0
Payment failed. Retry here: http://gift-claim.org/xloz84rl,1
Visit our official site for updates: https://irctc.co.in,0
Your ICICI account is locked. Verify now: http://verify-login.net/eh0t15le,1
Payment failed. Retry here: http://trackparcel.in/egfe6a6e,1
Your order is confirmed on https://amazon.in,0
Visit our official site for updates: https://irctc.co.in,0
Class notice posted at https://google.com,0
You won a reward from HDFC! Claim: https://secure-update.co/r348987f,1
You won a reward from HDFC! Claim: https://secure-update.co/p066w7dr,1
Monthly statement available at https://irctc.co.in,0
Your order is confirmed on https://college.edu,0
Monthly statement available at https://microsoft.com,0
Your order is confirmed on https://microsoft.com,0
Courier fee ₹49 pending. Pay now: http://verify-login.net/mq4f6eol,1
Visit our official site for updates: https://microsoft.com,0
KYC pending for Netflix. Update immediately at https://verify-login.net/hrnkvsbi,1
Visit our official site for updates: https://irctc.co.in,0
You won a reward from Amazon! Claim: https://trackparcel.in/klvji8ta,1
Your Flipkart account is locked. Verify now: http://gift-claim.org/uprn8pqy,1
Visit our official site for updates: https://college.edu,0
Visit our official site for updates: https://google.com,0
Meeting link shared on portal. See https://amazon.in,0
You won a reward from Paytm! Claim: https://secure-update.co/6csakdb1,1
KYC pending for Google. Update immediately at https://account-check.net/ti7a4vpz,1
Your order is confirmed on https://google.com,0
Monthly statement available at https://amazon.in,0
Monthly statement available at https://amazon.in,0
Visit our official site for updates: https://microsoft.com,0
You won a reward from Paytm! Claim: https://trackparcel.in/brdqz35o,1
Courier fee ₹49 pending. Pay now: http://pay-now.in/ohuo02y9,1
You won a reward from HDFC! Claim: https://secure-update.co/jjhzei3f,1
Meeting link shared on portal. See https://college.edu,0
Monthly statement available at https://google.com,0
Visit our official site for updates: https://irctc.co.in,0
Your order is confirmed on https://google.com,0
Your order is confirmed on https://college.edu,0
Your Netflix account is locked. Verify now: http://secure-update.co/gitl2ys5,1
Meeting link shared on portal. See https://google.com,0
KYC pending for WhatsApp. Update immediately at https://gift-claim.org/wum3kbim,1
Meeting link shared on portal. See https://college.edu,0
Class notice posted at https://company.com,0
Meeting link shared on portal. See https://google.com,0
Monthly statement available at https://company.com,0
Visit our official site for updates: https://microsoft.com,0
Visit our official site for updates: https://google.com,0
KYC pending for Amazon. Update immediately at https://pay-now.in/v49mkra5,1
Courier fee ₹49 pending. Pay now: http://gift-claim.org/3nywby9c,1
Payment failed. Retry here: http://verify-login.net/x4dkzwgw,1
Your Flipkart account is locked. Verify now: http://gift-claim.org/1osutrgj,1
KYC pending for ICICI. Update immediately at https://pay-now.in/ztlwddgi,1
Visit our official site for updates: https://college.edu,0
Payment failed. Retry here: http://secure-update.co/icaqwtvc,1
Monthly statement available at https://company.com,0
Meeting link shared on portal. See https://irctc.co.in,0
Class notice posted at https://company.com,0
KYC pending for Amazon. Update immediately at https://trackparcel.in/qnlyydqo,1
KYC pending for WhatsApp. Update immediately at https://secure-update.co/afercnnq,1
Visit our official site for updates: https://company.com,0
Monthly statement available at https://company.com,0
Visit our official site for updates: https://irctc.co.in,0
Class notice posted at https://amazon.in,0
Courier fee ₹49 pending. Pay now: http://trackparcel.in/21shqkmi,1
Payment failed. Retry here: http://pay-now.in/mty1hnas,1
Your Amazon account is locked. Verify now: http://pay-now.in/q5oplwlk,1
You won a reward from Amazon! Claim: https://pay-now.in/v9bhcz46,1
Your SBI account is locked. Verify now: http://pay-now.in/7xdekm7a,1
Meeting link shared on portal. See https://amazon.in,0
Visit our official site for updates: https://microsoft.com,0
KYC pending for Google. Update immediately at https://secure-update.co/eylua8zl,1
Meeting link shared on portal. See https://irctc.co.in,0
Your Google account is locked. Verify now: http://verify-login.net/36ffg2b8,1
Meeting link shared on portal. See https://amazon.in,0
Courier fee ₹49 pending. Pay now: http://secure-update.co/068p5eni,1
You won a reward from SBI! Claim: https://secure-update.co/bq1v3wk7,1
Your Paytm account is locked. Verify now: http://pay-now.in/jpmd5tx1,1
Your order is confirmed on https://irctc.co.in,0
Visit our official site for updates: https://microsoft.com,0
KYC pending for Amazon. Update immediately at https://trackparcel.in/98875zta,1
You won a reward from WhatsApp! Claim: https://secure-update.co/2er2gnat,1
Your ICICI account is locked. Verify now: http://trackparcel.in/cl3htixx,1
Payment failed. Retry here: http://trackparcel.in/36mxwjfu,1
Class notice posted at https://company.com,0
Your order is confirmed on https://college.edu,0
You won a reward from Flipkart! Claim: https://account-check.net/bgoifnyh,1
You won a reward from WhatsApp! Claim: https://pay-now.in/yjdsnc8r,1
Your HDFC account is locked. Verify now: http://account-check.net/8esuameo,1
KYC pending for Microsoft. Update immediately at https://trackparcel.in/dabpv302,1
Meeting link shared on portal. See https://college.edu,0
Class notice posted at https://amazon.in,0
Visit our official site for updates: https://google.com,0
Monthly statement available at https://google.com,0
Visit our official site for updates: https://microsoft.com,0
Class notice posted at https://college.edu,0
You won a reward from WhatsApp! Claim: https://secure-update.co/hhgyirv9,1
Visit our official site for updates: https://google.com,0
Payment failed. Retry here: http://verify-login.net/zy3ongev,1
Your order is confirmed on https://google.com,0
Your SBI account is locked. Verify now: http://trackparcel.in/0eujepqu,1
Meeting link shared on portal. See https://microsoft.com,0
Courier fee ₹49 pending. Pay now: http://gift-claim.org/98daku53,1
Class notice posted at https://college.edu,0
You won a reward from HDFC! Claim: https://verify-login.net/s6g66or9,1
Meeting link shared on portal. See https://google.com,0
Class notice posted at https://irctc.co.in,0
Courier fee ₹49 pending. Pay now: http://verify-login.net/l0tl4wo4,1
You won a reward from Flipkart! Claim: https://pay-now.in/pfzz2yu6,1
Class notice posted at https://amazon.in,0
Courier fee ₹49 pending. Pay now: http://trackparcel.in/rkpsg5kl,1
Payment failed. Retry here: http://trackparcel.in/1gdcp7cm,1
Meeting link shared on portal. See https://amazon.in,0
Your Flipkart account is locked. Verify now: http://verify-login.net/4fjh7xc1,1
Visit our official site for updates: https://microsoft.com,0
Courier fee ₹49 pending. Pay now: http://account-check.net/67pphqty,1
Your WhatsApp account is locked. Verify now: http://account-check.net/qyikjc2c,1
Meeting link shared on portal. See https://irctc.co.in,0
KYC pending for WhatsApp. Update immediately at https://secure-update.co/8twsf66m,1
Your order is confirmed on https://microsoft.com,0
Monthly statement available at https://amazon.in,0
Visit our official site for updates: https://microsoft.com,0
You won a reward from Flipkart! Claim: https://gift-claim.org/7i101xvr,1
You won a reward from HDFC! Claim: https://gift-claim.org/nze1a8nh,1
Your order is confirmed on https://amazon.in,0
Your order is confirmed on https://microsoft.com,0
Meeting link shared on portal. See https://college.edu,0
Courier fee ₹49 pending. Pay now: http://verify-login.net/n3hhyh00,1
Your order is confirmed on https://microsoft.com,0
Meeting link shared on portal. See https://college.edu,0
Your Flipkart account is locked. Verify now: http://account-check.net/3ot9daba,1
You won a reward from Netflix! Claim: https://trackparcel.in/dxgvgc93,1
Visit our official site for updates: https://amazon.in,0
Your order is confirmed on https://company.com,0
KYC pending for Paytm. Update immediately at https://gift-claim.org/towkxgc2,1
Visit our official site for updates: https://irctc.co.in,0
KYC pending for SBI. Update immediately at https://pay-now.in/jf0dew8p,1
Your order is confirmed on https://company.com,0
Your Google account is locked. Verify now: http://verify-login.net/50k6w7bh,1
Class notice posted at https://microsoft.com,0
Courier fee ₹49 pending. Pay now: http://pay-now.in/8b22yg6s,1
Your order is confirmed on https://microsoft.com,0
Meeting link shared on portal. See https://amazon.in,0
Your order is confirmed on https://company.com,0
Class notice posted at https://microsoft.com,0
Courier fee ₹49 pending. Pay now: http://account-check.net/z0uc4h2i,1
You won a reward from SBI! Claim: https://verify-login.net/yeex1e21,1
Class notice posted at https://amazon.in,0
You won a reward from Google! Claim: https://trackparcel.in/byg1nqxr,1
Your SBI account is locked. Verify now: http://trackparcel.in/krs7rwgo,1
Visit our official site for updates: https://college.edu,0
Monthly statement available at https://google.com,0
Visit our official site for updates: https://google.com,0
You won a reward from Paytm! Claim: https://verify-login.net/4fnjyhp7,1
Visit our official site for updates: https://company.com,0
Payment failed. Retry here: http://gift-claim.org/rx9qs43p,1
Meeting link shared on portal. See https://college.edu,0
Monthly statement available at https://amazon.in,0
Your order is confirmed on https://amazon.in,0
KYC pending for Netflix. Update immediately at https://account-check.net/l3061jx3,1
Class notice posted at https://microsoft.com,0
You won a reward from Flipkart! Claim: https://trackparcel.in/3w2d5vxn,1
Your SBI account is locked. Verify now: http://secure-update.co/ybpcv0w9,1
Visit our official site for updates: https://company.com,0
Your Paytm account is locked. Verify now: http://gift-claim.org/xb8njonz,1
Visit our official site for updates: https://google.com,0
Your Microsoft account is locked. Verify now: http://account-check.net/7yw4mb9b,1
Payment failed. Retry here: http://account-check.net/2bl84dzg,1
Your order is confirmed on https://google.com,0
Visit our official site for updates: https://irctc.co.in,0
Meeting link shared on portal. See https://amazon.in,0
Monthly statement available at https://microsoft.com,0
Visit our official site for updates: https://microsoft.com,0
Monthly statement available at https://college.edu,0
Meeting link shared on portal. See https://college.edu,0
Class notice posted at https://amazon.in,0
Your order is confirmed on https://microsoft.com,0
You won a reward from Paytm! Claim: https://gift-claim.org/lv3o9jb1,1
KYC pending for Paytm. Update immediately at https://verify-login.net/xuvojh5s,1
Payment failed. Retry here: http://account-check.net/cqyg5yzc,1
Class notice posted at https://irctc.co.in,0
Courier fee ₹49 pending. Pay now: http://verify-login.net/d4dqfebh,1
You won a reward from Netflix! Claim: https://pay-now.in/rc6ple5q,1
You won a reward from Microsoft! Claim: https://verify-login.net/70im1qvq,1
Payment failed. Retry here: http://trackparcel.in/iwjx01xz,1
You won a reward from Amazon! Claim: https://gift-claim.org/dmmufdvh,1
Payment failed. Retry here: http://trackparcel.in/5j14fvaf,1
Payment failed. Retry here: http://account-check.net/uzzudncp,1
KYC pending for HDFC. Update immediately at https://gift-claim.org/jv9ix80u,1
Your order is confirmed on https://college.edu,0
Monthly statement available at https://microsoft.com,0
Class notice posted at https://college.edu,0
Visit our official site for updates: https://microsoft.com,0
KYC pending for ICICI. Update immediately at https://trackparcel.in/yspxzlth,1
Courier fee ₹49 pending. Pay now: http://account-check.net/rud15jbf,1
Class notice posted at https://microsoft.com,0
You won a reward from Netflix! Claim: https://pay-now.in/p72awybq,1
Monthly statement available at https://college.edu,0
KYC pending for Microsoft. Update immediately at https://secure-update.co/dyy04mej,1
Visit our official site for updates: https://google.com,0
Monthly statement available at https://amazon.in,0
Courier fee ₹49 pending. Pay now: http://gift-claim.org/yytbxc7y,1
Meeting link shared on portal. See https://company.com,0
Monthly statement available at https://google.com,0
Class notice posted at https://irctc.co.in,0
Courier fee ₹49 pending. Pay now: http://account-check.net/2gsyfb1t,1
Courier fee ₹49 pending. Pay now: http://gift-claim.org/pq2beopp,1
KYC pending for Google. Update immediately at https://pay-now.in/2ry4a0xs,1
Meeting link shared on portal. See https://google.com,0
Courier fee ₹49 pending. Pay now: http://gift-claim.org/uq3lri9e,1
Monthly statement available at https://college.edu,0
Payment failed. Retry here: http://trackparcel.in/rnqp5q5a,1
Class notice posted at https://irctc.co.in,0
Meeting link shared on portal. See https://microsoft.com,0
Visit our official site for updates: https://college.edu,0
Payment failed. Retry here: http://verify-login.net/2k3ntiyk,1
Payment failed. Retry here: http://gift-claim.org/w1qb7dk6,1
Class notice posted at https://google.com,0
KYC pending for WhatsApp. Update immediately at https://account-check.net/k5lntlqv,1
Visit our official site for updates: https://amazon.in,0
You won a reward from ICICI! Claim: https://secure-update.co/02rbyuco,1
Courier fee ₹49 pending. Pay now: http://verify-login.net/yhrom75w,1
KYC pending for Microsoft. Update immediately at https://gift-claim.org/7l0hjjx3,1
Payment failed. Retry here: http://gift-claim.org/67sjt3zl,1
Visit our official site for updates: https://company.com,0
Your order is confirmed on https://company.com,0
Your ICICI account is locked. Verify now: http://pay-now.in/o3dpb64g,1
Courier fee ₹49 pending. Pay now: http://pay-now.in/yt91t4iu,1
You won a reward from Netflix! Claim: https://gift-claim.org/cg0psgqg,1
Monthly statement available at https://google.com,0
Payment failed. Retry here: http://trackparcel.in/1uowo4ma,1
KYC pending for SBI. Update immediately at https://verify-login.net/81x64cei,1
Payment failed. Retry here: http://account-check.net/9itvws9x,1
Class notice posted at https://google.com,0
Class notice posted at https://company.com,0
KYC pending for ICICI. Update immediately at https://trackparcel.in/9azdve0l,1
Courier fee ₹49 pending. Pay now: http://secure-update.co/1eyxxqxb,1
Courier fee ₹49 pending. Pay now: http://verify-login.net/efpl48oi,1
Your Amazon account is locked. Verify now: http://gift-claim.org/uh58nwgm,1
Payment failed. Retry here: http://account-check.net/bhsett6c,1
Monthly statement available at https://company.com,0
Courier fee ₹49 pending. Pay now: http://trackparcel.in/zhteg7n7,1
Payment failed. Retry here: http://verify-login.net/whksnb7s,1
You won a reward from ICICI! Claim: https://trackparcel.in/nequzeww,1
Monthly statement available at https://amazon.in,0
Your order is confirmed on https://microsoft.com,0
Visit our official site for updates: https://college.edu,0
Your order is confirmed on https://college.edu,0
Monthly statement available at https://college.edu,0
You won a reward from SBI! Claim: https://account-check.net/kmu7ytjz,1
Courier fee ₹49 pending. Pay now: http://account-check.net/wsemcsut,1
Your Amazon account is locked. Verify now: http://verify-login.net/a46mjha2,1
Your order is confirmed on https://amazon.in,0
Your order is confirmed on https://college.edu,0
KYC pending for Flipkart. Update immediately at https://gift-claim.org/mbd3mvke,1
Courier fee ₹49 pending. Pay now: http://verify-login.net/2xdlnv4b,1
Courier fee ₹49 pending. Pay now: http://trackparcel.in/a7yjt0f6,1
Your order is confirmed on https://irctc.co.in,0
KYC pending for ICICI. Update immediately at https://pay-now.in/o1dcp738,1
Meeting link shared on portal. See https://college.edu,0
Monthly statement available at https://microsoft.com,0
Courier fee ₹49 pending. Pay now: http://pay-now.in/rlqss6y7,1
Meeting link shared on portal. See https://microsoft.com,0
Visit our official site for updates: https://college.edu,0
Courier fee ₹49 pending. Pay now: http://gift-claim.org/gi9unhex,1
Your order is confirmed on https://google.com,0
Class notice posted at https://college.edu,0
Monthly statement available at https://microsoft.com,0
You won a reward from ICICI! Claim: https://verify-login.net/k8759eex,1
Your order is confirmed on https://company.com,0
KYC pending for HDFC. Update immediately at https://pay-now.in/4ipw40rq,1
Visit our official site for updates: https://google.com,0
Monthly statement available at https://irctc.co.in,0
Courier fee ₹49 pending. Pay now: http://verify-login.net/6qb2p7pz,1
Payment failed. Retry here: http://secure-update.co/tb8w1ahu,1
Meeting link shared on portal. See https://irctc.co.in,0
Visit our official site for updates: https://microsoft.com,0
Class notice posted at https://irctc.co.in,0
Your Netflix account is locked. Verify now: http://gift-claim.org/60ax9xpj,1
You won a reward from Netflix! Claim: https://trackparcel.in/yjajrn5s,1
Visit our official site for updates: https://microsoft.com,0
Payment failed. Retry here: http://verify-login.net/ukkafpk8,1
Payment failed. Retry here: http://verify-login.net/zd3jsf7j,1
Your Microsoft account is locked. Verify now: http://account-check.net/a1xbl26w,1
Courier fee ₹49 pending. Pay now: http://verify-login.net/xm9iz79v,1
Class notice posted at https://microsoft.com,0
Class notice posted at https://google.com,0
Monthly statement available at https://google.com,0
Your HDFC account is locked. Verify now: http://trackparcel.in/0hismua2,1
Your order is confirmed on https://google.com,0
Your order is confirmed on https://irctc.co.in,0
KYC pending for Flipkart. Update immediately at https://pay-now.in/6sb4x6d0,1
Your order is confirmed on https://irctc.co.in,0
Your Microsoft account is locked. Verify now: http://secure-update.co/07hdazfu,1
Monthly statement available at https://irctc.co.in,0
Monthly statement available at https://company.com,0
Class notice posted at https://google.com,0
Payment failed. Retry here: http://secure-update.co/7gxh31mg,1
You won a reward from Paytm! Claim: https://trackparcel.in/el5kb8il,1
Courier fee ₹49 pending. Pay now: http://verify-login.net/jac1r1yb,1
KYC pending for Amazon. Update immediately at https://secure-update.co/d76zjz9d,1
Payment failed. Retry here: http://gift-claim.org/vwezzvfs,1
Payment failed. Retry here: http://account-check.net/4f3ww7hs,1
KYC pending for SBI. Update immediately at https://account-check.net/37x2iejl,1
Class notice posted at https://microsoft.com,0
Monthly statement available at https://irctc.co.in,0
Monthly statement available at https://college.edu,0
Payment failed. Retry here: http://pay-now.in/yeviqej3,1
Your Flipkart account is locked. Verify now: http://pay-now.in/mcoozi3t,1
KYC pending for SBI. Update immediately at https://account-check.net/ba60mg7l,1
Your order is confirmed on https://microsoft.com,0
Your Google account is locked. Verify now: http://trackparcel.in/qtpymme4,1
Payment failed. Retry here: http://trackparcel.in/vc49lnfd,1
Monthly statement available at https://microsoft.com,0
Visit our official site for updates: https://company.com,0
Courier fee ₹49 pending. Pay now: http://pay-now.in/64pbqsya,1
Visit our official site for updates: https://microsoft.com,0
Courier fee ₹49 pending. Pay now: http://verify-login.net/5rvvuj2t,1
Meeting link shared on portal. See https://microsoft.com,0
Your order is confirmed on https://college.edu,0
Visit our official site for updates: https://company.com,0
Monthly statement available at https://company.com,0
Class notice posted at https://google.com,0
KYC pending for ICICI. Update immediately at https://verify-login.net/eob9y358,1
Your WhatsApp account is locked. Verify now: http://verify-login.net/jve1pyiz,1
Courier fee ₹49 pending. Pay now: http://verify-login.net/09b3u31f,1
Monthly statement available at https://microsoft.com,0
Your order is confirmed on https://amazon.in,0
KYC pending for Amazon. Update immediately at https://secure-update.co/by89mqfz,1
Courier fee ₹49 pending. Pay now: http://gift-claim.org/3iwc0moi,1
Your Netflix account is locked. Verify now: http://account-check.net/fyz1k387,1
Payment failed. Retry here: http://secure-update.co/nsb43861,1
You won a reward from Amazon! Claim: https://gift-claim.org/ysb6kory,1
KYC pending for WhatsApp. Update immediately at https://trackparcel.in/bqss3fmi,1
Class notice posted at https://irctc.co.in,0
Meeting link shared on portal. See https://amazon.in,0
Your ICICI account is locked. Verify now: http://account-check.net/qwljhrzm,1
KYC pending for HDFC. Update immediately at https://trackparcel.in/kgbfwngi,1
Monthly statement available at https://irctc.co.in,0
Payment failed. Retry here: http://gift-claim.org/mzoskbu5,1
KYC pending for ICICI. Update immediately at https://gift-claim.org/g8qhxgd6,1
KYC pending for Netflix. Update immediately at https://account-check.net/dhovgzj2,1
Visit our official site for updates: https://college.edu,0
Courier fee ₹49 pending. Pay now: http://verify-login.net/5cuatyyc,1
Your ICICI account is locked. Verify now: http://gift-claim.org/uowqed6z,1
Your order is confirmed on https://college.edu,0
Monthly statement available at https://microsoft.com,0
Visit our official site for updates: https://irctc.co.in,0
Your order is confirmed on https://microsoft.com,0
Payment failed. Retry here: http://account-check.net/5lef5jo9,1
Visit our official site for updates: https://microsoft.com,0
Visit our official site for updates: https://amazon.in,0
Payment failed. Retry here: http://trackparcel.in/mf01elmz,1
Class notice posted at https://microsoft.com,0
Payment failed. Retry here: http://account-check.net/mvsar8pf,1
Your order is confirmed on https://amazon.in,0
Courier fee ₹49 pending. Pay now: http://verify-login.net/qyjgrnsu,1
KYC pending for Google. Update immediately at https://secure-update.co/hfxa5iuo,1
Class notice posted at https://amazon.in,0
You won a reward from Microsoft! Claim: https://account-check.net/5yetbwmk,1
Your order is confirmed on https://company.com,0
Meeting link shared on portal. See https://irctc.co.in,0
Meeting link shared on portal. See https://college.edu,0
Class notice posted at https://company.com,0
Visit our official site for updates: https://microsoft.com,0
Payment failed. Retry here: http://secure-update.co/yoy72tdy,1
Your order is confirmed on https://college.edu,0
Payment failed. Retry here: http://secure-update.co/5lfj4wq1,1
Meeting link shared on portal. See https://microsoft.com,0
KYC pending for Netflix. Update immediately at https://account-check.net/vy6o1zaf,1
Your order is confirmed on https://irctc.co.in,0
You won a reward from Microsoft! Claim: https://account-check.net/1pt13pnx,1
Your order is confirmed on https://irctc.co.in,0
Your order is confirmed on https://google.com,0
Visit our official site for updates: https://google.com,0
Class notice posted at https://irctc.co.in,0
Your Google account is locked. Verify now: http://gift-claim.org/0w8ljjl0,1
Your order is confirmed on https://amazon.in,0
KYC pending for Flipkart. Update immediately at https://trackparcel.in/2l75cozp,1
Courier fee ₹49 pending. Pay now: http://secure-update.co/yybu8ckg,1
You won a reward from Flipkart! Claim: https://gift-claim.org/epbg5pyo,1
You won a reward from Amazon! Claim: https://pay-now.in/r1pl383g,1
Your order is confirmed on https://college.edu,0
Your WhatsApp account is locked. Verify now: http://account-check.net/ctwmf9ba,1
Meeting link shared on portal. See https://microsoft.com,0
Payment failed. Retry here: http://secure-update.co/29oq14p0,1
Your order is confirmed on https://college.edu,0
KYC pending for HDFC. Update immediately at https://verify-login.net/wd9ut6sl,1
Your SBI account is locked. Verify now: http://trackparcel.in/7boaku99,1
Monthly statement available at https://irctc.co.in,0
Meeting link shared on portal. See https://irctc.co.in,0
You won a reward from SBI! Claim: https://account-check.net/38ce5wcm,1
Your Google account is locked. Verify now: http://account-check.net/w7urlxis,1
Your HDFC account is locked. Verify now: http://account-check.net/ap2pugbn,1
Your order is confirmed on https://amazon.in,0
Courier fee ₹49 pending. Pay now: http://trackparcel.in/22se6bg0,1
Monthly statement available at https://company.com,0
Courier fee ₹49 pending. Pay now: http://trackparcel.in/om8xt3w1,1
Your Amazon account is locked. Verify now: http://verify-login.net/ks0kkfa1,1
Visit our official site for updates: https://college.edu,0
Meeting link shared on portal. See https://google.com,0
Your ICICI account is locked. Verify now: http://trackparcel.in/5ftuo4g8,1
KYC pending for Flipkart. Update immediately at https://account-check.net/k0v591zw,1
Your Netflix account is locked. Verify now: http://verify-login.net/ipntgzxi,1
Monthly statement available at https://college.edu,0
Meeting link shared on portal. See https://amazon.in,0
You won a reward from HDFC! Claim: https://trackparcel.in/b2fbca4m,1
Payment failed. Retry here: http://trackparcel.in/u91lt7yy,1
Monthly statement available at https://company.com,0
Monthly statement available at https://google.com,0
Your order is confirmed on https://irctc.co.in,0
Visit our official site for updates: https://college.edu,0
Class notice posted at https://irctc.co.in,0
Courier fee ₹49 pending. Pay now: http://secure-update.co/godcbnob,1
You won a reward from Google! Claim: https://verify-login.net/bx6kp24u,1
Your order is confirmed on https://microsoft.com,0
Visit our official site for updates: https://google.com,0
Meeting link shared on portal. See https://company.com,0
Your Microsoft account is locked. Verify now: http://gift-claim.org/48arq8h7,1
Payment failed. Retry here: http://trackparcel.in/9dya0rit,1
Your SBI account is locked. Verify now: http://secure-update.co/vtv1i1jg,1
Monthly statement available at https://microsoft.com,0
Courier fee ₹49 pending. Pay now: http://gift-claim.org/yz2hrtb5,1
Your order is confirmed on https://company.com,0
Monthly statement available at https://google.com,0
Meeting link shared on portal. See https://google.com,0
Payment failed. Retry here: http://trackparcel.in/tfcu0ua1,1
Meeting link shared on portal. See https://google.com,0
Visit our official site for updates: https://amazon.in,0
Your HDFC account is locked. Verify now: http://account-check.net/7dgmbem3,1
Meeting link shared on portal. See https://college.edu,0
Monthly statement available at https://google.com,0
Your SBI account is locked. Verify now: http://pay-now.in/4tqhmjug,1
Monthly statement available at https://irctc.co.in,0
You won a reward from Paytm! Claim: https://gift-claim.org/1yx2lzk5,1
Meeting link shared on portal. See https://college.edu,0
Visit our official site for updates: https://microsoft.com,0
KYC pending for ICICI. Update immediately at https://gift-claim.org/mj4h2gqc,1
Visit our official site for updates: https://company.com,0
Your Google account is locked. Verify now: http://gift-claim.org/2qanvt7a,1
Visit our official site for updates: https://google.com,0
Class notice posted at https://google.com,0
KYC pending for WhatsApp. Update immediately at https://pay-now.in/pd8un3yd,1
Your order is confirmed on https://company.com,0
Your WhatsApp account is locked. Verify now: http://verify-login.net/kgvvdaly,1
Your Paytm account is locked. Verify now: http://pay-now.in/zgjivx8o,1
KYC pending for WhatsApp. Update immediately at https://secure-update.co/gi6i7tpk,1
Class notice posted at https://microsoft.com,0
Your HDFC account is locked. Verify now: http://verify-login.net/zmq465ej,1
Meeting link shared on portal. See https://company.com,0
KYC pending for Flipkart. Update immediately at https://secure-update.co/dxwksm76,1
Your order is confirmed on https://company.com,0
KYC pending for Google. Update immediately at https://account-check.net/kznje6fd,1
Class notice posted at https://college.edu,0
Courier fee ₹49 pending. Pay now: http://verify-login.net/k258ewb9,1
You won a reward from Flipkart! Claim: https://secure-update.co/34d09awh,1
You won a reward from Flipkart! Claim: https://verify-login.net/c1dqos0x,1
You won a reward from Microsoft! Claim: https://account-check.net/ok34y30p,1
Your order is confirmed on https://amazon.in,0
Your Netflix account is locked. Verify now: http://pay-now.in/46irstn9,1
Meeting link shared on portal. See https://college.edu,0
Meeting link shared on portal. See https://google.com,0
Class notice posted at https://irctc.co.in,0
You won a reward from Flipkart! Claim: https://pay-now.in/wolufsi5,1
Your order is confirmed on https://college.edu,0
Courier fee ₹49 pending. Pay now: http://verify-login.net/7xdgrr2h,1
Your Flipkart account is locked. Verify now: http://verify-login.net/nnsk026y,1
Your order is confirmed on https://irctc.co.in,0
KYC pending for Amazon. Update immediately at https://account-check.net/220yspu9,1
Payment failed. Retry here: http://pay-now.in/8m1uhs4l,1
Your order is confirmed on https://google.com,0
Your Netflix account is locked. Verify now: http://pay-now.in/dmb0dwht,1
Visit our official site for updates: https://amazon.in,0
KYC pending for ICICI. Update immediately at https://gift-claim.org/zdhbcbyp,1
Courier fee ₹49 pending. Pay now: http://secure-update.co/dawrs5ou,1
You won a reward from Microsoft! Claim: https://pay-now.in/6xi5vz3c,1
Your Flipkart account is locked. Verify now: http://account-check.net/ncgjveut,1
Monthly statement available at https://company.com,0
Courier fee ₹49 pending. Pay now: http://trackparcel.in/7iqrcnda,1
Payment failed. Retry here: http://gift-claim.org/vk4ixl3v,1
You won a reward from Amazon! Claim: https://verify-login.net/3j50k97h,1
Courier fee ₹49 pending. Pay now: http://verify-login.net/xct3cotb,1
Your ICICI account is locked. Verify now: http://secure-update.co/4e6lep6z,1
Your order is confirmed on https://irctc.co.in,0
Visit our official site for updates: https://google.com,0
Class notice posted at https://college.edu,0
Class notice posted at https://amazon.in,0
Payment failed. Retry here: http://secure-update.co/gxlui4ox,1
Your order is confirmed on https://college.edu,0
Monthly statement available at https://college.edu,0
Payment failed. Retry here: http://secure-update.co/subqjrsp,1
Visit our official site for updates: https://google.com,0
Monthly statement available at https://google.com,0
Your Netflix account is locked. Verify now: http://trackparcel.in/s1mbm96j,1
Monthly statement available at https://company.com,0
Courier fee ₹49 pending. Pay now: http://account-check.net/rpyuvsb8,1
Meeting link shared on portal. See https://college.edu,0
Visit our official site for updates: https://microsoft.com,0
Courier fee ₹49 pending. Pay now: http://pay-now.in/67iwapua,1
Courier fee ₹49 pending. Pay now: http://account-check.net/5s9w0oi1,1
Meeting link shared on portal. See https://college.edu,0
KYC pending for WhatsApp. Update immediately at https://pay-now.in/cn0tw1nm,1
Your WhatsApp account is locked. Verify now: http://trackparcel.in/trcc40hn,1
You won a reward from SBI! Claim: https://gift-claim.org/3g0hw39j,1
Payment failed. Retry here: http://gift-claim.org/fnk8vkh9,1
Payment failed. Retry here: http://gift-claim.org/wcommr9n,1
Payment failed. Retry here: http://verify-login.net/g9i13xhj,1
Monthly statement available at https://google.com,0
Your Amazon account is locked. Verify now: http://verify-login.net/3a5yvlve,1
Courier fee ₹49 pending. Pay now: http://secure-update.co/d7irsy3t,1
You won a reward from Paytm! Claim: https://trackparcel.in/coydqcxv,1
Class notice posted at https://company.com,0
KYC pending for SBI. Update immediately at https://verify-login.net/kzbplq5x,1
Your HDFC account is locked. Verify now: http://gift-claim.org/zdxbop9j,1
You won a reward from SBI! Claim: https://gift-claim.org/b9dln1jc,1
Visit our official site for updates: https://college.edu,0
Class notice posted at https://google.com,0
Visit our official site for updates: https://irctc.co.in,0
KYC pending for Amazon. Update immediately at https://trackparcel.in/4rn2ann6,1
Meeting link shared on portal. See https://microsoft.com,0
Courier fee ₹49 pending. Pay now: http://account-check.net/wvvynzif,1
You won a reward from Paytm! Claim: https://pay-now.in/d5gl1gs8,1
Your order is confirmed on https://irctc.co.in,0
Payment failed. Retry here: http://trackparcel.in/a6cdx37o,1
Courier fee ₹49 pending. Pay now: http://account-check.net/79xk83f1,1
Visit our official site for updates: https://amazon.in,0
Visit our official site for updates: https://irctc.co.in,0
Your order is confirmed on https://company.com,0
Monthly statement available at https://irctc.co.in,0
Your order is confirmed on https://company.com,0
Your WhatsApp account is locked. Verify now: http://verify-login.net/1q2aj0dv,1
Your Flipkart account is locked. Verify now: http://verify-login.net/7zyo4boh,1
Meeting link shared on portal. See https://irctc.co.in,0
Class notice posted at https://microsoft.com,0
Courier fee ₹49 pending. Pay now: http://gift-claim.org/ng5gutz0,1
Your SBI account is locked. Verify now: http://verify-login.net/honulomx,1
Courier fee ₹49 pending. Pay now: http://gift-claim.org/ya8cm012,1
Class notice posted at https://google.com,0
Class notice posted at https://irctc.co.in,0
Courier fee ₹49 pending. Pay now: http://trackparcel.in/qyihfld6,1
Meeting link shared on portal. See https://microsoft.com,0
You won a reward from Google! Claim: https://secure-update.co/kiufh8ek,1
Meeting link shared on portal. See https://college.edu,0
Your SBI account is locked. Verify now: http://pay-now.in/skrguvkj,1
Your order is confirmed on https://microsoft.com,0
KYC pending for HDFC. Update immediately at https://pay-now.in/qgdsflfs,1
Visit our official site for updates: https://college.edu,0
Payment failed. Retry here: http://verify-login.net/62l6nynx,1
Meeting link shared on portal. See https://company.com,0
Visit our official site for updates: https://college.edu,0
Visit our official site for updates: https://amazon.in,0
Courier fee ₹49 pending. Pay now: http://gift-claim.org/a4toawla,1
Visit our official site for updates: https://irctc.co.in,0
Class notice posted at https://irctc.co.in,0
Meeting link shared on portal. See https://company.com,0
Visit our official site for updates: https://irctc.co.in,0
Visit our official site for updates: https://microsoft.com,0
Payment failed. Retry here: http://gift-claim.org/ex88g3pj,1
Payment failed. Retry here: http://trackparcel.in/z7slbrry,1
You won a reward from Flipkart! Claim: https://gift-claim.org/ys7w4l3d,1
Monthly statement available at https://college.edu,0
Visit our official site for updates: https://microsoft.com,0
You won a reward from HDFC! Claim: https://secure-update.co/jmzzmqt4,1
Monthly statement available at https://irctc.co.in,0
Class notice posted at https://company.com,0
KYC pending for ICICI. Update immediately at https://secure-update.co/8d1nyg0o,1
Visit our official site for updates: https://company.com,0
KYC pending for ICICI. Update immediately at https://secure-update.co/vf1k4apm,1
KYC pending for SBI. Update immediately at https://secure-update.co/r6zr8xqz,1
Your order is confirmed on https://amazon.in,0
Your order is confirmed on https://college.edu,0
Courier fee ₹49 pending. Pay now: http://secure-update.co/myke4vkn,1
Your Paytm account is locked. Verify now: http://pay-now.in/qhul8j24,1
Your Microsoft account is locked. Verify now: http://secure-update.co/hqk7sf25,1
Your Google account is locked. Verify now: http://secure-update.co/982nkl9g,1
Your ICICI account is locked. Verify now: http://secure-update.co/cceenwol,1
Your order is confirmed on https://google.com,0
Courier fee ₹49 pending. Pay now: http://account-check.net/0tuzguwz,1
Class notice posted at https://microsoft.com,0
Class notice posted at https://irctc.co.in,0
Monthly statement available at https://google.com,0
Visit our official site for updates: https://amazon.in,0
Courier fee ₹49 pending. Pay now: http://verify-login.net/vppoki44,1
KYC pending for ICICI. Update immediately at https://account-check.net/gu46rvml,1
KYC pending for Microsoft. Update immediately at https://pay-now.in/r6lhiw4s,1
Class notice posted at https://college.edu,0
Monthly statement available at https://college.edu,0
Class notice posted at https://microsoft.com,0
You won a reward from ICICI! Claim: https://trackparcel.in/zw1qsg0z,1
Your order is confirmed on https://amazon.in,0
Meeting link shared on portal. See https://irctc.co.in,0
Courier fee ₹49 pending. Pay now: http://verify-login.net/6bkn9moo,1
Payment failed. Retry here: http://pay-now.in/5wqcvsbc,1
KYC pending for Netflix. Update immediately at https://secure-update.co/81abun7f,1
Visit our official site for updates: https://irctc.co.in,0
Class notice posted at https://college.edu,0
Visit our official site for updates: https://microsoft.com,0
Your order is confirmed on https://company.com,0
Monthly statement available at https://amazon.in,0
Courier fee ₹49 pending. Pay now: http://pay-now.in/z64wb096,1
Monthly statement available at https://company.com,0
Visit our official site for updates: https://microsoft.com,0
Courier fee ₹49 pending. Pay now: http://secure-update.co/suklcp8t,1
Payment failed. Retry here: http://secure-update.co/46ffnnvf,1
Visit our official site for updates: https://company.com,0
Visit our official site for updates: https://irctc.co.in,0
Courier fee ₹49 pending. Pay now: http://verify-login.net/uvk1o7hm,1
Your Netflix account is locked. Verify now: http://secure-update.co/0x2jdu1g,1
Class notice posted at https://google.com,0
Monthly statement available at https://college.edu,0
Your order is confirmed on https://irctc.co.in,0
Visit our official site for updates: https://irctc.co.in,0
You won a reward from Microsoft! Claim: https://pay-now.in/n9z2fiap,1
Your Amazon account is locked. Verify now: http://pay-now.in/anha0qfp,1
Class notice posted at https://amazon.in,0
Courier fee ₹49 pending. Pay now: http://verify-login.net/qoh3lrlb,1
Meeting link shared on portal. See https://college.edu,0
Meeting link shared on portal. See https://amazon.in,0
Meeting link shared on portal. See https://google.com,0
Visit our official site for updates: https://amazon.in,0
Payment failed. Retry here: http://trackparcel.in/kxskcbov,1
Your ICICI account is locked. Verify now: http://gift-claim.org/2rijvhf0,1
Payment failed. Retry here: http://verify-login.net/90043y1p,1
Payment failed. Retry here: http://trackparcel.in/y41g1ogf,1
Payment failed. Retry here: http://gift-claim.org/9w8mz9jd,1
Your order is confirmed on https://company.com,0
Payment failed. Retry here: http://verify-login.net/qor19frv,1
Monthly statement available at https://google.com,0
Meeting link shared on portal. See https://microsoft.com,0
Class notice posted at https://amazon.in,0
Meeting link shared on portal. See https://company.com,0
KYC pending for HDFC. Update immediately at https://gift-claim.org/5m6an6jq,1
You won a reward from WhatsApp! Claim: https://pay-now.in/gw8eyzx5,1
KYC pending for Netflix. Update immediately at https://account-check.net/lpa5761s,1
You won a reward from HDFC! Claim: https://account-check.net/zbthhmoy,1
Courier fee ₹49 pending. Pay now: http://secure-update.co/umfwdw40,1
Meeting link shared on portal. See https://irctc.co.in,0
KYC pending for ICICI. Update immediately at https://pay-now.in/3381vhmg,1
Meeting link shared on portal. See https://microsoft.com,0
KYC pending for Netflix. Update immediately at https://secure-update.co/sqf9x6tz,1
Class notice posted at https://microsoft.com,0
Monthly statement available at https://college.edu,0
Your order is confirmed on https://company.com,0
Meeting link shared on portal. See https://amazon.in,0
Visit our official site for updates: https://microsoft.com,0
Your order is confirmed on https://company.com,0
Monthly statement available at https://microsoft.com,0
Meeting link shared on portal. See https://amazon.in,0
Class notice posted at https://company.com,0
Payment failed. Retry here: http://secure-update.co/ze48xsra,1
Visit our official site for updates: https://google.com,0
Meeting link shared on portal. See https://microsoft.com,0
Class notice posted at https://microsoft.com,0
Your SBI account is locked. Verify now: http://verify-login.net/g783857p,1
You won a reward from Amazon! Claim: https://trackparcel.in/vq9pkna4,1
Your order is confirmed on https://microsoft.com,0
Class notice posted at https://company.com,0
Monthly statement available at https://irctc.co.in,0
Visit our official site for updates: https://google.com,0
Visit our official site for updates: https://microsoft.com,0
Monthly statement available at https://irctc.co.in,0
KYC pending for Paytm. Update immediately at https://gift-claim.org/7meficls,1
Your order is confirmed on https://irctc.co.in,0
Your Amazon account is locked. Verify now: http://verify-login.net/n7acdpej,1
Meeting link shared on portal. See https://microsoft.com,0
Your Flipkart account is locked. Verify now: http://account-check.net/ny8ut9qv,1
Meeting link shared on portal. See https://google.com,0
You won a reward from Amazon! Claim: https://pay-now.in/rn7l1e6i,1
Payment failed. Retry here: http://gift-claim.org/fcjh0nay,1
KYC pending for Paytm. Update immediately at https://account-check.net/vy7d33x0,1
Class notice posted at https://google.com,0
Payment failed. Retry here: http://pay-now.in/8pz5v1c8,1
Monthly statement available at https://company.com,0
Your order is confirmed on https://company.com,0
Monthly statement available at https://amazon.in,0
KYC pending for Google. Update immediately at https://trackparcel.in/rbwymion,1
Your order is confirmed on https://company.com,0
Meeting link shared on portal. See https://microsoft.com,0
Your ICICI account is locked. Verify now: http://pay-now.in/mayemgnb,1
Visit our official site for updates: https://google.com,0
Meeting link shared on portal. See https://college.edu,0
Monthly statement available at https://company.com,0
Payment failed. Retry here: http://account-check.net/iag1y0w8,1
Monthly statement available at https://amazon.in,0
Courier fee ₹49 pending. Pay now: http://secure-update.co/pjufezrb,1
Payment failed. Retry here: http://gift-claim.org/2qk8xx2v,1
You won a reward from WhatsApp! Claim: https://gift-claim.org/n2w0al7n,1
Your HDFC account is locked. Verify now: http://gift-claim.org/if17eq75,1
You won a reward from Netflix! Claim: https://secure-update.co/cig3sjsb,1
Courier fee ₹49 pending. Pay now: http://trackparcel.in/vr2vrm2h,1
You won a reward from Microsoft! Claim: https://pay-now.in/sfs8yuuv,1
Meeting link shared on portal. See https://irctc.co.in,0
Your order is confirmed on https://irctc.co.in,0
Visit our official site for updates: https://amazon.in,0
Monthly statement available at https://college.edu,0
Your WhatsApp account is locked. Verify now: http://verify-login.net/2lhyqvwq,1
Courier fee ₹49 pending. Pay now: http://gift-claim.org/lw1zbwd9,1
You won a reward from Paytm! Claim: https://gift-claim.org/v61lbdf0,1
Monthly statement available at https://college.edu,0
Your Microsoft account is locked. Verify now: http://account-check.net/55l57v3e,1
Visit our official site for updates: https://microsoft.com,0
Your HDFC account is locked. Verify now: http://verify-login.net/agavzfuc,1
Visit our official site for updates: https://company.com,0
Class notice posted at https://google.com,0
Courier fee ₹49 pending. Pay now: http://trackparcel.in/rz2zuozf,1
KYC pending for Flipkart. Update immediately at https://trackparcel.in/4v7roopg,1
You won a reward from ICICI! Claim: https://account-check.net/2927gwnp,1
Your HDFC account is locked. Verify now: http://trackparcel.in/cw41iqqt,1
You won a reward from Paytm! Claim: https://pay-now.in/alghukmj,1
Your Paytm account is locked. Verify now: http://pay-now.in/9s9mgmhl,1
Class notice posted at https://college.edu,0
Payment failed. Retry here: http://secure-update.co/xtgucumg,1
Courier fee ₹49 pending. Pay now: http://account-check.net/mqn7caqt,1
Monthly statement available at https://google.com,0
Your Microsoft account is locked. Verify now: http://trackparcel.in/2yxjk9iw,1
KYC pending for Amazon. Update immediately at https://verify-login.net/p9u2p721,1
Payment failed. Retry here: http://verify-login.net/6cln3r2i,1
Your order is confirmed on https://microsoft.com,0
Courier fee ₹49 pending. Pay now: http://secure-update.co/38lfw52h,1
KYC pending for SBI. Update immediately at https://gift-claim.org/8drsp7bn,1
KYC pending for ICICI. Update immediately at https://verify-login.net/l7dang05,1
Monthly statement available at https://google.com,0
Courier fee ₹49 pending. Pay now: http://secure-update.co/b6caz1yq,1
Your WhatsApp account is locked. Verify now: http://verify-login.net/n69e1axt,1
Your order is confirmed on https://college.edu,0
Courier fee ₹49 pending. Pay now: http://gift-claim.org/9yp0oz1m,1
Payment failed. Retry here: http://account-check.net/7vuq0uyx,1
Courier fee ₹49 pending. Pay now: http://trackparcel.in/p82uql6z,1
Payment failed. Retry here: http://verify-login.net/0w4syugt,1
Visit our official site for updates: https://irctc.co.in,0
Courier fee ₹49 pending. Pay now: http://secure-update.co/23l42l7z,1
Visit our official site for updates: https://college.edu,0
You won a reward from HDFC! Claim: https://secure-update.co/8ru8xf7f,1
Your order is confirmed on https://microsoft.com,0
KYC pending for WhatsApp. Update immediately at https://pay-now.in/clxaai1g,1
Meeting link shared on portal. See https://google.com,0
Courier fee ₹49 pending. Pay now: http://pay-now.in/5pef9qlh,1
You won a reward from Paytm! Claim: https://gift-claim.org/ag1fb8zd,1
Visit our official site for updates: https://amazon.in,0
You won a reward from ICICI! Claim: https://gift-claim.org/19qjg0dt,1
Meeting link shared on portal. See https://amazon.in,0
Courier fee ₹49 pending. Pay now: http://trackparcel.in/ntgajarg,1
Visit our official site for updates: https://google.com,0
Class notice posted at https://google.com,0
Your order is confirmed on https://college.edu,0
Class notice posted at https://microsoft.com,0
Monthly statement available at https://irctc.co.in,0
Meeting link shared on portal. See https://amazon.in,0
Your order is confirmed on https://amazon.in,0
Courier fee ₹49 pending. Pay now: http://secure-update.co/9jzrye11,1
KYC pending for WhatsApp. Update immediately at https://gift-claim.org/blj0pe4c,1
Visit our official site for updates: https://college.edu,0
Your WhatsApp account is locked. Verify now: http://secure-update.co/roxov8dy,1
Meeting link shared on portal. See https://irctc.co.in,0
Courier fee ₹49 pending. Pay now: http://trackparcel.in/157ooxxh,1
Meeting link shared on portal. See https://company.com,0
Payment failed. Retry here: http://gift-claim.org/zxuhzay3,1
Visit our official site for updates: https://amazon.in,0
Monthly statement available at https://irctc.co.in,0
Courier fee ₹49 pending. Pay now: http://verify-login.net/bf1e8u96,1
Monthly statement available at https://company.com,0
Visit our official site for updates: https://college.edu,0
Meeting link shared on portal. See https://microsoft.com,0
Your WhatsApp account is locked. Verify now: http://gift-claim.org/qhr3f8k6,1
Courier fee ₹49 pending. Pay now: http://gift-claim.org/25nsb6ul,1
Monthly statement available at https://google.com,0
Your order is confirmed on https://company.com,0
You won a reward from Paytm! Claim: https://trackparcel.in/38ly0lnw,1
You won a reward from Netflix! Claim: https://account-check.net/vfs37ln4,1
You won a reward from ICICI! Claim: https://gift-claim.org/2q161csu,1
Courier fee ₹49 pending. Pay now: http://pay-now.in/xzanv491,1
Monthly statement available at https://company.com,0
Courier fee ₹49 pending. Pay now: http://trackparcel.in/xcbjrv5w,1
You won a reward from Amazon! Claim: https://pay-now.in/aa31612o,1
Courier fee ₹49 pending. Pay now: http://secure-update.co/ecna7ngl,1
Your order is confirmed on https://amazon.in,0
You won a reward from SBI! Claim: https://gift-claim.org/ifuj5kna,1
Your order is confirmed on https://company.com,0
Your Netflix account is locked. Verify now: http://pay-now.in/65kdqq6u,1
Class notice posted at https://company.com,0
KYC pending for SBI. Update immediately at https://account-check.net/hfz1kn4u,1
Your Netflix account is locked. Verify now: http://verify-login.net/cdic441r,1
Monthly statement available at https://microsoft.com,0
Visit our official site for updates: https://microsoft.com,0
Monthly statement available at https://company.com,0
Courier fee ₹49 pending. Pay now: http://trackparcel.in/1rgpd6zf,1
Visit our official site for updates: https://company.com,0
Class notice posted at https://amazon.in,0
Visit our official site for updates: https://company.com,0
Your order is confirmed on https://company.com,0
Courier fee ₹49 pending. Pay now: http://secure-update.co/1p7d4v1z,1
You won a reward from Microsoft! Claim: https://trackparcel.in/1cb3azfb,1
Your Flipkart account is locked. Verify now: http://verify-login.net/ptbsg04x,1
Visit our official site for updates: https://google.com,0
Class notice posted at https://microsoft.com,0
Class notice posted at https://microsoft.com,0
Visit our official site for updates: https://amazon.in,0
Courier fee ₹49 pending. Pay now: http://secure-update.co/dx4rjpuk,1
Monthly statement available at https://college.edu,0
You won a reward from WhatsApp! Claim: https://gift-claim.org/p5sev95p,1
Visit our official site for updates: https://google.com,0
Payment failed. Retry here: http://verify-login.net/36bwqaul,1
Your order is confirmed on https://amazon.in,0
Courier fee ₹49 pending. Pay now: http://account-check.net/thytz8m4,1
Visit our official site for updates: https://company.com,0
You won a reward from Amazon! Claim: https://account-check.net/1iqawvns,1
Your order is confirmed on https://college.edu,0
Class notice posted at https://college.edu,0
Meeting link shared on portal. See https://company.com,0
KYC pending for SBI. Update immediately at https://account-check.net/407wjk2o,1
Your order is confirmed on https://microsoft.com,0
Courier fee ₹49 pending. Pay now: http://trackparcel.in/05awaqmc,1
Meeting link shared on portal. See https://google.com,0
Courier fee ₹49 pending. Pay now: http://verify-login.net/snk37rrn,1
Monthly statement available at https://microsoft.com,0
Visit our official site for updates: https://company.com,0
Class notice posted at https://college.edu,0
You won a reward from Flipkart! Claim: https://account-check.net/s0q2e36u,1
Your Microsoft account is locked. Verify now: http://pay-now.in/6zf3g4rk,1
Payment failed. Retry here: http://trackparcel.in/d0b2prq4,1
KYC pending for HDFC. Update immediately at https://verify-login.net/av3xp1vk,1
Meeting link shared on portal. See https://amazon.in,0
Your order is confirmed on https://company.com,0
Payment failed. Retry here: http://account-check.net/z4cuofyc,1
Meeting link shared on portal. See https://google.com,0
Payment failed. Retry here: http://secure-update.co/ui5wj84n,1
Courier fee ₹49 pending. Pay now: http://secure-update.co/kvlwvqbe,1
Courier fee ₹49 pending. Pay now: http://trackparcel.in/scw86dl6,1
Class notice posted at https://irctc.co.in,0
Your order is confirmed on https://college.edu,0
Payment failed. Retry here: http://gift-claim.org/y7du73cy,1
KYC pending for Netflix. Update immediately at https://account-check.net/cgj1lgnk,1
Your Netflix account is locked. Verify now: http://secure-update.co/lkm0bfzd,1
Payment failed. Retry here: http://account-check.net/q6nsregt,1
Class notice posted at https://amazon.in,0
You won a reward from Flipkart! Claim: https://gift-claim.org/wqnlox87,1
You won a reward from ICICI! Claim: https://account-check.net/dkq18iq3,1
Your HDFC account is locked. Verify now: http://verify-login.net/mv2yuf2h,1
Your order is confirmed on https://irctc.co.in,0
Your order is confirmed on https://amazon.in,0
Courier fee ₹49 pending. Pay now: http://gift-claim.org/ccn1vzwa,1
Payment failed. Retry here: http://account-check.net/4a28j32d,1
KYC pending for HDFC. Update immediately at https://gift-claim.org/bp0st2t2,1
Meeting link shared on portal. See https://amazon.in,0
Payment failed. Retry here: http://verify-login.net/wv5sfeh7,1
Class notice posted at https://irctc.co.in,0
Your order is confirmed on https://company.com,0
Your order is confirmed on https://irctc.co.in,0
Your order is confirmed on https://college.edu,0
Courier fee ₹49 pending. Pay now: http://secure-update.co/p0w5v1oa,1
Meeting link shared on portal. See https://google.com,0
Payment failed. Retry here: http://gift-claim.org/6pnnkp5p,1
Your Paytm account is locked. Verify now: http://account-check.net/0nbkgf86,1
Your order is confirmed on https://microsoft.com,0
Your Netflix account is locked. Verify now: http://verify-login.net/uwhk1kxy,1
Courier fee ₹49 pending. Pay now: http://secure-update.co/ng98umv1,1
Courier fee ₹49 pending. Pay now: http://gift-claim.org/h798wtj6,1
Courier fee ₹49 pending. Pay now: http://gift-claim.org/b9oa81r3,1
Class notice posted at https://college.edu,0
Payment failed. Retry here: http://secure-update.co/jequgued,1
Monthly statement available at https://irctc.co.in,0
Class notice posted at https://google.com,0
Class notice posted at https://company.com,0
Meeting link shared on portal. See https://google.com,0
Your order is confirmed on https://company.com,0
Monthly statement available at https://amazon.in,0
Payment failed. Retry here: http://verify-login.net/l2nzyhhv,1
Your order is confirmed on https://irctc.co.in,0
You won a reward from Microsoft! Claim: https://secure-update.co/uh068r70,1
Monthly statement available at https://google.com,0
Meeting link shared on portal. See https://company.com,0
Class notice posted at https://college.edu,0
Payment failed. Retry here: http://pay-now.in/maq2s4vl,1
Courier fee ₹49 pending. Pay now: http://secure-update.co/8s1utaci,1
Monthly statement available at https://irctc.co.in,0
KYC pending for Paytm. Update immediately at https://secure-update.co/pi2e2sto,1
Payment failed. Retry here: http://gift-claim.org/q93s9t4u,1
Payment failed. Retry here: http://account-check.net/bbo3vdj7,1
Meeting link shared on portal. See https://college.edu,0
You won a reward from ICICI! Claim: https://account-check.net/ptb7gx0o,1
You won a reward from WhatsApp! Claim: https://secure-update.co/m3vc95uk,1
Class notice posted at https://irctc.co.in,0
Class notice posted at https://amazon.in,0
Your Amazon account is locked. Verify now: http://gift-claim.org/pktz1xjk,1
Meeting link shared on portal. See https://college.edu,0
Class notice posted at https://google.com,0
Courier fee ₹49 pending. Pay now: http://gift-claim.org/b9yzt21n,1
Class notice posted at https://google.com,0
You won a reward from SBI! Claim: https://verify-login.net/bunb1wzb,1
Visit our official site for updates: https://college.edu,0
You won a reward from HDFC! Claim: https://account-check.net/w3binmzd,1
Your Flipkart account is locked. Verify now: http://gift-claim.org/c0k5lgrt,1
Monthly statement available at https://company.com,0
Class notice posted at https://company.com,0
Your Flipkart account is locked. Verify now: http://verify-login.net/9obpmj4q,1
Monthly statement available at https://company.com,0
Visit our official site for updates: https://microsoft.com,0
Monthly statement available at https://company.com,0
Your ICICI account is locked. Verify now: http://secure-update.co/h9cawf3u,1
You won a reward from WhatsApp! Claim: https://account-check.net/yrstbc36,1
Meeting link shared on portal. See https://company.com,0
Your order is confirmed on https://irctc.co.in,0
Your order is confirmed on https://college.edu,0
KYC pending for ICICI. Update immediately at https://trackparcel.in/gt88guli,1
You won a reward from Paytm! Claim: https://account-check.net/e52lbrfm,1
You won a reward from WhatsApp! Claim: https://secure-update.co/ik2c1m74,1
Class notice posted at https://amazon.in,0
Monthly statement available at https://amazon.in,0
KYC pending for SBI. Update immediately at https://pay-now.in/uvqyzra8,1
You won a reward from Flipkart! Claim: https://account-check.net/002ps8sj,1
Your order is confirmed on https://college.edu,0
Meeting link shared on portal. See https://microsoft.com,0
Your Microsoft account is locked. Verify now: http://trackparcel.in/lh03akqm,1
Class notice posted at https://microsoft.com,0
Meeting link shared on portal. See https://college.edu,0
Your Amazon account is locked. Verify now: http://gift-claim.org/fyu972ug,1
Courier fee ₹49 pending. Pay now: http://verify-login.net/gcqa4skc,1
Meeting link shared on portal. See https://google.com,0
KYC pending for Paytm. Update immediately at https://secure-update.co/hm9beu8d,1
KYC pending for Google. Update immediately at https://verify-login.net/ehv1f4xn,1
Visit our official site for updates: https://google.com,0
Your order is confirmed on https://irctc.co.in,0
Monthly statement available at https://company.com,0
Payment failed. Retry here: http://verify-login.net/hye12rfb,1
Your order is confirmed on https://google.com,0
You won a reward from Amazon! Claim: https://gift-claim.org/pfsfdn40,1
Class notice posted at https://google.com,0
Payment failed. Retry here: http://trackparcel.in/eunq4ua7,1
Visit our official site for updates: https://college.edu,0
Courier fee ₹49 pending. Pay now: http://trackparcel.in/e3t4svll,1
Class notice posted at https://college.edu,0
Payment failed. Retry here: http://trackparcel.in/jfklqa3v,1
Class notice posted at https://college.edu,0
Class notice posted at https://microsoft.com,0
Your WhatsApp account is locked. Verify now: http://trackparcel.in/gbty4lkk,1
Visit our official site for updates: https://microsoft.com,0
Visit our official site for updates: https://google.com,0
You won a reward from Flipkart! Claim: https://pay-now.in/6pkoyonr,1
Your order is confirmed on https://microsoft.com,0
Meeting link shared on portal. See https://microsoft.com,0
Courier fee ₹49 pending. Pay now: http://gift-claim.org/mx0dy940,1
Monthly statement available at https://company.com,0
Monthly statement available at https://college.edu,0
Meeting link shared on portal. See https://company.com,0
Courier fee ₹49 pending. Pay now: http://pay-now.in/tg8cbe3s,1
Class notice posted at https://google.com,0
Monthly statement available at https://company.com,0
Courier fee ₹49 pending. Pay now: http://trackparcel.in/856gid36,1
Your WhatsApp account is locked. Verify now: http://gift-claim.org/meicit80,1
You won a reward from Netflix! Claim: https://trackparcel.in/ylkw39tm,1
You won a reward from Amazon! Claim: https://account-check.net/wnsau2h5,1
Class notice posted at https://microsoft.com,0
KYC pending for Netflix. Update immediately at https://pay-now.in/k6yo06eq,1
Payment failed. Retry here: http://pay-now.in/49avxsae,1
Visit our official site for updates: https://amazon.in,0
Meeting link shared on portal. See https://google.com,0
Visit our official site for updates: https://college.edu,0
Meeting link shared on portal. See https://microsoft.com,0
Monthly statement available at https://college.edu,0
Your order is confirmed on https://amazon.in,0
Visit our official site for updates: https://company.com,0
KYC pending for SBI. Update immediately at https://verify-login.net/iwwe01oe,1
Your WhatsApp account is locked. Verify now: http://gift-claim.org/enq06a5x,1
Payment failed. Retry here: http://gift-claim.org/e7lywpii,1
Visit our official site for updates: https://microsoft.com,0
KYC pending for Amazon. Update immediately at https://trackparcel.in/qty0w58e,1
Payment failed. Retry here: http://secure-update.co/9ilb9txb,1
Visit our official site for updates: https://irctc.co.in,0
Courier fee ₹49 pending. Pay now: http://gift-claim.org/oyb5cq0s,1
Monthly statement available at https://college.edu,0
KYC pending for Netflix. Update immediately at https://pay-now.in/658c8wrq,1
Class notice posted at https://irctc.co.in,0
You won a reward from Microsoft! Claim: https://verify-login.net/v16l8h0d,1
Visit our official site for updates: https://amazon.in,0
KYC pending for Paytm. Update immediately at https://secure-update.co/jp1jzln4,1
Meeting link shared on portal. See https://microsoft.com,0
Your Microsoft account is locked. Verify now: http://account-check.net/setj1zhc,1
Meeting link shared on portal. See https://microsoft.com,0
Class notice posted at https://company.com,0
Meeting link shared on portal. See https://amazon.in,0
Meeting link shared on portal. See https://irctc.co.in,0
You won a reward from Microsoft! Claim: https://account-check.net/mf9w0em0,1
Monthly statement available at https://irctc.co.in,0
Payment failed. Retry here: http://secure-update.co/mtqc5i6p,1
Visit our official site for updates: https://microsoft.com,0
Visit our official site for updates: https://google.com,0
Your WhatsApp account is locked. Verify now: http://gift-claim.org/ygrwzvkd,1
Monthly statement available at https://amazon.in,0
Visit our official site for updates: https://microsoft.com,0
KYC pending for SBI. Update immediately at https://gift-claim.org/i2w8bpvj,1
Courier fee ₹49 pending. Pay now: http://pay-now.in/kkelf7gh,1
You won a reward from HDFC! Claim: https://gift-claim.org/7bgkhlo5,1
Your order is confirmed on https://google.com,0
Class notice posted at https://google.com,0
Monthly statement available at https://amazon.in,0
You won a reward from Google! Claim: https://secure-update.co/v3on7trb,1
KYC pending for Flipkart. Update immediately at https://trackparcel.in/pg0qn58o,1
Meeting link shared on portal. See https://irctc.co.in,0
KYC pending for SBI. Update immediately at https://secure-update.co/q394m380,1
KYC pending for Netflix. Update immediately at https://trackparcel.in/8yyu56t0,1
Class notice posted at https://company.com,0
Your Paytm account is locked. Verify now: http://gift-claim.org/4vn4x2rj,1
You won a reward from SBI! Claim: https://trackparcel.in/oymm1sic,1
Monthly statement available at https://company.com,0
Visit our official site for updates: https://amazon.in,0
Your Google account is locked. Verify now: http://trackparcel.in/nx4qz5xf,1
Your order is confirmed on https://microsoft.com,0
KYC pending for Netflix. Update immediately at https://account-check.net/6vsx7u3d,1
You won a reward from Paytm! Claim: https://pay-now.in/53mojb1v,1
Payment failed. Retry here: http://secure-update.co/eh8jcyfl,1
Class notice posted at https://company.com,0
Class notice posted at https://microsoft.com,0
Class notice posted at https://amazon.in,0
Payment failed. Retry here: http://pay-now.in/e0y63p5t,1
Class notice posted at https://irctc.co.in,0
Your WhatsApp account is locked. Verify now: http://verify-login.net/fhpgvu9w,1
KYC pending for ICICI. Update immediately at https://secure-update.co/cc6099a4,1
Your Microsoft account is locked. Verify now: http://secure-update.co/2fli7l71,1
Monthly statement available at https://microsoft.com,0
Visit our official site for updates: https://company.com,0
Monthly statement available at https://company.com,0
Meeting link shared on portal. See https://amazon.in,0
Courier fee ₹49 pending. Pay now: http://pay-now.in/acw1gxqm,1
Courier fee ₹49 pending. Pay now: http://account-check.net/7m7ozz79,1
Payment failed. Retry here: http://gift-claim.org/wdcf5ypx,1
Your Paytm account is locked. Verify now: http://secure-update.co/mhaqxc66,1
Meeting link shared on portal. See https://college.edu,0
Courier fee ₹49 pending. Pay now: http://gift-claim.org/8tq1mqte,1
Your Amazon account is locked. Verify now: http://pay-now.in/f0lvjdlb,1
Courier fee ₹49 pending. Pay now: http://gift-claim.org/843wu4at,1
You won a reward from Netflix! Claim: https://secure-update.co/r5f1an15,1
Meeting link shared on portal. See https://google.com,0
KYC pending for ICICI. Update immediately at https://pay-now.in/58koq9mz,1
Payment failed. Retry here: http://gift-claim.org/el3c92hq,1
Class notice posted at https://microsoft.com,0
Visit our official site for updates: https://amazon.in,0
Your Paytm account is locked. Verify now: http://gift-claim.org/kz3mom97,1
Monthly statement available at https://microsoft.com,0
KYC pending for Google. Update immediately at https://secure-update.co/vdpo6wch,1
Your ICICI account is locked. Verify now: http://trackparcel.in/3p9l99g2,1
Your order is confirmed on https://google.com,0
Class notice posted at https://microsoft.com,0
Your order is confirmed on https://college.edu,0
Meeting link shared on portal. See https://company.com,0
Visit our official site for updates: https://college.edu,0
Class notice posted at https://amazon.in,0
KYC pending for WhatsApp. Update immediately at https://verify-login.net/dyhn8yqo,1
Meeting link shared on portal. See https://irctc.co.in,0
Class notice posted at https://college.edu,0
Courier fee ₹49 pending. Pay now: http://verify-login.net/cakg44hh,1
Your HDFC account is locked. Verify now: http://account-check.net/yniy9tq1,1
You won a reward from SBI! Claim: https://secure-update.co/11wikcwc,1
Class notice posted at https://amazon.in,0
Visit our official site for updates: https://amazon.in,0
Your Microsoft account is locked. Verify now: http://verify-login.net/wqfk526q,1
Visit our official site for updates: https://company.com,0
Class notice posted at https://google.com,0
Class notice posted at https://irctc.co.in,0
Payment failed. Retry here: http://pay-now.in/r0bfl9g2,1
Meeting link shared on portal. See https://google.com,0
Meeting link shared on portal. See https://college.edu,0
Your Netflix account is locked. Verify now: http://trackparcel.in/47jtg8of,1
Monthly statement available at https://irctc.co.in,0
Class notice posted at https://college.edu,0
Your order is confirmed on https://company.com,0
Your order is confirmed on https://irctc.co.in,0
You won a reward from Google! Claim: https://gift-claim.org/kt301090,1
Courier fee ₹49 pending. Pay now: http://verify-login.net/d4a9wiqv,1
Payment failed. Retry here: http://verify-login.net/t5kmdokh,1
Your Netflix account is locked. Verify now: http://account-check.net/91r8bzb1,1
KYC pending for Amazon. Update immediately at https://trackparcel.in/lq7giuxa,1
Payment failed. Retry here: http://account-check.net/a6cr7bo6,1
Visit our official site for updates: https://amazon.in,0
KYC pending for Netflix. Update immediately at https://gift-claim.org/mq4rrp01,1
Courier fee ₹49 pending. Pay now: http://verify-login.net/1v43eip8,1
Your HDFC account is locked. Verify now: http://account-check.net/23eeon3d,1
Payment failed. Retry here: http://trackparcel.in/srntkecj,1
KYC pending for WhatsApp. Update immediately at https://secure-update.co/ie0wwmq5,1
Your order is confirmed on https://college.edu,0
Visit our official site for updates: https://company.com,0
Visit our official site for updates: https://amazon.in,0
You won a reward from Google! Claim: https://verify-login.net/ou17wzyf,1
KYC pending for ICICI. Update immediately at https://trackparcel.in/day0jyf3,1
Monthly statement available at https://irctc.co.in,0
Your order is confirmed on https://company.com,0
Class notice posted at https://google.com,0
You won a reward from WhatsApp! Claim: https://trackparcel.in/f248xvo3,1
Courier fee ₹49 pending. Pay now: http://secure-update.co/9wxe5ld3,1
You won a reward from SBI! Claim: https://trackparcel.in/if12cmmu,1
Visit our official site for updates: https://google.com,0
You won a reward from ICICI! Claim: https://verify-login.net/op1vy55f,1
Visit our official site for updates: https://company.com,0
Courier fee ₹49 pending. Pay now: http://verify-login.net/dq880n2a,1
You won a reward from Paytm! Claim: https://gift-claim.org/rsev81a8,1
Meeting link shared on portal. See https://irctc.co.in,0
Class notice posted at https://irctc.co.in,0
You won a reward from Google! Claim: https://verify-login.net/inlfilbu,1
Class notice posted at https://company.com,0
Visit our official site for updates: https://college.edu,0
KYC pending for Paytm. Update immediately at https://pay-now.in/j7t1yw8f,1
You won a reward from Paytm! Claim: https://account-check.net/5yl1bbai,1
Monthly statement available at https://google.com,0
Visit our official site for updates: https://google.com,0
Payment failed. Retry here: http://trackparcel.in/iqa1dg7h,1
Visit our official site for updates: https://college.edu,0
Your Paytm account is locked. Verify now: http://gift-claim.org/lx9x7w7f,1
Courier fee ₹49 pending. Pay now: http://trackparcel.in/v5wgydar,1
KYC pending for Microsoft. Update immediately at https://pay-now.in/5om4z0b3,1
Class notice posted at https://microsoft.com,0
Courier fee ₹49 pending. Pay now: http://secure-update.co/d3r42dic,1
Your order is confirmed on https://amazon.in,0
Your order is confirmed on https://google.com,0
Payment failed. Retry here: http://pay-now.in/vwhinpmu,1
Class notice posted at https://microsoft.com,0
KYC pending for Flipkart. Update immediately at https://verify-login.net/byr73mkz,1
Monthly statement available at https://microsoft.com,0
Courier fee ₹49 pending. Pay now: http://secure-update.co/8duoq06d,1
Class notice posted at https://google.com,0
Monthly statement available at https://company.com,0
Visit our official site for updates: https://google.com,0
Visit our official site for updates: https://microsoft.com,0
You won a reward from Netflix! Claim: https://account-check.net/z4y1cscl,1
Monthly statement available at https://google.com,0
Class notice posted at https://amazon.in,0
Your Microsoft account is locked. Verify now: http://pay-now.in/y7r060jr,1
Your order is confirmed on https://google.com,0
You won a reward from ICICI! Claim: https://gift-claim.org/pz017v2s,1
Visit our official site for updates: https://company.com,0
Courier fee ₹49 pending. Pay now: http://gift-claim.org/d89bpzwn,1
Payment failed. Retry here: http://account-check.net/6bgudirs,1
Class notice posted at https://irctc.co.in,0
You won a reward from SBI! Claim: https://trackparcel.in/yky06f7p,1
Your Flipkart account is locked. Verify now: http://account-check.net/i0des9on,1
Visit our official site for updates: https://company.com,0
Meeting link shared on portal. See https://google.com,0
Payment failed. Retry here: http://trackparcel.in/ytc58zzg,1
Your order is confirmed on https://amazon.in,0
Payment failed. Retry here: http://verify-login.net/r4yobsb7,1
Meeting link shared on portal. See https://college.edu,0
Monthly statement available at https://microsoft.com,0
Class notice posted at https://irctc.co.in,0
Payment failed. Retry here: http://trackparcel.in/805aryan,1
Your order is confirmed on https://irctc.co.in,0
You won a reward from HDFC! Claim: https://gift-claim.org/csw9z6dn,1
Courier fee ₹49 pending. Pay now: http://gift-claim.org/sdr4g45z,1
Payment failed. Retry here: http://secure-update.co/9xkxxocd,1
Your Flipkart account is locked. Verify now: http://pay-now.in/fccicwfa,1
Your Google account is locked. Verify now: http://account-check.net/23kkoa5z,1
Visit our official site for updates: https://microsoft.com,0
Monthly statement available at https://college.edu,0
Class notice posted at https://college.edu,0
Your Google account is locked. Verify now: http://secure-update.co/vmslge2o,1
Payment failed. Retry here: http://pay-now.in/ix1ps2g3,1
Your Netflix account is locked. Verify now: http://verify-login.net/zd0a3y3x,1
Your order is confirmed on https://amazon.in,0
Visit our official site for updates: https://microsoft.com,0
KYC pending for Paytm. Update immediately at https://secure-update.co/j0g4aks3,1
Your Paytm account is locked. Verify now: http://account-check.net/4b9ayt7x,1
Meeting link shared on portal. See https://company.com,0
Visit our official site for updates: https://microsoft.com,0
Payment failed. Retry here: http://trackparcel.in/sks37ar8,1
Meeting link shared on portal. See https://company.com,0
Visit our official site for updates: https://amazon.in,0
Courier fee ₹49 pending. Pay now: http://secure-update.co/uclwqah1,1
You won a reward from Paytm! Claim: https://verify-login.net/jqu97e9p,1
Monthly statement available at https://microsoft.com,0
Courier fee ₹49 pending. Pay now: http://account-check.net/qtmob67l,1
Meeting link shared on portal. See https://irctc.co.in,0
Class notice posted at https://company.com,0
Visit our official site for updates: https://google.com,0
KYC pending for ICICI. Update immediately at https://secure-update.co/hngwh3kb,1
Monthly statement available at https://irctc.co.in,0
Monthly statement available at https://company.com,0
Courier fee ₹49 pending. Pay now: http://pay-now.in/kdyx1spw,1
Visit our official site for updates: https://college.edu,0
Monthly statement available at https://google.com,0
Visit our official site for updates: https://google.com,0
Your SBI account is locked. Verify now: http://gift-claim.org/dvwalhsf,1
Your order is confirmed on https://irctc.co.in,0
Meeting link shared on portal. See https://microsoft.com,0
Monthly statement available at https://company.com,0
Monthly statement available at https://amazon.in,0
Courier fee ₹49 pending. Pay now: http://secure-update.co/m5q2y5k3,1
Your Microsoft account is locked. Verify now: http://secure-update.co/oaiyscf4,1
Class notice posted at https://amazon.in,0
Your SBI account is locked. Verify now: http://gift-claim.org/fbr5obfd,1
Your order is confirmed on https://google.com,0
Meeting link shared on portal. See https://company.com,0
Your WhatsApp account is locked. Verify now: http://verify-login.net/p7t9ravy,1
Visit our official site for updates: https://amazon.in,0
Payment failed. Retry here: http://secure-update.co/b6nmoi93,1
Courier fee ₹49 pending. Pay now: http://secure-update.co/oprlp14c,1
Class notice posted at https://microsoft.com,0
KYC pending for Amazon. Update immediately at https://account-check.net/hwfjpbr1,1
Courier fee ₹49 pending. Pay now: http://gift-claim.org/ptk2le8q,1
Meeting link shared on portal. See https://microsoft.com,0
Monthly statement available at https://company.com,0
Courier fee ₹49 pending. Pay now: http://verify-login.net/7bdtq2om,1
Courier fee ₹49 pending. Pay now: http://secure-update.co/41qg0uim,1
Your order is confirmed on https://microsoft.com,0
Visit our official site for updates: https://microsoft.com,0
Your order is confirmed on https://microsoft.com,0
You won a reward from Paytm! Claim: https://secure-update.co/2qekxdlx,1
Visit our official site for updates: https://google.com,0
Courier fee ₹49 pending. Pay now: http://secure-update.co/qu0l91t8,1
Monthly statement available at https://microsoft.com,0
Payment failed. Retry here: http://secure-update.co/ij2juyeo,1
Payment failed. Retry here: http://account-check.net/wjbav9pa,1
Payment failed. Retry here: http://account-check.net/wd9cq66h,1
Visit our official site for updates: https://college.edu,0
Payment failed. Retry here: http://account-check.net/7y7lmas7,1
Payment failed. Retry here: http://secure-update.co/53iaw3zs,1
Payment failed. Retry here: http://trackparcel.in/l2u3w6zt,1
You won a reward from Netflix! Claim: https://trackparcel.in/56hl0v1g,1
You won a reward from Paytm! Claim: https://pay-now.in/zi1cvhog,1
You won a reward from WhatsApp! Claim: https://account-check.net/047p3auj,1
Class notice posted at https://microsoft.com,0
You won a reward from Flipkart! Claim: https://secure-update.co/l72q4grs,1
Monthly statement available at https://college.edu,0
Courier fee ₹49 pending. Pay now: http://gift-claim.org/k0yoque2,1
Your SBI account is locked. Verify now: http://gift-claim.org/8vzxpcnb,1
Courier fee ₹49 pending. Pay now: http://gift-claim.org/5wr05ijz,1
Monthly statement available at https://college.edu,0
Courier fee ₹49 pending. Pay now: http://account-check.net/e8bqwc55,1
Visit our official site for updates: https://amazon.in,0
Your order is confirmed on https://amazon.in,0
Your order is confirmed on https://microsoft.com,0
Your order is confirmed on https://amazon.in,0
Monthly statement available at https://amazon.in,0
KYC pending for Microsoft. Update immediately at https://gift-claim.org/v6ho75hz,1
You won a reward from Microsoft! Claim: https://account-check.net/n9qyvi3j,1
Your order is confirmed on https://amazon.in,0
Class notice posted at https://microsoft.com,0
Courier fee ₹49 pending. Pay now: http://account-check.net/x3az13bh,1
You won a reward from HDFC! Claim: https://pay-now.in/kezuaiw9,1
KYC pending for WhatsApp. Update immediately at https://pay-now.in/paof1k63,1
Class notice posted at https://irctc.co.in,0
KYC pending for WhatsApp. Update immediately at https://verify-login.net/glsfsm5z,1
Visit our official site for updates: https://college.edu,0
KYC pending for Flipkart. Update immediately at https://gift-claim.org/5x2l67g3,1
Payment failed. Retry here: http://trackparcel.in/q367zq17,1
You won a reward from Amazon! Claim: https://secure-update.co/4kf9ut0r,1
You won a reward from Paytm! Claim: https://secure-update.co/dx593ni2,1
Your order is confirmed on https://google.com,0
Courier fee ₹49 pending. Pay now: http://gift-claim.org/4ldi0qia,1
Monthly statement available at https://google.com,0
Visit our official site for updates: https://microsoft.com,0
Your Microsoft account is locked. Verify now: http://secure-update.co/vo7ib1w4,1
Your Netflix account is locked. Verify now: http://gift-claim.org/1kv8zstz,1
Your Netflix account is locked. Verify now: http://gift-claim.org/jyg9i16d,1
Your order is confirmed on https://college.edu,0
Your order is confirmed on https://irctc.co.in,0
KYC pending for Google. Update immediately at https://secure-update.co/1crib9xm,1
KYC pending for Google. Update immediately at https://trackparcel.in/qm0jt6s0,1
You won a reward from SBI! Claim: https://pay-now.in/wo7a2wle,1
Courier fee ₹49 pending. Pay now: http://gift-claim.org/6qkmbivc,1
Your order is confirmed on https://amazon.in,0
Visit our official site for updates: https://irctc.co.in,0
Class notice posted at https://google.com,0
You won a reward from Microsoft! Claim: https://trackparcel.in/t9sz8y3f,1
KYC pending for Amazon. Update immediately at https://trackparcel.in/p8ccseja,1
Visit our official site for updates: https://college.edu,0
Meeting link shared on portal. See https://microsoft.com,0
Visit our official site for updates: https://microsoft.com,0
Monthly statement available at https://irctc.co.in,0
KYC pending for ICICI. Update immediately at https://verify-login.net/rdy7nzpc,1
Visit our official site for updates: https://college.edu,0
Meeting link shared on portal. See https://amazon.in,0
Class notice posted at https://company.com,0
Meeting link shared on portal. See https://irctc.co.in,0
You won a reward from HDFC! Claim: https://trackparcel.in/59nhkzgy,1
Visit our official site for updates: https://company.com,0
Payment failed. Retry here: http://verify-login.net/5j2jpw68,1
You won a reward from Paytm! Claim: https://account-check.net/pcz4s1sd,1
KYC pending for ICICI. Update immediately at https://trackparcel.in/p7e9wvby,1
Meeting link shared on portal. See https://microsoft.com,0
You won a reward from Google! Claim: https://trackparcel.in/42wz9lms,1
Monthly statement available at https://microsoft.com,0
Class notice posted at https://amazon.in,0
Courier fee ₹49 pending. Pay now: http://trackparcel.in/540g2y4h,1
Your Amazon account is locked. Verify now: http://gift-claim.org/1hhq6kqu,1
Meeting link shared on portal. See https://amazon.in,0
Your Microsoft account is locked. Verify now: http://account-check.net/e5mlphf8,1
Your Microsoft account is locked. Verify now: http://gift-claim.org/reed7xm1,1
Monthly statement available at https://google.com,0
Visit our official site for updates: https://college.edu,0
Payment failed. Retry here: http://secure-update.co/6xxwli8r,1
Your ICICI account is locked. Verify now: http://secure-update.co/4j2wtx2e,1
Courier fee ₹49 pending. Pay now: http://verify-login.net/guzd7mkd,1
Meeting link shared on portal. See https://irctc.co.in,0
Meeting link shared on portal. See https://google.com,0
You won a reward from Google! Claim: https://trackparcel.in/dd2tlvyq,1
Class notice posted at https://college.edu,0
Payment failed. Retry here: http://secure-update.co/87v9l2df,1
Courier fee ₹49 pending. Pay now: http://account-check.net/l0d1rog1,1
Monthly statement available at https://microsoft.com,0
Courier fee ₹49 pending. Pay now: http://gift-claim.org/p3ee127g,1
Monthly statement available at https://google.com,0
KYC pending for WhatsApp. Update immediately at https://verify-login.net/guwo1z9e,1
KYC pending for Microsoft. Update immediately at https://gift-claim.org/1d1ddnm3,1
Payment failed. Retry here: http://account-check.net/ztzfx71y,1
Visit our official site for updates: https://microsoft.com,0
Monthly statement available at https://google.com,0
Your WhatsApp account is locked. Verify now: http://account-check.net/yacwmnf3,1
You won a reward from Paytm! Claim: https://secure-update.co/gmxgjt0r,1
You won a reward from Amazon! Claim: https://trackparcel.in/g5qwpz0h,1
Courier fee ₹49 pending. Pay now: http://secure-update.co/j6qmrwsu,1
Class notice posted at https://college.edu,0
Courier fee ₹49 pending. Pay now: http://verify-login.net/jdem99m5,1
Courier fee ₹49 pending. Pay now: http://pay-now.in/vi11fct3,1
You won a reward from Amazon! Claim: https://pay-now.in/y4rrhvl6,1
Visit our official site for updates: https://amazon.in,0
Payment failed. Retry here: http://account-check.net/nhjjvncw,1
Visit our official site for updates: https://google.com,0
KYC pending for Paytm. Update immediately at https://gift-claim.org/hojv1jhb,1
KYC pending for Paytm. Update immediately at https://pay-now.in/wsswawa6,1
Your ICICI account is locked. Verify now: http://account-check.net/277rsr53,1
Monthly statement available at https://microsoft.com,0
Your Microsoft account is locked. Verify now: http://trackparcel.in/ib0fvqf0,1
You won a reward from WhatsApp! Claim: https://gift-claim.org/u3zqnfd5,1
Monthly statement available at https://microsoft.com,0
Payment failed. Retry here: http://gift-claim.org/0449o5mt,1
You won a reward from WhatsApp! Claim: https://verify-login.net/gti0dvo9,1
Your SBI account is locked. Verify now: http://secure-update.co/r17xl6xm,1
You won a reward from WhatsApp! Claim: https://pay-now.in/31tbak1k,1
Your HDFC account is locked. Verify now: http://secure-update.co/ck4m5cwk,1
Monthly statement available at https://college.edu,0
Your order is confirmed on https://amazon.in,0
You won a reward from WhatsApp! Claim: https://trackparcel.in/i9w9w7dk,1
Monthly statement available at https://google.com,0
Visit our official site for updates: https://google.com,0
You won a reward from ICICI! Claim: https://trackparcel.in/1xuijy2s,1
Visit our official site for updates: https://company.com,0
Payment failed. Retry here: http://verify-login.net/1ccdw188,1
You won a reward from WhatsApp! Claim: https://account-check.net/opbvbm3o,1
Your SBI account is locked. Verify now: http://trackparcel.in/ihh0kckc,1
Meeting link shared on portal. See https://amazon.in,0
Courier fee ₹49 pending. Pay now: http://secure-update.co/p9uexn6e,1
KYC pending for ICICI. Update immediately at https://gift-claim.org/muxurcer,1
Class notice posted at https://college.edu,0
Your order is confirmed on https://irctc.co.in,0
Your order is confirmed on https://google.com,0
Meeting link shared on portal. See https://google.com,0
Monthly statement available at https://irctc.co.in,0
You won a reward from SBI! Claim: https://pay-now.in/g1zl1d82,1
Payment failed. Retry here: http://account-check.net/71hjor4l,1
Monthly statement available at https://google.com,0
Meeting link shared on portal. See https://amazon.in,0
KYC pending for WhatsApp. Update immediately at https://verify-login.net/9a2gbbn4,1
You won a reward from Flipkart! Claim: https://verify-login.net/bb67nb92,1
Payment failed. Retry here: http://account-check.net/dhn1bfch,1
Your Flipkart account is locked. Verify now: http://account-check.net/gv4pl24j,1
Meeting link shared on portal. See https://microsoft.com,0
Monthly statement available at https://college.edu,0
Visit our official site for updates: https://college.edu,0
KYC pending for Flipkart. Update immediately at https://secure-update.co/n0sctvie,1
KYC pending for WhatsApp. Update immediately at https://secure-update.co/0q0pb8bl,1
Monthly statement available at https://amazon.in,0
Payment failed. Retry here: http://trackparcel.in/j1fwoym1,1
Courier fee ₹49 pending. Pay now: http://secure-update.co/lj1cwte8,1
Payment failed. Retry here: http://pay-now.in/ke2ox1yf,1
Meeting link shared on portal. See https://google.com,0
Your order is confirmed on https://college.edu,0
Meeting link shared on portal. See https://microsoft.com,0
Meeting link shared on portal. See https://microsoft.com,0
Courier fee ₹49 pending. Pay now: http://pay-now.in/ed93ailj,1
Payment failed. Retry here: http://gift-claim.org/yy4ts8md,1
KYC pending for Netflix. Update immediately at https://secure-update.co/8zx116pd,1
KYC pending for Paytm. Update immediately at https://gift-claim.org/eb8xnv4u,1
You won a reward from Microsoft! Claim: https://account-check.net/9brkkew3,1
Monthly statement available at https://google.com,0
Visit our official site for updates: https://google.com,0
Monthly statement available at https://college.edu,0
Courier fee ₹49 pending. Pay now: http://account-check.net/slyflcn8,1
Courier fee ₹49 pending. Pay now: http://account-check.net/fc7oa467,1
KYC pending for Flipkart. Update immediately at https://gift-claim.org/5h02odkm,1
Your order is confirmed on https://company.com,0
Monthly statement available at https://company.com,0
Monthly statement available at https://college.edu,0
Your Google account is locked. Verify now: http://pay-now.in/s67j3yw0,1
Visit our official site for updates: https://college.edu,0
KYC pending for WhatsApp. Update immediately at https://verify-login.net/2tncool2,1
Your Paytm account is locked. Verify now: http://gift-claim.org/fhawr159,1
Visit our official site for updates: https://microsoft.com,0
You won a reward from Microsoft! Claim: https://secure-update.co/t7rlhkcu,1
Class notice posted at https://irctc.co.in,0
Class notice posted at https://amazon.in,0
Courier fee ₹49 pending. Pay now: http://pay-now.in/6fqathaz,1
Payment failed. Retry here: http://pay-now.in/bsa0r9dl,1
Courier fee ₹49 pending. Pay now: http://trackparcel.in/2sr2fbwi,1
Courier fee ₹49 pending. Pay now: http://account-check.net/xmyxdxh3,1
Courier fee ₹49 pending. Pay now: http://pay-now.in/uwkt9t6n,1
Monthly statement available at https://irctc.co.in,0
Class notice posted at https://company.com,0
You won a reward from Netflix! Claim: https://verify-login.net/2l3zdpek,1
Your order is confirmed on https://amazon.in,0
You won a reward from Microsoft! Claim: https://account-check.net/b5cfyqyb,1
Meeting link shared on portal. See https://microsoft.com,0
Payment failed. Retry here: http://pay-now.in/x9fff3eo,1
Class notice posted at https://google.com,0
Your order is confirmed on https://irctc.co.in,0
Class notice posted at https://college.edu,0
You won a reward from Netflix! Claim: https://pay-now.in/fe9aapux,1
KYC pending for ICICI. Update immediately at https://verify-login.net/7d53w9e3,1
Payment failed. Retry here: http://trackparcel.in/z007sbfh,1
Monthly statement available at https://google.com,0
Visit our official site for updates: https://amazon.in,0
You won a reward from Netflix! Claim: https://pay-now.in/dtqknd7w,1
Your order is confirmed on https://microsoft.com,0
KYC pending for WhatsApp. Update immediately at https://secure-update.co/6kof1cft,1
Class notice posted at https://microsoft.com,0
Monthly statement available at https://irctc.co.in,0
Courier fee ₹49 pending. Pay now: http://gift-claim.org/8lh3i3kj,1
KYC pending for ICICI. Update immediately at https://pay-now.in/jijbgyuh,1
Monthly statement available at https://google.com,0
Class notice posted at https://college.edu,0
Your order is confirmed on https://amazon.in,0
Payment failed. Retry here: http://pay-now.in/1z5afxg8,1
KYC pending for Flipkart. Update immediately at https://gift-claim.org/pm430g7c,1
KYC pending for Paytm. Update immediately at https://trackparcel.in/xix5uthv,1
Payment failed. Retry here: http://verify-login.net/bkm0fjo3,1
Payment failed. Retry here: http://secure-update.co/s2kmkzt2,1
Class notice posted at https://microsoft.com,0
You won a reward from Google! Claim: https://secure-update.co/tlwnggl9,1
Meeting link shared on portal. See https://amazon.in,0
KYC pending for Flipkart. Update immediately at https://gift-claim.org/hzrjcgh0,1
Your order is confirmed on https://company.com,0
Meeting link shared on portal. See https://amazon.in,0
Class notice posted at https://irctc.co.in,0
Your Paytm account is locked. Verify now: http://pay-now.in/jt1r70gf,1
Your Netflix account is locked. Verify now: http://trackparcel.in/9edkdp26,1
Your order is confirmed on https://google.com,0
Meeting link shared on portal. See https://amazon.in,0
Meeting link shared on portal. See https://google.com,0
KYC pending for Flipkart. Update immediately at https://account-check.net/pxau34od,1
Your order is confirmed on https://irctc.co.in,0
Class notice posted at https://irctc.co.in,0
You won a reward from SBI! Claim: https://trackparcel.in/dt8oig0w,1
Payment failed. Retry here: http://verify-login.net/6aeq523t,1
Your Microsoft account is locked. Verify now: http://trackparcel.in/3cga9lde,1
Your Google account is locked. Verify now: http://gift-claim.org/6njgfvv4,1
Your order is confirmed on https://college.edu,0
Class notice posted at https://irctc.co.in,0
Your order is confirmed on https://amazon.in,0
Payment failed. Retry here: http://gift-claim.org/nsb2l0kv,1
Visit our official site for updates: https://google.com,0
Courier fee ₹49 pending. Pay now: http://gift-claim.org/54dvr2sp,1
Courier fee ₹49 pending. Pay now: http://pay-now.in/a3fnuzem,1
KYC pending for Paytm. Update immediately at https://account-check.net/ujw5x0uy,1
You won a reward from HDFC! Claim: https://verify-login.net/k139o464,1
Class notice posted at https://company.com,0
Class notice posted at https://google.com,0
Your Netflix account is locked. Verify now: http://account-check.net/3antl7lx,1
You won a reward from Microsoft! Claim: https://secure-update.co/1tt5y4sp,1
Class notice posted at https://amazon.in,0
Your order is confirmed on https://microsoft.com,0
Monthly statement available at https://college.edu,0
You won a reward from Google! Claim: https://account-check.net/v7jq3uqg,1
You won a reward from SBI! Claim: https://trackparcel.in/te89cpnv,1
Courier fee ₹49 pending. Pay now: http://gift-claim.org/whwexvhh,1
Visit our official site for updates: https://company.com,0
Your Netflix account is locked. Verify now: http://pay-now.in/slqdi6g8,1
Your order is confirmed on https://company.com,0
Class notice posted at https://amazon.in,0
Meeting link shared on portal. See https://amazon.in,0
Visit our official site for updates: https://company.com,0
KYC pending for Microsoft. Update immediately at https://secure-update.co/ni0dylc5,1
Class notice posted at https://amazon.in,0
Your Netflix account is locked. Verify now: http://gift-claim.org/p0t4imer,1
Class notice posted at https://amazon.in,0
Meeting link shared on portal. See https://company.com,0
Visit our official site for updates: https://college.edu,0
Your order is confirmed on https://irctc.co.in,0
Visit our official site for updates: https://company.com,0
You won a reward from Flipkart! Claim: https://secure-update.co/ct0ns45r,1
You won a reward from HDFC! Claim: https://verify-login.net/lpkv1ydc,1
Your order is confirmed on https://amazon.in,0
You won a reward from Paytm! Claim: https://verify-login.net/1yp84tmm,1
KYC pending for HDFC. Update immediately at https://pay-now.in/ta1jkuup,1
Your order is confirmed on https://google.com,0
Meeting link shared on portal. See https://irctc.co.in,0
Visit our official site for updates: https://company.com,0
Your order is confirmed on https://google.com,0
KYC pending for Netflix. Update immediately at https://account-check.net/mlpv9b7l,1
Courier fee ₹49 pending. Pay now: http://trackparcel.in/zzao17q9,1
KYC pending for Microsoft. Update immediately at https://secure-update.co/jax29p2w,1
Class notice posted at https://google.com,0
Courier fee ₹49 pending. Pay now: http://gift-claim.org/7foycsu5,1
Visit our official site for updates: https://irctc.co.in,0
Payment failed. Retry here: http://gift-claim.org/jgtqr4yn,1
Your order is confirmed on https://google.com,0
Courier fee ₹49 pending. Pay now: http://account-check.net/9yc2oie0,1
Class notice posted at https://company.com,0
You won a reward from Paytm! Claim: https://account-check.net/w0timd9e,1
KYC pending for HDFC. Update immediately at https://verify-login.net/6wrncu8d,1
Meeting link shared on portal. See https://college.edu,0
KYC pending for SBI. Update immediately at https://trackparcel.in/klyf6e3p,1
Your WhatsApp account is locked. Verify now: http://pay-now.in/7yb7ubse,1
Visit our official site for updates: https://amazon.in,0
Class notice posted at https://microsoft.com,0
You won a reward from ICICI! Claim: https://gift-claim.org/1a7cp15u,1
Meeting link shared on portal. See https://irctc.co.in,0
Courier fee ₹49 pending. Pay now: http://trackparcel.in/3udf5rfq,1
Payment failed. Retry here: http://trackparcel.in/zyxj9h8r,1
Class notice posted at https://irctc.co.in,0
Visit our official site for updates: https://college.edu,0
Your order is confirmed on https://company.com,0
Meeting link shared on portal. See https://company.com,0
Payment failed. Retry here: http://gift-claim.org/m45hz92u,1
Monthly statement available at https://company.com,0
KYC pending for Google. Update immediately at https://gift-claim.org/t2zsc8qe,1
Class notice posted at https://microsoft.com,0
Class notice posted at https://irctc.co.in,0
Visit our official site for updates: https://college.edu,0
KYC pending for Google. Update immediately at https://account-check.net/66rpwa24,1
Payment failed. Retry here: http://pay-now.in/dkp6irka,1
Courier fee ₹49 pending. Pay now: http://verify-login.net/e1vk1bxz,1
You won a reward from Amazon! Claim: https://secure-update.co/ddwh3hus,1
Class notice posted at https://amazon.in,0
Monthly statement available at https://irctc.co.in,0
Your Amazon account is locked. Verify now: http://trackparcel.in/mqrl2fng,1
Payment failed. Retry here: http://pay-now.in/2qksr7i1,1
Monthly statement available at https://company.com,0
Monthly statement available at https://amazon.in,0
Class notice posted at https://irctc.co.in,0
Visit our official site for updates: https://google.com,0
Your Amazon account is locked. Verify now: http://gift-claim.org/y0k6blc3,1
You won a reward from HDFC! Claim: https://pay-now.in/x1oyfsdy,1
Visit our official site for updates: https://college.edu,0
KYC pending for Amazon. Update immediately at https://account-check.net/blbxlk9k,1
Courier fee ₹49 pending. Pay now: http://secure-update.co/a1rohz60,1
Class notice posted at https://microsoft.com,0
Meeting link shared on portal. See https://company.com,0
Visit our official site for updates: https://google.com,0
You won a reward from ICICI! Claim: https://account-check.net/o0pjb5q8,1
Your Netflix account is locked. Verify now: http://account-check.net/dgrihsr8,1
You won a reward from WhatsApp! Claim: https://gift-claim.org/05i4n1yi,1
Class notice posted at https://company.com,0
Class notice posted at https://amazon.in,0
Payment failed. Retry here: http://gift-claim.org/mpr2cfsk,1
Courier fee ₹49 pending. Pay now: http://trackparcel.in/v2scdsiy,1
Payment failed. Retry here: http://pay-now.in/x0srzkl6,1
Your Netflix account is locked. Verify now: http://trackparcel.in/yrcs37nd,1
KYC pending for Amazon. Update immediately at https://account-check.net/5qkrvmjh,1
Meeting link shared on portal. See https://google.com,0
Your WhatsApp account is locked. Verify now: http://verify-login.net/zgj6efcs,1
Courier fee ₹49 pending. Pay now: http://pay-now.in/x24z7bxb,1
Monthly statement available at https://irctc.co.in,0
Monthly statement available at https://college.edu,0
Class notice posted at https://microsoft.com,0
Meeting link shared on portal. See https://irctc.co.in,0
Visit our official site for updates: https://irctc.co.in,0
Meeting link shared on portal. See https://irctc.co.in,0
Payment failed. Retry here: http://account-check.net/szrgivh3,1
Visit our official site for updates: https://amazon.in,0
Payment failed. Retry here: http://gift-claim.org/84uvnibo,1
Your Flipkart account is locked. Verify now: http://secure-update.co/q87fcqch,1
You won a reward from SBI! Claim: https://account-check.net/2b6zlnnd,1
Courier fee ₹49 pending. Pay now: http://gift-claim.org/fpbmnf4l,1
Visit our official site for updates: https://google.com,0
Payment failed. Retry here: http://pay-now.in/lu0ii2v9,1
KYC pending for SBI. Update immediately at https://account-check.net/x3zf764g,1
Your Netflix account is locked. Verify now: http://account-check.net/fudkf2jv,1
Your order is confirmed on https://microsoft.com,0
Your Paytm account is locked. Verify now: http://account-check.net/qgzhn5cl,1
Your Amazon account is locked. Verify now: http://trackparcel.in/ycalnu0v,1
Visit our official site for updates: https://company.com,0
Class notice posted at https://google.com,0
Payment failed. Retry here: http://gift-claim.org/vzbywzw2,1
KYC pending for SBI. Update immediately at https://account-check.net/mzmyn7o2,1
Courier fee ₹49 pending. Pay now: http://account-check.net/bkufe570,1
Your ICICI account is locked. Verify now: http://trackparcel.in/smst8zgo,1
Monthly statement available at https://amazon.in,0
KYC pending for Flipkart. Update immediately at https://pay-now.in/9eyqftjl,1
Monthly statement available at https://google.com,0
Your ICICI account is locked. Verify now: http://account-check.net/n8hev3li,1
Courier fee ₹49 pending. Pay now: http://trackparcel.in/my2ndm3c,1
Your Amazon account is locked. Verify now: http://verify-login.net/3bonvkaz,1
You won a reward from Amazon! Claim: https://pay-now.in/tbwqv8nx,1
Your WhatsApp account is locked. Verify now: http://pay-now.in/y8jhrrxa,1
Meeting link shared on portal. See https://company.com,0
Payment failed. Retry here: http://verify-login.net/ki45bmq9,1
Meeting link shared on portal. See https://irctc.co.in,0
KYC pending for WhatsApp. Update immediately at https://account-check.net/pczpf8c5,1
KYC pending for Microsoft. Update immediately at https://account-check.net/4w4vpqlk,1
Visit our official site for updates: https://microsoft.com,0
Class notice posted at https://microsoft.com,0
Visit our official site for updates: https://company.com,0
Your order is confirmed on https://irctc.co.in,0
KYC pending for Microsoft. Update immediately at https://verify-login.net/jj5keh8r,1
KYC pending for Google. Update immediately at https://secure-update.co/wdml27jj,1
Your ICICI account is locked. Verify now: http://secure-update.co/pjqdy130,1
Courier fee ₹49 pending. Pay now: http://verify-login.net/eepc5xaw,1
You won a reward from WhatsApp! Claim: https://account-check.net/4rbl7e4e,1
Your Flipkart account is locked. Verify now: http://verify-login.net/ip77ivq9,1
Courier fee ₹49 pending. Pay now: http://gift-claim.org/4qmaywtj,1
Your order is confirmed on https://amazon.in,0
Meeting link shared on portal. See https://irctc.co.in,0
Class notice posted at https://microsoft.com,0
Your order is confirmed on https://google.com,0
You won a reward from Netflix! Claim: https://account-check.net/jm0m2d6j,1
Your HDFC account is locked. Verify now: http://verify-login.net/gab9yu46,1
Class notice posted at https://irctc.co.in,0
Your Flipkart account is locked. Verify now: http://account-check.net/51tc3lnz,1
Meeting link shared on portal. See https://college.edu,0
Your Paytm account is locked. Verify now: http://pay-now.in/z35cpe5l,1
Payment failed. Retry here: http://gift-claim.org/sycohkir,1
Meeting link shared on portal. See https://company.com,0
Visit our official site for updates: https://college.edu,0
KYC pending for Paytm. Update immediately at https://trackparcel.in/pabi6qe8,1
Payment failed. Retry here: http://trackparcel.in/ageigla0,1
Courier fee ₹49 pending. Pay now: http://trackparcel.in/agxd7gvf,1
Payment failed. Retry here: http://verify-login.net/c1486ll5,1
Monthly statement available at https://irctc.co.in,0
Payment failed. Retry here: http://account-check.net/eifo1e49,1
Visit our official site for updates: https://irctc.co.in,0
Class notice posted at https://amazon.in,0
Monthly statement available at https://microsoft.com,0
Meeting link shared on portal. See https://irctc.co.in,0
Courier fee ₹49 pending. Pay now: http://verify-login.net/4267paxq,1
You won a reward from HDFC! Claim: https://verify-login.net/ikr78b2d,1
You won a reward from HDFC! Claim: https://gift-claim.org/mk4nd5kw,1
Visit our official site for updates: https://microsoft.com,0
Meeting link shared on portal. See https://microsoft.com,0
Payment failed. Retry here: http://gift-claim.org/oemnos1t,1
Your order is confirmed on https://microsoft.com,0
Class notice posted at https://company.com,0
You won a reward from Flipkart! Claim: https://trackparcel.in/bl22dv90,1
Meeting link shared on portal. See https://company.com,0
Your order is confirmed on https://google.com,0
Your order is confirmed on https://company.com,0
Monthly statement available at https://company.com,0
Payment failed. Retry here: http://pay-now.in/d9wt7aoa,1
You won a reward from Paytm! Claim: https://gift-claim.org/0mha5gv4,1
Your order is confirmed on https://amazon.in,0
Your Google account is locked. Verify now: http://verify-login.net/eior29c3,1
Your order is confirmed on https://college.edu,0
Your order is confirmed on https://college.edu,0
You won a reward from Paytm! Claim: https://pay-now.in/e160pcqs,1
Payment failed. Retry here: http://trackparcel.in/ckhotean,1
Monthly statement available at https://company.com,0
Your order is confirmed on https://company.com,0
Payment failed. Retry here: http://gift-claim.org/ujs6tvlf,1
Payment failed. Retry here: http://account-check.net/cexiq0z9,1
Monthly statement available at https://google.com,0
Your order is confirmed on https://irctc.co.in,0
You won a reward from HDFC! Claim: https://verify-login.net/bg0s8y3a,1
Your order is confirmed on https://irctc.co.in,0
Payment failed. Retry here: http://secure-update.co/yf66zy9y,1
Meeting link shared on portal. See https://amazon.in,0
Your SBI account is locked. Verify now: http://pay-now.in/ywiytow1,1
Your order is confirmed on https://college.edu,0
Monthly statement available at https://irctc.co.in,0
You won a reward from SBI! Claim: https://pay-now.in/16eblktp,1
Your order is confirmed on https://company.com,0
Class notice posted at https://company.com,0
Payment failed. Retry here: http://gift-claim.org/ibfe2k5g,1
Your order is confirmed on https://irctc.co.in,0
Meeting link shared on portal. See https://irctc.co.in,0
Your Flipkart account is locked. Verify now: http://trackparcel.in/5dimf5ad,1
Courier fee ₹49 pending. Pay now: http://secure-update.co/zt17k82p,1
Your order is confirmed on https://college.edu,0
Visit our official site for updates: https://amazon.in,0
Visit our official site for updates: https://google.com,0
Your Flipkart account is locked. Verify now: http://pay-now.in/2vozds42,1
Courier fee ₹49 pending. Pay now: http://verify-login.net/zyzwanea,1
Your Netflix account is locked. Verify now: http://secure-update.co/0grn4zbm,1
Meeting link shared on portal. See https://college.edu,0
Your Paytm account is locked. Verify now: http://pay-now.in/b21viz6e,1
Class notice posted at https://company.com,0
You won a reward from ICICI! Claim: https://account-check.net/rgqefs23,1
Meeting link shared on portal. See https://google.com,0
Meeting link shared on portal. See https://amazon.in,0
You won a reward from HDFC! Claim: https://verify-login.net/4zyd9oku,1
Visit our official site for updates: https://amazon.in,0
Your HDFC account is locked. Verify now: http://gift-claim.org/l05bsrno,1
Courier fee ₹49 pending. Pay now: http://verify-login.net/ihpgx49c,1
Visit our official site for updates: https://company.com,0
You won a reward from Netflix! Claim: https://account-check.net/q4fhtrx0,1
Your order is confirmed on https://college.edu,0
Visit our official site for updates: https://amazon.in,0
Meeting link shared on portal. See https://company.com,0
KYC pending for Netflix. Update immediately at https://gift-claim.org/rjo76lbi,1
Your order is confirmed on https://college.edu,0
Meeting link shared on portal. See https://amazon.in,0
Your Flipkart account is locked. Verify now: http://pay-now.in/d321wz0d,1
KYC pending for Flipkart. Update immediately at https://account-check.net/5pq5y1bv,1
Visit our official site for updates: https://amazon.in,0
Meeting link shared on portal. See https://irctc.co.in,0
Payment failed. Retry here: http://trackparcel.in/1lryed03,1
Payment failed. Retry here: http://verify-login.net/oklpjp11,1
Visit our official site for updates: https://college.edu,0
Your order is confirmed on https://microsoft.com,0
You won a reward from Flipkart! Claim: https://secure-update.co/4402z7qf,1
Visit our official site for updates: https://irctc.co.in,0
KYC pending for Paytm. Update immediately at https://pay-now.in/lr2fmijf,1
Payment failed. Retry here: http://pay-now.in/lrq0dohm,1
Your Microsoft account is locked. Verify now: http://secure-update.co/otwd61gl,1
Your order is confirmed on https://irctc.co.in,0
Monthly statement available at https://company.com,0
Class notice posted at https://irctc.co.in,0
You won a reward from Flipkart! Claim: https://account-check.net/5ieosssb,1
Class notice posted at https://microsoft.com,0
Your ICICI account is locked. Verify now: http://trackparcel.in/bayc6saa,1
Your order is confirmed on https://college.edu,0
You won a reward from SBI! Claim: https://gift-claim.org/oig0z706,1
Class notice posted at https://google.com,0
Class notice posted at https://google.com,0
Courier fee ₹49 pending. Pay now: http://secure-update.co/hkjktwqt,1
You won a reward from Google! Claim: https://verify-login.net/63xcty5i,1
Class notice posted at https://irctc.co.in,0
Payment failed. Retry here: http://verify-login.net/flhgqyfm,1
Monthly statement available at https://company.com,0
Payment failed. Retry here: http://pay-now.in/fb97hfmp,1
Visit our official site for updates: https://google.com,0
Monthly statement available at https://irctc.co.in,0
Your ICICI account is locked. Verify now: http://pay-now.in/dlbly7ii,1
Meeting link shared on portal. See https://google.com,0
Meeting link shared on portal. See https://company.com,0
Class notice posted at https://microsoft.com,0
Your Google account is locked. Verify now: http://secure-update.co/a6pa6p3z,1
Class notice posted at https://google.com,0
Your order is confirmed on https://microsoft.com,0
Payment failed. Retry here: http://trackparcel.in/eirvdjtx,1
You won a reward from Microsoft! Claim: https://verify-login.net/0bunzgal,1
KYC pending for Flipkart. Update immediately at https://secure-update.co/cfhwc8je,1
Meeting link shared on portal. See https://company.com,0
Meeting link shared on portal. See https://google.com,0
You won a reward from HDFC! Claim: https://gift-claim.org/sc9izjm5,1
Monthly statement available at https://microsoft.com,0
Monthly statement available at https://irctc.co.in,0
Monthly statement available at https://college.edu,0
Visit our official site for updates: https://college.edu,0
Meeting link shared on portal. See https://company.com,0
Courier fee ₹49 pending. Pay now: http://account-check.net/zyqe8t1c,1
Visit our official site for updates: https://amazon.in,0
Meeting link shared on portal. See https://college.edu,0
Class notice posted at https://google.com,0
Visit our official site for updates: https://microsoft.com,0
Class notice posted at https://irctc.co.in,0
Courier fee ₹49 pending. Pay now: http://gift-claim.org/dpuymjrj,1
You won a reward from Flipkart! Claim: https://pay-now.in/xlr6ksq6,1
You won a reward from Amazon! Claim: https://pay-now.in/rtk36jax,1
Meeting link shared on portal. See https://microsoft.com,0
Your WhatsApp account is locked. Verify now: http://gift-claim.org/esv2uwqe,1
Your Flipkart account is locked. Verify now: http://trackparcel.in/r5ipf0me,1
Payment failed. Retry here: http://trackparcel.in/ew3yht07,1
KYC pending for Google. Update immediately at https://pay-now.in/m2u1c8co,1
Visit our official site for updates: https://company.com,0
Class notice posted at https://irctc.co.in,0
KYC pending for Flipkart. Update immediately at https://account-check.net/tz0l5ej4,1
You won a reward from ICICI! Claim: https://pay-now.in/sq61fpvd,1
Payment failed. Retry here: http://secure-update.co/6qvu1zn1,1
Visit our official site for updates: https://college.edu,0
Payment failed. Retry here: http://verify-login.net/10nig23h,1
Class notice posted at https://microsoft.com,0
Monthly statement available at https://irctc.co.in,0
Class notice posted at https://company.com,0
Meeting link shared on portal. See https://company.com,0
Courier fee ₹49 pending. Pay now: http://account-check.net/oqg71g0m,1
Your Google account is locked. Verify now: http://gift-claim.org/qramhch6,1
Courier fee ₹49 pending. Pay now: http://account-check.net/ykaihn4v,1
Your WhatsApp account is locked. Verify now: http://verify-login.net/a9urzkwh,1
Your order is confirmed on https://amazon.in,0
Visit our official site for updates: https://college.edu,0
Payment failed. Retry here: http://gift-claim.org/yranxguo,1
Your order is confirmed on https://company.com,0
Your Flipkart account is locked. Verify now: http://pay-now.in/n04m3pz7,1
Meeting link shared on portal. See https://college.edu,0
Monthly statement available at https://college.edu,0
Class notice posted at https://google.com,0
Meeting link shared on portal. See https://amazon.in,0
You won a reward from Netflix! Claim: https://secure-update.co/pfh1cu3o,1
Your Flipkart account is locked. Verify now: http://verify-login.net/bsm34pp7,1
KYC pending for Google. Update immediately at https://account-check.net/jkiyg84e,1
Your order is confirmed on https://company.com,0
Courier fee ₹49 pending. Pay now: http://verify-login.net/rhudzwdt,1
Meeting link shared on portal. See https://google.com,0
Class notice posted at https://google.com,0
KYC pending for ICICI. Update immediately at https://pay-now.in/9zgttrhl,1
KYC pending for WhatsApp. Update immediately at https://account-check.net/ywzt7bdy,1
Your order is confirmed on https://google.com,0
You won a reward from WhatsApp! Claim: https://secure-update.co/evghkpw8,1
Payment failed. Retry here: http://trackparcel.in/6ljmvqi8,1
KYC pending for Netflix. Update immediately at https://trackparcel.in/jvqzd0ow,1
You won a reward from HDFC! Claim: https://verify-login.net/c8ujjuqa,1
Your order is confirmed on https://irctc.co.in,0
Your order is confirmed on https://amazon.in,0
You won a reward from SBI! Claim: https://pay-now.in/e1zshvsz,1
KYC pending for Paytm. Update immediately at https://trackparcel.in/0b01ja49,1
Payment failed. Retry here: http://gift-claim.org/331tv9zi,1
Your SBI account is locked. Verify now: http://gift-claim.org/xkl997nz,1
Meeting link shared on portal. See https://company.com,0
Meeting link shared on portal. See https://microsoft.com,0
Courier fee ₹49 pending. Pay now: http://pay-now.in/32pz3rav,1
Your Flipkart account is locked. Verify now: http://account-check.net/eh5mjzza,1
Meeting link shared on portal. See https://google.com,0
Class notice posted at https://company.com,0
You won a reward from Amazon! Claim: https://trackparcel.in/t2x7tcze,1
You won a reward from Netflix! Claim: https://secure-update.co/xjoic978,1
Your order is confirmed on https://irctc.co.in,0
You won a reward from Amazon! Claim: https://secure-update.co/tbdpapeu,1
Your order is confirmed on https://microsoft.com,0
Payment failed. Retry here: http://pay-now.in/aldxrz22,1
Courier fee ₹49 pending. Pay now: http://pay-now.in/mu91bpd5,1
Courier fee ₹49 pending. Pay now: http://gift-claim.org/cyuyi5ag,1
Your order is confirmed on https://irctc.co.in,0
Payment failed. Retry here: http://secure-update.co/o6n2vef4,1
Monthly statement available at https://irctc.co.in,0
Class notice posted at https://company.com,0
You won a reward from SBI! Claim: https://verify-login.net/ou0a1kof,1
KYC pending for Google. Update immediately at https://gift-claim.org/smfbk7pw,1
Your Google account is locked. Verify now: http://verify-login.net/dvybl0ry,1
Visit our official site for updates: https://company.com,0
Payment failed. Retry here: http://pay-now.in/we42uts9,1
Visit our official site for updates: https://irctc.co.in,0
Class notice posted at https://amazon.in,0
Courier fee ₹49 pending. Pay now: http://account-check.net/nfjefnpy,1
You won a reward from Netflix! Claim: https://pay-now.in/5vhwakvp,1
Meeting link shared on portal. See https://google.com,0
Payment failed. Retry here: http://secure-update.co/avqvrz7n,1
Visit our official site for updates: https://company.com,0
Your order is confirmed on https://google.com,0
Courier fee ₹49 pending. Pay now: http://secure-update.co/b4tgrk0w,1
Payment failed. Retry here: http://pay-now.in/w8th1g51,1
Visit our official site for updates: https://irctc.co.in,0
KYC pending for Paytm. Update immediately at https://secure-update.co/dzcx788q,1
Monthly statement available at https://college.edu,0
Monthly statement available at https://google.com,0
Class notice posted at https://amazon.in,0
Monthly statement available at https://irctc.co.in,0
Your Microsoft account is locked. Verify now: http://verify-login.net/ds3kq2h6,1
KYC pending for Netflix. Update immediately at https://account-check.net/z6c61s7k,1
Visit our official site for updates: https://irctc.co.in,0
Monthly statement available at https://company.com,0
You won a reward from Paytm! Claim: https://gift-claim.org/t1acggrr,1
Monthly statement available at https://company.com,0
Monthly statement available at https://irctc.co.in,0
KYC pending for WhatsApp. Update immediately at https://trackparcel.in/1vdj7w7r,1
Meeting link shared on portal. See https://amazon.in,0
Meeting link shared on portal. See https://microsoft.com,0
Monthly statement available at https://irctc.co.in,0
KYC pending for SBI. Update immediately at https://secure-update.co/074wrkwi,1
Payment failed. Retry here: http://pay-now.in/acbgjs8g,1
Your Microsoft account is locked. Verify now: http://verify-login.net/af5478kg,1
Class notice posted at https://google.com,0
Payment failed. Retry here: http://verify-login.net/bytl5z2r,1
Monthly statement available at https://company.com,0
Your WhatsApp account is locked. Verify now: http://secure-update.co/lbm36up9,1
Your Google account is locked. Verify now: http://trackparcel.in/7hb6t6e9,1
Your order is confirmed on https://google.com,0
KYC pending for Flipkart. Update immediately at https://verify-login.net/dhwji8z1,1
Payment failed. Retry here: http://gift-claim.org/qhlqgrmp,1
KYC pending for Flipkart. Update immediately at https://account-check.net/fq5qjr6l,1
Courier fee ₹49 pending. Pay now: http://secure-update.co/zdtwqes3,1
Monthly statement available at https://microsoft.com,0
Meeting link shared on portal. See https://google.com,0
You won a reward from HDFC! Claim: https://gift-claim.org/9wooufo0,1
Your order is confirmed on https://company.com,0
Payment failed. Retry here: http://account-check.net/1igjam89,1
You won a reward from ICICI! Claim: https://verify-login.net/e8mhrsdk,1
Visit our official site for updates: https://irctc.co.in,0
Your Paytm account is locked. Verify now: http://account-check.net/c7krs42c,1
Class notice posted at https://company.com,0
You won a reward from SBI! Claim: https://gift-claim.org/76soqpb3,1
Class notice posted at https://college.edu,0
You won a reward from SBI! Claim: https://secure-update.co/cm90yalp,1
Your order is confirmed on https://company.com,0
Meeting link shared on portal. See https://google.com,0
Visit our official site for updates: https://company.com,0
Meeting link shared on portal. See https://microsoft.com,0
Your order is confirmed on https://company.com,0
Payment failed. Retry here: http://account-check.net/9gyhizzk,1
Courier fee ₹49 pending. Pay now: http://trackparcel.in/2260epf1,1
Your order is confirmed on https://college.edu,0
Courier fee ₹49 pending. Pay now: http://pay-now.in/tdac5mmm,1
Monthly statement available at https://microsoft.com,0
Monthly statement available at https://amazon.in,0
Your ICICI account is locked. Verify now: http://pay-now.in/ay5xydoh,1
Visit our official site for updates: https://company.com,0
Visit our official site for updates: https://college.edu,0
Visit our official site for updates: https://company.com,0
Your Flipkart account is locked. Verify now: http://account-check.net/a2wrdeo7,1
Courier fee ₹49 pending. Pay now: http://account-check.net/3fn6305o,1
You won a reward from Amazon! Claim: https://pay-now.in/dkdsh32o,1
Your Paytm account is locked. Verify now: http://trackparcel.in/wywgpxmr,1
You won a reward from WhatsApp! Claim: https://trackparcel.in/168ey3gw,1
Visit our official site for updates: https://microsoft.com,0
Class notice posted at https://amazon.in,0
Your SBI account is locked. Verify now: http://trackparcel.in/8ionzn8m,1
Payment failed. Retry here: http://secure-update.co/topctalt,1
Courier fee ₹49 pending. Pay now: http://pay-now.in/ql0zcenf,1
Monthly statement available at https://amazon.in,0
Class notice posted at https://company.com,0
Courier fee ₹49 pending. Pay now: http://pay-now.in/1k2j5ii6,1
Your order is confirmed on https://microsoft.com,0
Meeting link shared on portal. See https://microsoft.com,0
Your order is confirmed on https://college.edu,0
Payment failed. Retry here: http://trackparcel.in/xac9x1bj,1
Your order is confirmed on https://irctc.co.in,0
KYC pending for Microsoft. Update immediately at https://trackparcel.in/x70d9nf8,1
Monthly statement available at https://google.com,0
Class notice posted at https://amazon.in,0
Monthly statement available at https://college.edu,0
You won a reward from Microsoft! Claim: https://secure-update.co/vcfvez18,1
Meeting link shared on portal. See https://microsoft.com,0
Your order is confirmed on https://college.edu,0
Meeting link shared on portal. See https://company.com,0
Your ICICI account is locked. Verify now: http://pay-now.in/vggzq6fs,1
Your Google account is locked. Verify now: http://trackparcel.in/mwlvzxi8,1
KYC pending for Netflix. Update immediately at https://pay-now.in/s1ql2brv,1
Your ICICI account is locked. Verify now: http://verify-login.net/0gkvh9nl,1
Courier fee ₹49 pending. Pay now: http://secure-update.co/fneayi2u,1
Meeting link shared on portal. See https://google.com,0
Visit our official site for updates: https://google.com,0
Class notice posted at https://microsoft.com,0
Visit our official site for updates: https://amazon.in,0
KYC pending for Paytm. Update immediately at https://pay-now.in/36b6fbf3,1
Your order is confirmed on https://amazon.in,0
Visit our official site for updates: https://microsoft.com,0
Visit our official site for updates: https://microsoft.com,0
Visit our official site for updates: https://google.com,0
You won a reward from Netflix! Claim: https://trackparcel.in/4w9je3bd,1
Monthly statement available at https://college.edu,0
Payment failed. Retry here: http://trackparcel.in/m8dv2wpq,1
You won a reward from Microsoft! Claim: https://pay-now.in/7p5nla6h,1
Class notice posted at https://company.com,0
Class notice posted at https://company.com,0
Courier fee ₹49 pending. Pay now: http://pay-now.in/f5ninrib,1
KYC pending for Flipkart. Update immediately at https://account-check.net/98p5h0uh,1
Visit our official site for updates: https://college.edu,0
Monthly statement available at https://college.edu,0
KYC pending for Microsoft. Update immediately at https://trackparcel.in/w4yv4g2y,1
Monthly statement available at https://google.com,0
Class notice posted at https://irctc.co.in,0
KYC pending for Google. Update immediately at https://pay-now.in/ichqng7f,1
Visit our official site for updates: https://irctc.co.in,0
Visit our official site for updates: https://company.com,0
Meeting link shared on portal. See https://college.edu,0
Visit our official site for updates: https://company.com,0
Meeting link shared on portal. See https://company.com,0
Class notice posted at https://company.com,0
Courier fee ₹49 pending. Pay now: http://trackparcel.in/qupv8ckl,1
Payment failed. Retry here: http://pay-now.in/0i4c6gmj,1
Payment failed. Retry here: http://account-check.net/c007kc30,1
Your ICICI account is locked. Verify now: http://verify-login.net/90r4mf4i,1
Courier fee ₹49 pending. Pay now: http://account-check.net/kbyv8r5f,1
Your Microsoft account is locked. Verify now: http://gift-claim.org/7e5bp3qi,1
Monthly statement available at https://irctc.co.in,0
Visit our official site for updates: https://irctc.co.in,0
Your order is confirmed on https://microsoft.com,0
KYC pending for Amazon. Update immediately at https://secure-update.co/0826frpf,1
You won a reward from Netflix! Claim: https://trackparcel.in/25sk2gue,1
Your SBI account is locked. Verify now: http://verify-login.net/992avvbt,1
Monthly statement available at https://microsoft.com,0
Courier fee ₹49 pending. Pay now: http://verify-login.net/fzotf5ph,1
Meeting link shared on portal. See https://amazon.in,0
Visit our official site for updates: https://irctc.co.in,0
Payment failed. Retry here: http://trackparcel.in/6tekkn6f,1
Visit our official site for updates: https://company.com,0
Visit our official site for updates: https://company.com,0
You won a reward from Paytm! Claim: https://trackparcel.in/4m762sl3,1
You won a reward from WhatsApp! Claim: https://gift-claim.org/681cdusm,1
Meeting link shared on portal. See https://company.com,0
Monthly statement available at https://google.com,0
Meeting link shared on portal. See https://college.edu,0
Class notice posted at https://company.com,0
You won a reward from Netflix! Claim: https://verify-login.net/1oj90nl2,1
Monthly statement available at https://college.edu,0
You won a reward from WhatsApp! Claim: https://account-check.net/z3ov8bd5,1
Class notice posted at https://google.com,0
You won a reward from ICICI! Claim: https://verify-login.net/qng4wbgv,1
Monthly statement available at https://microsoft.com,0
KYC pending for Microsoft. Update immediately at https://secure-update.co/5wtnlak1,1
KYC pending for HDFC. Update immediately at https://gift-claim.org/nxnh09zb,1
Payment failed. Retry here: http://trackparcel.in/m3tnpmty,1
Class notice posted at https://irctc.co.in,0
Courier fee ₹49 pending. Pay now: http://trackparcel.in/14onkmvb,1
Your SBI account is locked. Verify now: http://gift-claim.org/bxgjdprx,1
Payment failed. Retry here: http://gift-claim.org/94f5mams,1
Your order is confirmed on https://irctc.co.in,0
Your WhatsApp account is locked. Verify now: http://secure-update.co/xxccnnel,1
Visit our official site for updates: https://microsoft.com,0
Visit our official site for updates: https://amazon.in,0
Courier fee ₹49 pending. Pay now: http://verify-login.net/ua7g96qn,1
Payment failed. Retry here: http://account-check.net/r8grtp9p,1
Visit our official site for updates: https://amazon.in,0
Payment failed. Retry here: http://trackparcel.in/8nbh6lz1,1
Visit our official site for updates: https://google.com,0
Your order is confirmed on https://microsoft.com,0
Your Paytm account is locked. Verify now: http://trackparcel.in/65ynrj3n,1
Visit our official site for updates: https://company.com,0
Courier fee ₹49 pending. Pay now: http://account-check.net/7abjjwfo,1
Monthly statement available at https://college.edu,0
Monthly statement available at https://college.edu,0
You won a reward from Microsoft! Claim: https://trackparcel.in/dr1o1hmr,1
KYC pending for SBI. Update immediately at https://pay-now.in/2or6ce1y,1
You won a reward from SBI! Claim: https://secure-update.co/5sv6s5xl,1
Meeting link shared on portal. See https://microsoft.com,0
Visit our official site for updates: https://irctc.co.in,0
You won a reward from Flipkart! Claim: https://trackparcel.in/eyt5t0m8,1
You won a reward from HDFC! Claim: https://account-check.net/td84lhk1,1
Your ICICI account is locked. Verify now: http://gift-claim.org/z3bwgxzc,1
Courier fee ₹49 pending. Pay now: http://verify-login.net/ovtg59wn,1
Courier fee ₹49 pending. Pay now: http://gift-claim.org/hxl5rwfj,1
Visit our official site for updates: https://amazon.in,0
Payment failed. Retry here: http://account-check.net/cjmglgrf,1
KYC pending for ICICI. Update immediately at https://account-check.net/8l7t76dr,1
Courier fee ₹49 pending. Pay now: http://trackparcel.in/rggflxr2,1
Visit our official site for updates: https://irctc.co.in,0
Your order is confirmed on https://google.com,0
Your SBI account is locked. Verify now: http://gift-claim.org/av59bgbs,1
Your order is confirmed on https://amazon.in,0
Meeting link shared on portal. See https://google.com,0
KYC pending for Netflix. Update immediately at https://secure-update.co/dp220pwy,1
KYC pending for SBI. Update immediately at https://secure-update.co/h43vwjo8,1
Visit our official site for updates: https://company.com,0
You won a reward from Amazon! Claim: https://account-check.net/88duxgzg,1
Monthly statement available at https://amazon.in,0
KYC pending for Google. Update immediately at https://pay-now.in/h3x4n55x,1
Visit our official site for updates: https://company.com,0
You won a reward from SBI! Claim: https://pay-now.in/9soo2ah0,1
Payment failed. Retry here: http://trackparcel.in/pno2owpe,1
Monthly statement available at https://amazon.in,0
Courier fee ₹49 pending. Pay now: http://trackparcel.in/3e69qnxw,1
You won a reward from WhatsApp! Claim: https://secure-update.co/g2bhethg,1
Payment failed. Retry here: http://pay-now.in/dlwmy9km,1
Monthly statement available at https://amazon.in,0
You won a reward from ICICI! Claim: https://verify-login.net/2haj1fhb,1
You won a reward from Google! Claim: https://trackparcel.in/qeypk3as,1
Monthly statement available at https://microsoft.com,0
Your order is confirmed on https://google.com,0
Meeting link shared on portal. See https://company.com,0
Your order is confirmed on https://microsoft.com,0
Courier fee ₹49 pending. Pay now: http://pay-now.in/azypw1xo,1
Monthly statement available at https://company.com,0
Monthly statement available at https://irctc.co.in,0
Visit our official site for updates: https://irctc.co.in,0
Payment failed. Retry here: http://account-check.net/0v06e28u,1
Courier fee ₹49 pending. Pay now: http://trackparcel.in/ig7jk85n,1
Monthly statement available at https://company.com,0
Your Flipkart account is locked. Verify now: http://verify-login.net/gu7ozokj,1
Payment failed. Retry here: http://pay-now.in/q5asos2f,1
Monthly statement available at https://company.com,0
KYC pending for Paytm. Update immediately at https://trackparcel.in/odg01624,1
Your WhatsApp account is locked. Verify now: http://pay-now.in/cj9z4ghq,1
Monthly statement available at https://amazon.in,0
You won a reward from Amazon! Claim: https://trackparcel.in/s8sk3wpu,1
Your order is confirmed on https://amazon.in,0
Your order is confirmed on https://google.com,0
KYC pending for WhatsApp. Update immediately at https://gift-claim.org/mnd3ds1h,1
Payment failed. Retry here: http://account-check.net/l31b8hpp,1
Meeting link shared on portal. See https://company.com,0
You won a reward from Microsoft! Claim: https://account-check.net/xzp6ns5m,1
Meeting link shared on portal. See https://microsoft.com,0
Visit our official site for updates: https://irctc.co.in,0
KYC pending for Flipkart. Update immediately at https://gift-claim.org/c9gw75jv,1
Class notice posted at https://company.com,0
KYC pending for Amazon. Update immediately at https://verify-login.net/btf00mya,1
Monthly statement available at https://company.com,0
Meeting link shared on portal. See https://irctc.co.in,0
Class notice posted at https://microsoft.com,0
Visit our official site for updates: https://amazon.in,0
Class notice posted at https://company.com,0
Payment failed. Retry here: http://pay-now.in/hldzbwsa,1
Visit our official site for updates: https://irctc.co.in,0
You won a reward from Flipkart! Claim: https://secure-update.co/0d8o2y6g,1
Monthly statement available at https://google.com,0
KYC pending for Amazon. Update immediately at https://trackparcel.in/8c8f7w2c,1
You won a reward from SBI! Claim: https://verify-login.net/n2a8q60b,1
KYC pending for HDFC. Update immediately at https://secure-update.co/06x12mux,1
Visit our official site for updates: https://google.com,0
Visit our official site for updates: https://irctc.co.in,0
Your order is confirmed on https://google.com,0
Payment failed. Retry here: http://gift-claim.org/8e8ea8k1,1
Your order is confirmed on https://company.com,0
Meeting link shared on portal. See https://college.edu,0
Payment failed. Retry here: http://verify-login.net/ekmvbhs3,1
Meeting link shared on portal. See https://company.com,0
Payment failed. Retry here: http://pay-now.in/0rd3imj3,1
Courier fee ₹49 pending. Pay now: http://secure-update.co/0tdw2yxd,1
KYC pending for Flipkart. Update immediately at https://gift-claim.org/bvk61jsb,1
Your WhatsApp account is locked. Verify now: http://gift-claim.org/5d6ut34n,1
Meeting link shared on portal. See https://amazon.in,0
You won a reward from ICICI! Claim: https://trackparcel.in/2l6v68wy,1
Your order is confirmed on https://college.edu,0
Payment failed. Retry here: http://pay-now.in/j23r2xkp,1
Visit our official site for updates: https://company.com,0
Courier fee ₹49 pending. Pay now: http://trackparcel.in/o3lbqm8v,1
Payment failed. Retry here: http://verify-login.net/5a4f7738,1
KYC pending for Paytm. Update immediately at https://trackparcel.in/fuazr4wz,1
KYC pending for WhatsApp. Update immediately at https://pay-now.in/r1wcuk7i,1
Visit our official site for updates: https://company.com,0
Courier fee ₹49 pending. Pay now: http://pay-now.in/s627dff7,1
You won a reward from Microsoft! Claim: https://secure-update.co/vjk9fk53,1
Visit our official site for updates: https://company.com,0
Payment failed. Retry here: http://account-check.net/l0s4q9ei,1
Your order is confirmed on https://google.com,0
You won a reward from HDFC! Claim: https://account-check.net/1cg4orbb,1
Courier fee ₹49 pending. Pay now: http://trackparcel.in/tk4rh1gl,1
Your Flipkart account is locked. Verify now: http://secure-update.co/bux6vzby,1
Your Flipkart account is locked. Verify now: http://pay-now.in/m8oipt0n,1
Monthly statement available at https://microsoft.com,0
Meeting link shared on portal. See https://microsoft.com,0
Payment failed. Retry here: http://secure-update.co/fb1ce4tz,1
Visit our official site for updates: https://amazon.in,0
KYC pending for Microsoft. Update immediately at https://pay-now.in/74xser6o,1
KYC pending for WhatsApp. Update immediately at https://secure-update.co/xcfsboir,1
Visit our official site for updates: https://amazon.in,0
Meeting link shared on portal. See https://irctc.co.in,0
Meeting link shared on portal. See https://microsoft.com,0
Visit our official site for updates: https://amazon.in,0
Meeting link shared on portal. See https://microsoft.com,0
Your Google account is locked. Verify now: http://verify-login.net/go6up9ys,1
Meeting link shared on portal. See https://irctc.co.in,0
Meeting link shared on portal. See https://irctc.co.in,0
You won a reward from Flipkart! Claim: https://secure-update.co/u6sq1p4s,1
Courier fee ₹49 pending. Pay now: http://gift-claim.org/gkf3ws0u,1
Visit our official site for updates: https://company.com,0
Payment failed. Retry here: http://trackparcel.in/f5ja4529,1
Visit our official site for updates: https://google.com,0
Your HDFC account is locked. Verify now: http://secure-update.co/guo8xie4,1
Payment failed. Retry here: http://secure-update.co/zyx8ene7,1
Class notice posted at https://google.com,0
Class notice posted at https://college.edu,0
Courier fee ₹49 pending. Pay now: http://account-check.net/9vhy4oyp,1
KYC pending for Amazon. Update immediately at https://secure-update.co/pu96v5v7,1
Your Flipkart account is locked. Verify now: http://verify-login.net/i55wmdvr,1
Payment failed. Retry here: http://account-check.net/q31hxnvh,1
Courier fee ₹49 pending. Pay now: http://secure-update.co/b2niet1z,1
Monthly statement available at https://college.edu,0
Courier fee ₹49 pending. Pay now: http://account-check.net/p29r5ei6,1
Your SBI account is locked. Verify now: http://pay-now.in/ls99j7cp,1
Courier fee ₹49 pending. Pay now: http://pay-now.in/6qvrsk20,1
Your order is confirmed on https://company.com,0
Courier fee ₹49 pending. Pay now: http://gift-claim.org/jlj2qlbk,1
Courier fee ₹49 pending. Pay now: http://gift-claim.org/nqu9vvlg,1
Payment failed. Retry here: http://trackparcel.in/0ykrga4e,1
Your order is confirmed on https://company.com,0
Courier fee ₹49 pending. Pay now: http://secure-update.co/rgr3d89p,1
Meeting link shared on portal. See https://amazon.in,0
Visit our official site for updates: https://microsoft.com,0
Monthly statement available at https://google.com,0
Visit our official site for updates: https://college.edu,0
Payment failed. Retry here: http://account-check.net/s21elxn9,1
Your Microsoft account is locked. Verify now: http://account-check.net/zvw6rqjt,1
Monthly statement available at https://irctc.co.in,0
Your HDFC account is locked. Verify now: http://gift-claim.org/1ltbmq1d,1
Your Amazon account is locked. Verify now: http://account-check.net/7p65jk0o,1
You won a reward from Amazon! Claim: https://account-check.net/5mwy96d6,1
Monthly statement available at https://microsoft.com,0
Payment failed. Retry here: http://secure-update.co/hij5u2s0,1
Meeting link shared on portal. See https://irctc.co.in,0
Courier fee ₹49 pending. Pay now: http://trackparcel.in/b692ot20,1
Visit our official site for updates: https://irctc.co.in,0
Monthly statement available at https://google.com,0
KYC pending for Google. Update immediately at https://gift-claim.org/hvbmyc61,1
KYC pending for WhatsApp. Update immediately at https://pay-now.in/lw9eosma,1
Monthly statement available at https://google.com,0
Your order is confirmed on https://college.edu,0
Payment failed. Retry here: http://secure-update.co/9q9z1doy,1
Your order is confirmed on https://microsoft.com,0
Monthly statement available at https://irctc.co.in,0
Class notice posted at https://amazon.in,0
Payment failed. Retry here: http://account-check.net/csl9cr93,1
Payment failed. Retry here: http://trackparcel.in/alneve8g,1
Payment failed. Retry here: http://account-check.net/uygpoic2,1
Meeting link shared on portal. See https://google.com,0
Monthly statement available at https://company.com,0
KYC pending for SBI. Update immediately at https://gift-claim.org/9xywkx35,1
Visit our official site for updates: https://irctc.co.in,0
You won a reward from ICICI! Claim: https://pay-now.in/38aak8j2,1
Class notice posted at https://microsoft.com,0
Courier fee ₹49 pending. Pay now: http://pay-now.in/90dz1ja5,1
Payment failed. Retry here: http://secure-update.co/afabzaj4,1
Meeting link shared on portal. See https://company.com,0
Class notice posted at https://amazon.in,0
Courier fee ₹49 pending. Pay now: http://verify-login.net/lax7flwn,1
Your order is confirmed on https://irctc.co.in,0
Your SBI account is locked. Verify now: http://pay-now.in/f4pxr46n,1
You won a reward from Google! Claim: https://account-check.net/prsm86dw,1
You won a reward from Google! Claim: https://pay-now.in/6pj3b25a,1
Visit our official site for updates: https://college.edu,0
Your SBI account is locked. Verify now: http://verify-login.net/1roogz12,1
Class notice posted at https://google.com,0
Your Google account is locked. Verify now: http://account-check.net/vdkj2ryt,1
Class notice posted at https://microsoft.com,0
Meeting link shared on portal. See https://amazon.in,0
Your order is confirmed on https://company.com,0
KYC pending for WhatsApp. Update immediately at https://account-check.net/m2ucfgov,1
Your Google account is locked. Verify now: http://pay-now.in/tpwulrky,1
Meeting link shared on portal. See https://google.com,0
You won a reward from Flipkart! Claim: https://pay-now.in/i6nksb2v,1
Visit our official site for updates: https://irctc.co.in,0
KYC pending for WhatsApp. Update immediately at https://gift-claim.org/43v6v1kp,1
Your order is confirmed on https://irctc.co.in,0
Your order is confirmed on https://amazon.in,0
Your order is confirmed on https://amazon.in,0
Payment failed. Retry here: http://secure-update.co/21rxkaz6,1
Payment failed. Retry here: http://pay-now.in/n7l3x9at,1
Meeting link shared on portal. See https://college.edu,0
KYC pending for Netflix. Update immediately at https://verify-login.net/kjjk77d7,1
Meeting link shared on portal. See https://irctc.co.in,0
Meeting link shared on portal. See https://google.com,0
Class notice posted at https://irctc.co.in,0
Your order is confirmed on https://irctc.co.in,0
You won a reward from Flipkart! Claim: https://trackparcel.in/b6bwxj1c,1
You won a reward from WhatsApp! Claim: https://trackparcel.in/3v21v1u1,1
Visit our official site for updates: https://college.edu,0
You won a reward from Paytm! Claim: https://verify-login.net/th3nv79m,1
Your order is confirmed on https://company.com,0
Class notice posted at https://college.edu,0
KYC pending for Microsoft. Update immediately at https://trackparcel.in/paz08g13,1
Your order is confirmed on https://college.edu,0
Monthly statement available at https://company.com,0
Class notice posted at https://amazon.in,0
KYC pending for Paytm. Update immediately at https://pay-now.in/1cf5ng9y,1
Your order is confirmed on https://google.com,0
Your Amazon account is locked. Verify now: http://verify-login.net/ai5t1s0n,1
Courier fee ₹49 pending. Pay now: http://trackparcel.in/99p00sjq,1
Visit our official site for updates: https://company.com,0
Courier fee ₹49 pending. Pay now: http://verify-login.net/rjr8tz98,1
Payment failed. Retry here: http://account-check.net/662vkg61,1
Monthly statement available at https://company.com,0
Monthly statement available at https://microsoft.com,0
Your Google account is locked. Verify now: http://trackparcel.in/948gldv5,1
Visit our official site for updates: https://irctc.co.in,0
Monthly statement available at https://company.com,0
Courier fee ₹49 pending. Pay now: http://gift-claim.org/4ubcndg4,1
Monthly statement available at https://google.com,0
Your Microsoft account is locked. Verify now: http://gift-claim.org/wu7jyha3,1
Monthly statement available at https://college.edu,0
Visit our official site for updates: https://microsoft.com,0
Visit our official site for updates: https://company.com,0
Monthly statement available at https://irctc.co.in,0
Your order is confirmed on https://microsoft.com,0
Visit our official site for updates: https://college.edu,0
Monthly statement available at https://google.com,0
Your Microsoft account is locked. Verify now: http://pay-now.in/x7cb79ug,1
You won a reward from Microsoft! Claim: https://pay-now.in/4iqskmdu,1
Your order is confirmed on https://irctc.co.in,0
Your order is confirmed on https://amazon.in,0
Class notice posted at https://company.com,0
Monthly statement available at https://microsoft.com,0
Courier fee ₹49 pending. Pay now: http://secure-update.co/n7xhzqp0,1
Meeting link shared on portal. See https://microsoft.com,0
Meeting link shared on portal. See https://microsoft.com,0
Meeting link shared on portal. See https://company.com,0
Payment failed. Retry here: http://account-check.net/qcqi7tti,1
Meeting link shared on portal. See https://college.edu,0
Your order is confirmed on https://college.edu,0
Class notice posted at https://google.com,0
Your order is confirmed on https://amazon.in,0
You won a reward from Google! Claim: https://gift-claim.org/ngmkz39x,1
Visit our official site for updates: https://college.edu,0
Courier fee ₹49 pending. Pay now: http://account-check.net/zmje8kj3,1
Your order is confirmed on https://college.edu,0
Class notice posted at https://microsoft.com,0
Your Microsoft account is locked. Verify now: http://secure-update.co/0nglq653,1
Courier fee ₹49 pending. Pay now: http://verify-login.net/8fl452cn,1
KYC pending for Amazon. Update immediately at https://secure-update.co/wt2x37a4,1
Your Microsoft account is locked. Verify now: http://verify-login.net/tloasbcp,1
Monthly statement available at https://company.com,0
Class notice posted at https://company.com,0
Monthly statement available at https://college.edu,0
Your HDFC account is locked. Verify now: http://secure-update.co/yhq58tfc,1
Monthly statement available at https://college.edu,0
You won a reward from Google! Claim: https://verify-login.net/mrl7mgts,1
Payment failed. Retry here: http://verify-login.net/o8hlvmdf,1
Monthly statement available at https://amazon.in,0
Visit our official site for updates: https://microsoft.com,0
You won a reward from Amazon! Claim: https://gift-claim.org/uteky4m8,1
Visit our official site for updates: https://college.edu,0
Courier fee ₹49 pending. Pay now: http://account-check.net/2f3jyaa8,1
KYC pending for Google. Update immediately at https://verify-login.net/kaog1c3r,1
Courier fee ₹49 pending. Pay now: http://pay-now.in/3eqb9c4h,1
Payment failed. Retry here: http://gift-claim.org/tf4jjtjw,1
Meeting link shared on portal. See https://google.com,0
Courier fee ₹49 pending. Pay now: http://account-check.net/tansx6wt,1
Payment failed. Retry here: http://gift-claim.org/hj2u8oxi,1
Visit our official site for updates: https://amazon.in,0
Monthly statement available at https://company.com,0
Class notice posted at https://irctc.co.in,0
You won a reward from Amazon! Claim: https://trackparcel.in/x2mauhc6,1
KYC pending for Netflix. Update immediately at https://gift-claim.org/88trtw02,1
Your order is confirmed on https://company.com,0
Your Flipkart account is locked. Verify now: http://pay-now.in/bf6ot0cv,1
Your ICICI account is locked. Verify now: http://verify-login.net/2zyh7510,1
Courier fee ₹49 pending. Pay now: http://secure-update.co/t0lk1zde,1
Visit our official site for updates: https://amazon.in,0
KYC pending for Flipkart. Update immediately at https://verify-login.net/jhlcmeqp,1
Meeting link shared on portal. See https://irctc.co.in,0
Your WhatsApp account is locked. Verify now: http://secure-update.co/zbujgzaf,1
Courier fee ₹49 pending. Pay now: http://verify-login.net/0dta98g7,1
Class notice posted at https://microsoft.com,0
KYC pending for Paytm. Update immediately at https://gift-claim.org/qohbiouq,1
Monthly statement available at https://college.edu,0
KYC pending for Paytm. Update immediately at https://secure-update.co/dv6kh6nl,1
Your order is confirmed on https://college.edu,0
Meeting link shared on portal. See https://amazon.in,0
Meeting link shared on portal. See https://company.com,0
Meeting link shared on portal. See https://company.com,0
Courier fee ₹49 pending. Pay now: http://pay-now.in/8s7ysdkz,1
Payment failed. Retry here: http://secure-update.co/1rkuopgt,1
Your order is confirmed on https://irctc.co.in,0
Payment failed. Retry here: http://verify-login.net/wd8dkh9u,1
Visit our official site for updates: https://company.com,0
Visit our official site for updates: https://irctc.co.in,0
Monthly statement available at https://irctc.co.in,0
Meeting link shared on portal. See https://irctc.co.in,0
KYC pending for Microsoft. Update immediately at https://secure-update.co/csdd65uw,1
Payment failed. Retry here: http://secure-update.co/ul0a5yni,1
Your Netflix account is locked. Verify now: http://pay-now.in/r96esd8d,1
Courier fee ₹49 pending. Pay now: http://account-check.net/tcpop8c2,1
Meeting link shared on portal. See https://college.edu,0
Your ICICI account is locked. Verify now: http://secure-update.co/okiec1zj,1
Monthly statement available at https://irctc.co.in,0
Visit our official site for updates: https://amazon.in,0
Your order is confirmed on https://amazon.in,0
You won a reward from HDFC! Claim: https://secure-update.co/pmoi7c12,1
Meeting link shared on portal. See https://irctc.co.in,0
Payment failed. Retry here: http://account-check.net/baritpb6,1
You won a reward from ICICI! Claim: https://trackparcel.in/svtcytea,1
KYC pending for HDFC. Update immediately at https://account-check.net/ua8weg14,1
KYC pending for Netflix. Update immediately at https://gift-claim.org/de1wy2bg,1
Class notice posted at https://amazon.in,0
Monthly statement available at https://amazon.in,0
Your Paytm account is locked. Verify now: http://secure-update.co/nxu7n6ut,1
Courier fee ₹49 pending. Pay now: http://pay-now.in/rfuzk2hz,1
Meeting link shared on portal. See https://college.edu,0
Courier fee ₹49 pending. Pay now: http://verify-login.net/bv1k84xo,1
You won a reward from WhatsApp! Claim: https://account-check.net/qnsbwh0q,1
You won a reward from SBI! Claim: https://account-check.net/i9gpka59,1
Monthly statement available at https://company.com,0
You won a reward from Flipkart! Claim: https://account-check.net/wxz05yjr,1
Courier fee ₹49 pending. Pay now: http://secure-update.co/sv2wqjd6,1
Class notice posted at https://company.com,0
Courier fee ₹49 pending. Pay now: http://trackparcel.in/pskz1nob,1
You won a reward from ICICI! Claim: https://pay-now.in/3hmvs7pp,1
Monthly statement available at https://irctc.co.in,0
Courier fee ₹49 pending. Pay now: http://verify-login.net/jn8khl3u,1
Your order is confirmed on https://amazon.in,0
Your order is confirmed on https://amazon.in,0
Your order is confirmed on https://irctc.co.in,0
You won a reward from Netflix! Claim: https://trackparcel.in/hwyorq2e,1
Monthly statement available at https://google.com,0
Courier fee ₹49 pending. Pay now: http://trackparcel.in/k82atual,1
KYC pending for HDFC. Update immediately at https://gift-claim.org/k25r3nnz,1
Visit our official site for updates: https://amazon.in,0
Visit our official site for updates: https://amazon.in,0
Class notice posted at https://company.com,0
Monthly statement available at https://microsoft.com,0
Class notice posted at https://college.edu,0
KYC pending for Microsoft. Update immediately at https://verify-login.net/iffqtdcx,1
Visit our official site for updates: https://google.com,0
Payment failed. Retry here: http://verify-login.net/fcmd8zfc,1
Meeting link shared on portal. See https://company.com,0
KYC pending for Google. Update immediately at https://trackparcel.in/pvpidj28,1
You won a reward from Microsoft! Claim: https://gift-claim.org/yyajsw8g,1
You won a reward from WhatsApp! Claim: https://verify-login.net/wienzpet,1
Meeting link shared on portal. See https://college.edu,0
Class notice posted at https://irctc.co.in,0
Meeting link shared on portal. See https://google.com,0
Your order is confirmed on https://irctc.co.in,0
Your SBI account is locked. Verify now: http://verify-login.net/wdfz9ex2,1
KYC pending for Paytm. Update immediately at https://verify-login.net/hxhw9f7b,1
Payment failed. Retry here: http://trackparcel.in/e5bzyaux,1
Class notice posted at https://amazon.in,0
Your order is confirmed on https://company.com,0
Meeting link shared on portal. See https://microsoft.com,0
Monthly statement available at https://amazon.in,0
Payment failed. Retry here: http://verify-login.net/hyqfpyin,1
Your order is confirmed on https://google.com,0
Courier fee ₹49 pending. Pay now: http://pay-now.in/y9rb8xqx,1
Payment failed. Retry here: http://account-check.net/dbdcnpnb,1
Visit our official site for updates: https://company.com,0
Your order is confirmed on https://amazon.in,0
KYC pending for WhatsApp. Update immediately at https://secure-update.co/l1ec9xm3,1
Your order is confirmed on https://irctc.co.in,0
Courier fee ₹49 pending. Pay now: http://gift-claim.org/12bxpjze,1
Courier fee ₹49 pending. Pay now: http://gift-claim.org/esw5qtil,1
Payment failed. Retry here: http://account-check.net/h2w5wacq,1
KYC pending for SBI. Update immediately at https://pay-now.in/ooa7m12n,1
Visit our official site for updates: https://irctc.co.in,0
Class notice posted at https://google.com,0
Courier fee ₹49 pending. Pay now: http://trackparcel.in/nravxrdv,1
Courier fee ₹49 pending. Pay now: http://secure-update.co/qi2mtes5,1
Courier fee ₹49 pending. Pay now: http://trackparcel.in/kl4ssdda,1
Monthly statement available at https://microsoft.com,0
Your order is confirmed on https://irctc.co.in,0
You won a reward from HDFC! Claim: https://pay-now.in/w9x2u5jc,1
You won a reward from ICICI! Claim: https://pay-now.in/d8fb4z7y,1
Class notice posted at https://company.com,0
Payment failed. Retry here: http://gift-claim.org/ui8tjdh1,1
Your Google account is locked. Verify now: http://pay-now.in/cfpfxqp5,1
KYC pending for WhatsApp. Update immediately at https://secure-update.co/ap1jfd6e,1
Monthly statement available at https://company.com,0
Your Netflix account is locked. Verify now: http://gift-claim.org/7dkvrapw,1
Visit our official site for updates: https://google.com,0
Class notice posted at https://google.com,0
Monthly statement available at https://college.edu,0
Meeting link shared on portal. See https://company.com,0
Your order is confirmed on https://college.edu,0
Courier fee ₹49 pending. Pay now: http://account-check.net/i16yn34w,1
Meeting link shared on portal. See https://amazon.in,0
Your HDFC account is locked. Verify now: http://pay-now.in/4xt5yqqe,1
Monthly statement available at https://amazon.in,0
Monthly statement available at https://college.edu,0
You won a reward from ICICI! Claim: https://verify-login.net/523w58gu,1
Your order is confirmed on https://microsoft.com,0
Visit our official site for updates: https://amazon.in,0
KYC pending for Paytm. Update immediately at https://secure-update.co/hyesrvkc,1
Your Amazon account is locked. Verify now: http://verify-login.net/e8lbafyh,1
You won a reward from Google! Claim: https://gift-claim.org/u8bak359,1
Payment failed. Retry here: http://gift-claim.org/obhtih5d,1
Meeting link shared on portal. See https://company.com,0
Class notice posted at https://microsoft.com,0
Your order is confirmed on https://company.com,0
Your order is confirmed on https://amazon.in,0
Payment failed. Retry here: http://gift-claim.org/h1za1bsu,1
Visit our official site for updates: https://amazon.in,0
Your ICICI account is locked. Verify now: http://trackparcel.in/jmjupucp,1
KYC pending for Google. Update immediately at https://pay-now.in/ekhh89m4,1
You won a reward from Flipkart! Claim: https://pay-now.in/iknfns78,1
Visit our official site for updates: https://company.com,0
You won a reward from Netflix! Claim: https://secure-update.co/lw4ui0qg,1
KYC pending for Google. Update immediately at https://account-check.net/0cllukv4,1
Class notice posted at https://company.com,0
You won a reward from Google! Claim: https://trackparcel.in/evyam6o7,1
Your order is confirmed on https://google.com,0
Payment failed. Retry here: http://trackparcel.in/tjeq3s0z,1
Payment failed. Retry here: http://gift-claim.org/jca78c78,1
Your Flipkart account is locked. Verify now: http://account-check.net/0t8u3ee8,1
Payment failed. Retry here: http://trackparcel.in/sb2a65ow,1
KYC pending for Paytm. Update immediately at https://account-check.net/nel7njwi,1
KYC pending for Paytm. Update immediately at https://trackparcel.in/go8fyftq,1
Visit our official site for updates: https://google.com,0
Payment failed. Retry here: http://verify-login.net/0dgez0ij,1
Your order is confirmed on https://college.edu,0
Courier fee ₹49 pending. Pay now: http://secure-update.co/d5ucchy3,1
Monthly statement available at https://company.com,0
KYC pending for SBI. Update immediately at https://secure-update.co/owvwcgsf,1
KYC pending for Netflix. Update immediately at https://secure-update.co/41ip0nw6,1
Monthly statement available at https://google.com,0
Your WhatsApp account is locked. Verify now: http://account-check.net/j64voeq7,1
Class notice posted at https://microsoft.com,0
Your Netflix account is locked. Verify now: http://pay-now.in/sffaxixa,1
Your order is confirmed on https://amazon.in,0
Meeting link shared on portal. See https://irctc.co.in,0
You won a reward from Netflix! Claim: https://account-check.net/63xq5b0w,1
Meeting link shared on portal. See https://company.com,0
Your order is confirmed on https://amazon.in,0
Visit our official site for updates: https://irctc.co.in,0
Payment failed. Retry here: http://verify-login.net/mgc6l9e5,1
Visit our official site for updates: https://company.com,0
Your order is confirmed on https://irctc.co.in,0
Class notice posted at https://amazon.in,0
Your order is confirmed on https://company.com,0
Payment failed. Retry here: http://account-check.net/ytyi79ae,1
Payment failed. Retry here: http://verify-login.net/9fhzj8co,1
Courier fee ₹49 pending. Pay now: http://verify-login.net/fzhk3ld6,1
Courier fee ₹49 pending. Pay now: http://trackparcel.in/2sxvyhc9,1
Payment failed. Retry here: http://trackparcel.in/h6a5uez0,1
Visit our official site for updates: https://company.com,0
Your Microsoft account is locked. Verify now: http://account-check.net/99v2403a,1
Monthly statement available at https://company.com,0
Payment failed. Retry here: http://gift-claim.org/msfc4hzh,1
Your Microsoft account is locked. Verify now: http://pay-now.in/4issqed4,1
Your order is confirmed on https://google.com,0
You won a reward from Amazon! Claim: https://account-check.net/atvg7xxc,1
Monthly statement available at https://company.com,0
Meeting link shared on portal. See https://company.com,0
Courier fee ₹49 pending. Pay now: http://pay-now.in/rtpe03th,1
Payment failed. Retry here: http://verify-login.net/82l4epzc,1
Class notice posted at https://irctc.co.in,0
Class notice posted at https://amazon.in,0
Courier fee ₹49 pending. Pay now: http://gift-claim.org/yyyzes8r,1
Monthly statement available at https://college.edu,0
Your HDFC account is locked. Verify now: http://verify-login.net/ovfewfmg,1
Your order is confirmed on https://google.com,0
You won a reward from Amazon! Claim: https://gift-claim.org/429bcfww,1
Your HDFC account is locked. Verify now: http://secure-update.co/1jdwlw9o,1
Class notice posted at https://microsoft.com,0
Your order is confirmed on https://amazon.in,0
You won a reward from Flipkart! Claim: https://pay-now.in/qtwo3j7s,1
Class notice posted at https://college.edu,0
Courier fee ₹49 pending. Pay now: http://trackparcel.in/owz6vzb5,1
Your Microsoft account is locked. Verify now: http://secure-update.co/2kytkbod,1
Class notice posted at https://microsoft.com,0
Your WhatsApp account is locked. Verify now: http://pay-now.in/zff15htv,1
Your Netflix account is locked. Verify now: http://gift-claim.org/bytiakt5,1
Visit our official site for updates: https://amazon.in,0
Payment failed. Retry here: http://secure-update.co/0m3fahye,1
Your Amazon account is locked. Verify now: http://secure-update.co/4rw5tc65,1
KYC pending for WhatsApp. Update immediately at https://pay-now.in/rzizuqey,1
Meeting link shared on portal. See https://college.edu,0
Monthly statement available at https://irctc.co.in,0
Meeting link shared on portal. See https://company.com,0
Your order is confirmed on https://google.com,0
KYC pending for HDFC. Update immediately at https://gift-claim.org/eri764u6,1
You won a reward from Flipkart! Claim: https://trackparcel.in/sfbtjj8y,1
Meeting link shared on portal. See https://irctc.co.in,0
Meeting link shared on portal. See https://irctc.co.in,0
Meeting link shared on portal. See https://irctc.co.in,0
Your SBI account is locked. Verify now: http://secure-update.co/qi1ufvbv,1
Your HDFC account is locked. Verify now: http://account-check.net/x9n593w9,1
Your SBI account is locked. Verify now: http://account-check.net/lx331ond,1
Your Microsoft account is locked. Verify now: http://pay-now.in/h22owwjl,1
You won a reward from Flipkart! Claim: https://trackparcel.in/ckjl4sg2,1
Monthly statement available at https://amazon.in,0
Your Microsoft account is locked. Verify now: http://trackparcel.in/czl32p8j,1
Courier fee ₹49 pending. Pay now: http://secure-update.co/vunsrolr,1
You won a reward from Netflix! Claim: https://account-check.net/tcp8by5z,1
You won a reward from Paytm! Claim: https://gift-claim.org/25oufqj4,1
KYC pending for Microsoft. Update immediately at https://account-check.net/m5zx3mzv,1
Your Paytm account is locked. Verify now: http://gift-claim.org/71w6ztk4,1
Class notice posted at https://microsoft.com,0
Courier fee ₹49 pending. Pay now: http://gift-claim.org/rb1pjrjw,1
Payment failed. Retry here: http://verify-login.net/z6g14v3t,1
Meeting link shared on portal. See https://microsoft.com,0
Class notice posted at https://microsoft.com,0
Monthly statement available at https://company.com,0
Visit our official site for updates: https://amazon.in,0
KYC pending for HDFC. Update immediately at https://verify-login.net/117ehfoo,1
You won a reward from Flipkart! Claim: https://gift-claim.org/6cjycedi,1
Payment failed. Retry here: http://account-check.net/sv6nl4ha,1
You won a reward from WhatsApp! Claim: https://secure-update.co/k43wpebz,1
Meeting link shared on portal. See https://irctc.co.in,0
Meeting link shared on portal. See https://google.com,0
KYC pending for Netflix. Update immediately at https://pay-now.in/gmosqj68,1
Payment failed. Retry here: http://secure-update.co/sltevj7x,1
Class notice posted at https://irctc.co.in,0
Visit our official site for updates: https://college.edu,0
KYC pending for ICICI. Update immediately at https://secure-update.co/k39zebjy,1
Meeting link shared on portal. See https://google.com,0
You won a reward from Paytm! Claim: https://account-check.net/n63yjjmg,1
Visit our official site for updates: https://amazon.in,0
Courier fee ₹49 pending. Pay now: http://gift-claim.org/3dgi7em0,1
Courier fee ₹49 pending. Pay now: http://pay-now.in/xqjyvn1f,1
Visit our official site for updates: https://college.edu,0
Class notice posted at https://google.com,0
You won a reward from SBI! Claim: https://pay-now.in/2f053osx,1
You won a reward from ICICI! Claim: https://trackparcel.in/cwl6y1ar,1
Visit our official site for updates: https://college.edu,0
Meeting link shared on portal. See https://microsoft.com,0
Class notice posted at https://college.edu,0
Meeting link shared on portal. See https://college.edu,0
Payment failed. Retry here: http://gift-claim.org/2i1slbh7,1
Your Flipkart account is locked. Verify now: http://verify-login.net/0ebkq2dd,1
Courier fee ₹49 pending. Pay now: http://account-check.net/qu4uwlyk,1
Payment failed. Retry here: http://verify-login.net/56p3yqyw,1
You won a reward from HDFC! Claim: https://gift-claim.org/21m1frc3,1
Visit our official site for updates: https://company.com,0
You won a reward from HDFC! Claim: https://secure-update.co/cg59f73x,1
Payment failed. Retry here: http://account-check.net/5h99o55k,1
Courier fee ₹49 pending. Pay now: http://verify-login.net/076vcp91,1
Payment failed. Retry here: http://secure-update.co/14d9t9jt,1
Meeting link shared on portal. See https://irctc.co.in,0
KYC pending for Amazon. Update immediately at https://account-check.net/91sfelod,1
Your order is confirmed on https://microsoft.com,0
Visit our official site for updates: https://microsoft.com,0
Courier fee ₹49 pending. Pay now: http://secure-update.co/a8be1ukr,1
KYC pending for Google. Update immediately at https://account-check.net/snprdwvp,1
KYC pending for HDFC. Update immediately at https://pay-now.in/usp7384a,1
Your Paytm account is locked. Verify now: http://account-check.net/stnzcdwz,1
Visit our official site for updates: https://google.com,0
KYC pending for SBI. Update immediately at https://verify-login.net/udk21ypq,1
Visit our official site for updates: https://microsoft.com,0
Meeting link shared on portal. See https://company.com,0
Your Flipkart account is locked. Verify now: http://trackparcel.in/yz22wof4,1
You won a reward from HDFC! Claim: https://account-check.net/8r3rkh7i,1
Courier fee ₹49 pending. Pay now: http://verify-login.net/6u3xdpwu,1
Monthly statement available at https://company.com,0
Visit our official site for updates: https://microsoft.com,0
KYC pending for Netflix. Update immediately at https://trackparcel.in/t6a6am07,1
You won a reward from Flipkart! Claim: https://verify-login.net/4lbjznad,1
Meeting link shared on portal. See https://college.edu,0
KYC pending for Google. Update immediately at https://gift-claim.org/3tx5elm1,1
You won a reward from Flipkart! Claim: https://account-check.net/hzww8o9u,1
Your order is confirmed on https://irctc.co.in,0
Courier fee ₹49 pending. Pay now: http://account-check.net/7jx53z8b,1
KYC pending for WhatsApp. Update immediately at https://secure-update.co/u4e2uyxk,1
Your HDFC account is locked. Verify now: http://gift-claim.org/natwyqat,1
KYC pending for Google. Update immediately at https://pay-now.in/vufi3jv5,1
Class notice posted at https://irctc.co.in,0
Class notice posted at https://google.com,0
You won a reward from WhatsApp! Claim: https://pay-now.in/hmsoaju3,1
Class notice posted at https://irctc.co.in,0
KYC pending for Amazon. Update immediately at https://account-check.net/0ubzeioa,1
Visit our official site for updates: https://microsoft.com,0
Class notice posted at https://company.com,0
Visit our official site for updates: https://irctc.co.in,0
Courier fee ₹49 pending. Pay now: http://account-check.net/ma0xni5u,1
Payment failed. Retry here: http://pay-now.in/qsdhum6q,1
KYC pending for Amazon. Update immediately at https://trackparcel.in/xa4v49bl,1
You won a reward from HDFC! Claim: https://account-check.net/pvumskl4,1
Class notice posted at https://google.com,0
Visit our official site for updates: https://amazon.in,0
Courier fee ₹49 pending. Pay now: http://trackparcel.in/r8jnfhns,1
Courier fee ₹49 pending. Pay now: http://trackparcel.in/tjjnx4x5,1
Your order is confirmed on https://amazon.in,0
Courier fee ₹49 pending. Pay now: http://account-check.net/xc0c47s2,1
Courier fee ₹49 pending. Pay now: http://account-check.net/5b6xof21,1
Payment failed. Retry here: http://account-check.net/3cwgbo9p,1
Monthly statement available at https://google.com,0
Courier fee ₹49 pending. Pay now: http://secure-update.co/t1zyj491,1
Monthly statement available at https://microsoft.com,0
Payment failed. Retry here: http://trackparcel.in/0mrhx2f7,1
Your order is confirmed on https://college.edu,0
Your order is confirmed on https://company.com,0
Visit our official site for updates: https://microsoft.com,0
Payment failed. Retry here: http://pay-now.in/o1ge6w2t,1
Payment failed. Retry here: http://gift-claim.org/3ne0telf,1
KYC pending for WhatsApp. Update immediately at https://trackparcel.in/p62uhuso,1
KYC pending for SBI. Update immediately at https://trackparcel.in/vrpqmusc,1
Your order is confirmed on https://amazon.in,0
Meeting link shared on portal. See https://irctc.co.in,0
Meeting link shared on portal. See https://google.com,0
Courier fee ₹49 pending. Pay now: http://secure-update.co/lcm27slk,1
Visit our official site for updates: https://college.edu,0
Visit our official site for updates: https://amazon.in,0
Payment failed. Retry here: http://verify-login.net/ica86bug,1
Your Netflix account is locked. Verify now: http://gift-claim.org/hh7bnpes,1
Your WhatsApp account is locked. Verify now: http://account-check.net/tdy412i9,1
Monthly statement available at https://amazon.in,0
Class notice posted at https://google.com,0
Monthly statement available at https://irctc.co.in,0
Your WhatsApp account is locked. Verify now: http://account-check.net/8pww1me5,1
You won a reward from WhatsApp! Claim: https://verify-login.net/janrytd7,1
Visit our official site for updates: https://irctc.co.in,0
Monthly statement available at https://amazon.in,0
Monthly statement available at https://google.com,0
Payment failed. Retry here: http://secure-update.co/yhqo7u2s,1
Meeting link shared on portal. See https://google.com,0
Payment failed. Retry here: http://trackparcel.in/nihgbsy0,1
Meeting link shared on portal. See https://microsoft.com,0
Monthly statement available at https://college.edu,0
Visit our official site for updates: https://college.edu,0
Class notice posted at https://irctc.co.in,0
KYC pending for ICICI. Update immediately at https://gift-claim.org/lzgk8e7r,1
Your Amazon account is locked. Verify now: http://pay-now.in/kgxr8wmn,1
Payment failed. Retry here: http://verify-login.net/r4trggzm,1
Your Paytm account is locked. Verify now: http://pay-now.in/jhjocx9u,1
KYC pending for Flipkart. Update immediately at https://pay-now.in/gecxwgx0,1
Your order is confirmed on https://google.com,0
KYC pending for Netflix. Update immediately at https://trackparcel.in/zs22c1ma,1
Visit our official site for updates: https://irctc.co.in,0
You won a reward from HDFC! Claim: https://gift-claim.org/2gdudyve,1
Visit our official site for updates: https://microsoft.com,0
Your order is confirmed on https://irctc.co.in,0
Your order is confirmed on https://company.com,0
Monthly statement available at https://amazon.in,0
Class notice posted at https://company.com,0
Your order is confirmed on https://google.com,0
Visit our official site for updates: https://college.edu,0
Your Netflix account is locked. Verify now: http://verify-login.net/ymcv31nr,1
Your Amazon account is locked. Verify now: http://secure-update.co/167vf2ec,1
KYC pending for Paytm. Update immediately at https://verify-login.net/36eho9h9,1
Meeting link shared on portal. See https://google.com,0
Payment failed. Retry here: http://verify-login.net/tsu7iuki,1
You won a reward from ICICI! Claim: https://account-check.net/zg94gyl5,1
KYC pending for Flipkart. Update immediately at https://pay-now.in/pzhybcf9,1
Class notice posted at https://company.com,0
Class notice posted at https://irctc.co.in,0
KYC pending for Microsoft. Update immediately at https://verify-login.net/543uvlmi,1
Meeting link shared on portal. See https://google.com,0
Visit our official site for updates: https://amazon.in,0
KYC pending for WhatsApp. Update immediately at https://secure-update.co/oymo52d8,1
You won a reward from SBI! Claim: https://pay-now.in/r6o74v6u,1
You won a reward from SBI! Claim: https://verify-login.net/ukqiwv6h,1
Visit our official site for updates: https://irctc.co.in,0
Class notice posted at https://irctc.co.in,0
You won a reward from SBI! Claim: https://verify-login.net/i8oaharn,1
Your order is confirmed on https://google.com,0
KYC pending for WhatsApp. Update immediately at https://gift-claim.org/22iqv17k,1
Visit our official site for updates: https://company.com,0
Courier fee ₹49 pending. Pay now: http://verify-login.net/7sirsht2,1
You won a reward from WhatsApp! Claim: https://verify-login.net/jzoftsth,1
Your ICICI account is locked. Verify now: http://gift-claim.org/zzk0oney,1
KYC pending for Google. Update immediately at https://pay-now.in/4knywbcb,1
Visit our official site for updates: https://amazon.in,0
You won a reward from HDFC! Claim: https://verify-login.net/kn290hk2,1
Payment failed. Retry here: http://gift-claim.org/n814dvus,1
Your Amazon account is locked. Verify now: http://gift-claim.org/ueczn5je,1
You won a reward from Microsoft! Claim: https://pay-now.in/jqniwppi,1
Meeting link shared on portal. See https://company.com,0
Class notice posted at https://google.com,0
Your order is confirmed on https://company.com,0
Meeting link shared on portal. See https://company.com,0
Visit our official site for updates: https://college.edu,0
Monthly statement available at https://company.com,0
You won a reward from Microsoft! Claim: https://trackparcel.in/larn8idm,1
Visit our official site for updates: https://college.edu,0
Payment failed. Retry here: http://account-check.net/n8i9zvnz,1
Your Amazon account is locked. Verify now: http://pay-now.in/tofa5vko,1
Visit our official site for updates: https://microsoft.com,0
Courier fee ₹49 pending. Pay now: http://verify-login.net/zgesppc7,1
You won a reward from Amazon! Claim: https://gift-claim.org/yp43qx4m,1
Your order is confirmed on https://amazon.in,0
Meeting link shared on portal. See https://college.edu,0
Your order is confirmed on https://irctc.co.in,0
Courier fee ₹49 pending. Pay now: http://trackparcel.in/4wek8pjb,1
Your order is confirmed on https://microsoft.com,0
Payment failed. Retry here: http://verify-login.net/saxi5j0k,1
Monthly statement available at https://company.com,0
Your order is confirmed on https://college.edu,0
Courier fee ₹49 pending. Pay now: http://account-check.net/9bpv15df,1
Monthly statement available at https://college.edu,0
Meeting link shared on portal. See https://amazon.in,0
Your Netflix account is locked. Verify now: http://gift-claim.org/ypbm1fqh,1
Monthly statement available at https://college.edu,0
Monthly statement available at https://microsoft.com,0
Class notice posted at https://company.com,0
Monthly statement available at https://microsoft.com,0
You won a reward from Netflix! Claim: https://trackparcel.in/iurdtyco,1
Courier fee ₹49 pending. Pay now: http://account-check.net/rqx9k489,1
Your order is confirmed on https://google.com,0
Your order is confirmed on https://irctc.co.in,0
Payment failed. Retry here: http://verify-login.net/x9nmgohl,1
Meeting link shared on portal. See https://irctc.co.in,0
You won a reward from HDFC! Claim: https://account-check.net/mtfz9a8c,1
Meeting link shared on portal. See https://company.com,0
KYC pending for Google. Update immediately at https://verify-login.net/cnlq350l,1
Class notice posted at https://microsoft.com,0
Your Google account is locked. Verify now: http://trackparcel.in/r22gituo,1
Courier fee ₹49 pending. Pay now: http://account-check.net/4qx6soc7,1
You won a reward from Netflix! Claim: https://pay-now.in/1rt2k7gc,1
Your ICICI account is locked. Verify now: http://verify-login.net/fvdw8zkr,1
You won a reward from SBI! Claim: https://gift-claim.org/0uczvtdc,1
Class notice posted at https://company.com,0
You won a reward from Paytm! Claim: https://gift-claim.org/xwmd0dab,1
Courier fee ₹49 pending. Pay now: http://secure-update.co/pqi7n5cj,1
Payment failed. Retry here: http://secure-update.co/tq7ndr17,1
You won a reward from ICICI! Claim: https://pay-now.in/fbqkklq8,1
Visit our official site for updates: https://company.com,0
Visit our official site for updates: https://company.com,0
Monthly statement available at https://google.com,0
Class notice posted at https://microsoft.com,0
Your ICICI account is locked. Verify now: http://verify-login.net/9my7k3fa,1
KYC pending for Microsoft. Update immediately at https://trackparcel.in/a413ig2p,1
Payment failed. Retry here: http://trackparcel.in/4949j1z7,1
You won a reward from Netflix! Claim: https://trackparcel.in/1vxfit6g,1
You won a reward from WhatsApp! Claim: https://pay-now.in/v1nvwqxk,1
Class notice posted at https://amazon.in,0
Class notice posted at https://amazon.in,0
Your order is confirmed on https://company.com,0
Courier fee ₹49 pending. Pay now: http://account-check.net/8a9y8sxp,1
KYC pending for HDFC. Update immediately at https://pay-now.in/hor2qrbv,1
Monthly statement available at https://company.com,0
Visit our official site for updates: https://amazon.in,0
Meeting link shared on portal. See https://amazon.in,0
You won a reward from Flipkart! Claim: https://verify-login.net/t45ahh4t,1
Your order is confirmed on https://company.com,0
Your Google account is locked. Verify now: http://account-check.net/8zeatrfc,1
Monthly statement available at https://microsoft.com,0
Visit our official site for updates: https://irctc.co.in,0
Meeting link shared on portal. See https://microsoft.com,0
Visit our official site for updates: https://company.com,0
KYC pending for Paytm. Update immediately at https://verify-login.net/vy9y4akb,1
Payment failed. Retry here: http://secure-update.co/ucjalx04,1
You won a reward from SBI! Claim: https://verify-login.net/l7h00jd1,1
Your order is confirmed on https://college.edu,0
Your Google account is locked. Verify now: http://gift-claim.org/ftntwptk,1
Courier fee ₹49 pending. Pay now: http://secure-update.co/met63shu,1
KYC pending for Flipkart. Update immediately at https://account-check.net/ahawumma,1
Your Amazon account is locked. Verify now: http://trackparcel.in/wo07q9xo,1
Payment failed. Retry here: http://pay-now.in/kobs4y7x,1
Payment failed. Retry here: http://pay-now.in/yttyn8e9,1
Meeting link shared on portal. See https://irctc.co.in,0
Monthly statement available at https://irctc.co.in,0
Class notice posted at https://company.com,0
KYC pending for WhatsApp. Update immediately at https://secure-update.co/yhmq29l1,1
Payment failed. Retry here: http://secure-update.co/saqhum0o,1
Your order is confirmed on https://company.com,0
Courier fee ₹49 pending. Pay now: http://account-check.net/gkx70hpp,1
KYC pending for WhatsApp. Update immediately at https://pay-now.in/aas7myra,1
KYC pending for SBI. Update immediately at https://secure-update.co/46dz0fof,1
Your SBI account is locked. Verify now: http://pay-now.in/r73skjll,1
Visit our official site for updates: https://microsoft.com,0
Payment failed. Retry here: http://trackparcel.in/kgz2q51e,1
You won a reward from Microsoft! Claim: https://gift-claim.org/la9w133p,1
Your Microsoft account is locked. Verify now: http://account-check.net/9aoblt6k,1
Your Flipkart account is locked. Verify now: http://trackparcel.in/5jxktq7d,1
You won a reward from Netflix! Claim: https://verify-login.net/gryi8pyh,1
You won a reward from Amazon! Claim: https://gift-claim.org/fnhgyszc,1
Your Paytm account is locked. Verify now: http://secure-update.co/o43rwqn2,1
Meeting link shared on portal. See https://microsoft.com,0
Courier fee ₹49 pending. Pay now: http://verify-login.net/tksrh81w,1
Meeting link shared on portal. See https://company.com,0
Courier fee ₹49 pending. Pay now: http://trackparcel.in/8ez95mm4,1
Class notice posted at https://google.com,0
Your order is confirmed on https://irctc.co.in,0
Your Netflix account is locked. Verify now: http://account-check.net/skjw26fe,1
Class notice posted at https://company.com,0
Courier fee ₹49 pending. Pay now: http://secure-update.co/kdwcot8g,1
Your Microsoft account is locked. Verify now: http://trackparcel.in/6lv3pbtb,1
Payment failed. Retry here: http://trackparcel.in/xv8vpy3u,1
You won a reward from Microsoft! Claim: https://verify-login.net/t36ef7ob,1
KYC pending for Flipkart. Update immediately at https://trackparcel.in/tb8damn1,1
KYC pending for SBI. Update immediately at https://trackparcel.in/a83qsulr,1
Payment failed. Retry here: http://gift-claim.org/phqkv136,1
Meeting link shared on portal. See https://company.com,0
Class notice posted at https://amazon.in,0
Visit our official site for updates: https://college.edu,0
Monthly statement available at https://google.com,0
Visit our official site for updates: https://google.com,0
KYC pending for HDFC. Update immediately at https://verify-login.net/5l6w8xcf,1
Payment failed. Retry here: http://gift-claim.org/wk14429n,1
Your ICICI account is locked. Verify now: http://trackparcel.in/7prksb9k,1
Monthly statement available at https://irctc.co.in,0
Class notice posted at https://college.edu,0
Visit our official site for updates: https://amazon.in,0
KYC pending for SBI. Update immediately at https://trackparcel.in/s0hg4rcb,1
Monthly statement available at https://company.com,0
Your SBI account is locked. Verify now: http://trackparcel.in/s6u6wvv9,1
Class notice posted at https://google.com,0
Visit our official site for updates: https://google.com,0
Monthly statement available at https://amazon.in,0
Courier fee ₹49 pending. Pay now: http://trackparcel.in/vszucin4,1
Your Paytm account is locked. Verify now: http://verify-login.net/bwue7gs3,1
Your SBI account is locked. Verify now: http://account-check.net/otuo38mh,1
Monthly statement available at https://college.edu,0
Monthly statement available at https://irctc.co.in,0
Courier fee ₹49 pending. Pay now: http://account-check.net/d3yqvpj1,1
Your order is confirmed on https://irctc.co.in,0
KYC pending for Flipkart. Update immediately at https://gift-claim.org/4b70qm2n,1
KYC pending for SBI. Update immediately at https://gift-claim.org/halbnbgp,1
Meeting link shared on portal. See https://google.com,0
KYC pending for Google. Update immediately at https://account-check.net/2wrc2fai,1
Payment failed. Retry here: http://account-check.net/zvpvz9iz,1
Class notice posted at https://amazon.in,0
Courier fee ₹49 pending. Pay now: http://gift-claim.org/hssda77w,1
Monthly statement available at https://irctc.co.in,0
Class notice posted at https://irctc.co.in,0
Courier fee ₹49 pending. Pay now: http://account-check.net/dj9062sm,1
Monthly statement available at https://college.edu,0
Monthly statement available at https://amazon.in,0
Courier fee ₹49 pending. Pay now: http://gift-claim.org/vzoxtdr6,1
Your order is confirmed on https://company.com,0
Meeting link shared on portal. See https://amazon.in,0
Payment failed. Retry here: http://gift-claim.org/hgxzl0aw,1
KYC pending for Microsoft. Update immediately at https://pay-now.in/lyq0ibty,1
Meeting link shared on portal. See https://google.com,0
Meeting link shared on portal. See https://irctc.co.in,0
Visit our official site for updates: https://microsoft.com,0
KYC pending for Flipkart. Update immediately at https://pay-now.in/zbtin4ql,1
KYC pending for Google. Update immediately at https://secure-update.co/w1427nyr,1
Class notice posted at https://google.com,0
Meeting link shared on portal. See https://college.edu,0
Class notice posted at https://google.com,0
KYC pending for ICICI. Update immediately at https://pay-now.in/ydi62t4b,1
Monthly statement available at https://company.com,0
Visit our official site for updates: https://amazon.in,0
Class notice posted at https://google.com,0
Visit our official site for updates: https://college.edu,0
Payment failed. Retry here: http://gift-claim.org/nm1oxov8,1
Monthly statement available at https://company.com,0
Your order is confirmed on https://google.com,0
Visit our official site for updates: https://microsoft.com,0
Visit our official site for updates: https://amazon.in,0
Payment failed. Retry here: http://pay-now.in/denkffpk,1
You won a reward from Netflix! Claim: https://secure-update.co/6pdbnjnx,1
KYC pending for Microsoft. Update immediately at https://verify-login.net/qtt37ebx,1
Your order is confirmed on https://google.com,0
Class notice posted at https://college.edu,0
Payment failed. Retry here: http://verify-login.net/7spjl6w2,1
Meeting link shared on portal. See https://google.com,0
Meeting link shared on portal. See https://amazon.in,0
Monthly statement available at https://google.com,0
Courier fee ₹49 pending. Pay now: http://trackparcel.in/4l2481pw,1
Class notice posted at https://college.edu,0
You won a reward from HDFC! Claim: https://verify-login.net/oxnsiuor,1
Payment failed. Retry here: http://verify-login.net/f3vb3bzi,1
Class notice posted at https://google.com,0
Payment failed. Retry here: http://verify-login.net/g5887gjj,1
Payment failed. Retry here: http://gift-claim.org/t9y4yuw0,1
Payment failed. Retry here: http://gift-claim.org/qq57aoxl,1
Monthly statement available at https://microsoft.com,0
You won a reward from HDFC! Claim: https://trackparcel.in/8p39m1ff,1
Courier fee ₹49 pending. Pay now: http://trackparcel.in/00tjbnas,1
Monthly statement available at https://company.com,0
Visit our official site for updates: https://company.com,0
Monthly statement available at https://microsoft.com,0
Monthly statement available at https://amazon.in,0
Your Flipkart account is locked. Verify now: http://account-check.net/xn4hv4o0,1
KYC pending for HDFC. Update immediately at https://gift-claim.org/u6lq5bx2,1
Monthly statement available at https://irctc.co.in,0
Courier fee ₹49 pending. Pay now: http://pay-now.in/dlkea2b4,1
Courier fee ₹49 pending. Pay now: http://verify-login.net/x7ftahjl,1
You won a reward from SBI! Claim: https://account-check.net/4ee33xch,1
KYC pending for HDFC. Update immediately at https://account-check.net/n0ywazc7,1
Your order is confirmed on https://amazon.in,0
You won a reward from WhatsApp! Claim: https://secure-update.co/wa3yzuiq,1
Payment failed. Retry here: http://pay-now.in/wqq7wfqb,1
Visit our official site for updates: https://google.com,0
Class notice posted at https://college.edu,0
Visit our official site for updates: https://college.edu,0
KYC pending for Paytm. Update immediately at https://trackparcel.in/hlvz6lpm,1
You won a reward from HDFC! Claim: https://verify-login.net/tlifbzlx,1
Your order is confirmed on https://google.com,0
Visit our official site for updates: https://company.com,0
Your order is confirmed on https://company.com,0
Meeting link shared on portal. See https://google.com,0
You won a reward from Flipkart! Claim: https://verify-login.net/5nqchlv6,1
Visit our official site for updates: https://company.com,0
Your Google account is locked. Verify now: http://account-check.net/4bs52b5b,1
Meeting link shared on portal. See https://company.com,0
Courier fee ₹49 pending. Pay now: http://account-check.net/fuqdriz4,1
KYC pending for Netflix. Update immediately at https://secure-update.co/wstbddif,1
KYC pending for HDFC. Update immediately at https://secure-update.co/jqc5xzh7,1
Your order is confirmed on https://amazon.in,0
Payment failed. Retry here: http://account-check.net/u9l4yfpj,1
Payment failed. Retry here: http://trackparcel.in/wy3fxnwh,1
Payment failed. Retry here: http://gift-claim.org/1pt42rxi,1
KYC pending for HDFC. Update immediately at https://pay-now.in/xr5ira92,1
KYC pending for Google. Update immediately at https://account-check.net/odt3y9do,1
Visit our official site for updates: https://company.com,0
You won a reward from ICICI! Claim: https://trackparcel.in/wih98iaz,1
Meeting link shared on portal. See https://irctc.co.in,0
Courier fee ₹49 pending. Pay now: http://account-check.net/nrrw7fvz,1
Meeting link shared on portal. See https://microsoft.com,0
Class notice posted at https://irctc.co.in,0
Courier fee ₹49 pending. Pay now: http://gift-claim.org/w057p4zb,1
Your ICICI account is locked. Verify now: http://gift-claim.org/0x5qht5w,1
Your Flipkart account is locked. Verify now: http://pay-now.in/d48o71b0,1
Visit our official site for updates: https://company.com,0
Class notice posted at https://amazon.in,0
You won a reward from WhatsApp! Claim: https://verify-login.net/cyqe9bqm,1
KYC pending for Google. Update immediately at https://gift-claim.org/0y0rr8hm,1
Meeting link shared on portal. See https://college.edu,0
Monthly statement available at https://irctc.co.in,0
Meeting link shared on portal. See https://college.edu,0
Meeting link shared on portal. See https://amazon.in,0
Meeting link shared on portal. See https://amazon.in,0
Monthly statement available at https://college.edu,0
You won a reward from Paytm! Claim: https://trackparcel.in/ot3sg9dq,1
Monthly statement available at https://google.com,0
You won a reward from Microsoft! Claim: https://pay-now.in/ynih7y7k,1
Your HDFC account is locked. Verify now: http://secure-update.co/rk79mzgp,1
Monthly statement available at https://irctc.co.in,0
KYC pending for HDFC. Update immediately at https://pay-now.in/b3pxz699,1
Visit our official site for updates: https://irctc.co.in,0
KYC pending for ICICI. Update immediately at https://trackparcel.in/ahx62t2p,1
Payment failed. Retry here: http://secure-update.co/0unab1lu,1
Payment failed. Retry here: http://secure-update.co/riqiad7k,1
Your order is confirmed on https://google.com,0
Courier fee ₹49 pending. Pay now: http://verify-login.net/9dhlejcy,1
Courier fee ₹49 pending. Pay now: http://account-check.net/4uexgsyj,1
Courier fee ₹49 pending. Pay now: http://trackparcel.in/pdlqfmwu,1
Monthly statement available at https://microsoft.com,0
Monthly statement available at https://google.com,0
Payment failed. Retry here: http://account-check.net/58qlk3jd,1
Visit our official site for updates: https://amazon.in,0
Your Paytm account is locked. Verify now: http://account-check.net/ch373408,1
Monthly statement available at https://college.edu,0
Class notice posted at https://irctc.co.in,0
Your order is confirmed on https://college.edu,0
Class notice posted at https://microsoft.com,0
Courier fee ₹49 pending. Pay now: http://pay-now.in/2xtfwto7,1
Your Paytm account is locked. Verify now: http://pay-now.in/yxlq2t7f,1
Monthly statement available at https://microsoft.com,0
Payment failed. Retry here: http://verify-login.net/nlcr6mjk,1
Monthly statement available at https://irctc.co.in,0
Visit our official site for updates: https://google.com,0
Payment failed. Retry here: http://verify-login.net/5x6bstyg,1
Meeting link shared on portal. See https://google.com,0
Meeting link shared on portal. See https://college.edu,0
KYC pending for Paytm. Update immediately at https://verify-login.net/zuu1hlh9,1
Courier fee ₹49 pending. Pay now: http://trackparcel.in/pluprp04,1
Meeting link shared on portal. See https://microsoft.com,0
Courier fee ₹49 pending. Pay now: http://pay-now.in/e2vi8z1g,1
KYC pending for Netflix. Update immediately at https://gift-claim.org/cqxrid7w,1
Your order is confirmed on https://microsoft.com,0
Visit our official site for updates: https://college.edu,0
Meeting link shared on portal. See https://irctc.co.in,0
KYC pending for Amazon. Update immediately at https://secure-update.co/rrj22gat,1
Courier fee ₹49 pending. Pay now: http://account-check.net/cn7u464n,1
Your Paytm account is locked. Verify now: http://verify-login.net/nthyxaj6,1
KYC pending for Google. Update immediately at https://gift-claim.org/zvtpz1tr,1
Payment failed. Retry here: http://trackparcel.in/gpqk5e8p,1
Your Paytm account is locked. Verify now: http://pay-now.in/gi2lbfrc,1
Meeting link shared on portal. See https://irctc.co.in,0
Meeting link shared on portal. See https://amazon.in,0
Visit our official site for updates: https://microsoft.com,0
KYC pending for Amazon. Update immediately at https://account-check.net/b70yzl7d,1
Visit our official site for updates: https://irctc.co.in,0
Payment failed. Retry here: http://pay-now.in/k49j5qzc,1
Monthly statement available at https://google.com,0
Courier fee ₹49 pending. Pay now: http://account-check.net/01m5kkud,1
Visit our official site for updates: https://google.com,0
KYC pending for ICICI. Update immediately at https://gift-claim.org/wg5r9taj,1
Class notice posted at https://google.com,0
You won a reward from Netflix! Claim: https://trackparcel.in/wrukbur0,1
Your HDFC account is locked. Verify now: http://pay-now.in/csu3rqm6,1
Your order is confirmed on https://irctc.co.in,0
Courier fee ₹49 pending. Pay now: http://pay-now.in/kozn7v57,1
Courier fee ₹49 pending. Pay now: http://trackparcel.in/bnp44een,1
Meeting link shared on portal. See https://microsoft.com,0
You won a reward from Amazon! Claim: https://pay-now.in/ss8tnfj1,1
KYC pending for Paytm. Update immediately at https://pay-now.in/k70pe9w9,1
Meeting link shared on portal. See https://college.edu,0
Your order is confirmed on https://amazon.in,0
Monthly statement available at https://college.edu,0
Payment failed. Retry here: http://verify-login.net/6hp6mzlv,1
Monthly statement available at https://amazon.in,0
Your order is confirmed on https://microsoft.com,0
Meeting link shared on portal. See https://college.edu,0
Courier fee ₹49 pending. Pay now: http://secure-update.co/littlcs6,1
Visit our official site for updates: https://college.edu,0
Your Amazon account is locked. Verify now: http://account-check.net/nf4m4rbj,1
Payment failed. Retry here: http://pay-now.in/zse5vxmc,1
Courier fee ₹49 pending. Pay now: http://pay-now.in/os314m0e,1
You won a reward from Flipkart! Claim: https://pay-now.in/wqi74ld9,1
Your order is confirmed on https://amazon.in,0
Meeting link shared on portal. See https://amazon.in,0
Your order is confirmed on https://irctc.co.in,0
Visit our official site for updates: https://google.com,0
Class notice posted at https://company.com,0
Your Amazon account is locked. Verify now: http://verify-login.net/dr6ktc4h,1
Meeting link shared on portal. See https://college.edu,0
KYC pending for Google. Update immediately at https://account-check.net/tf63g10y,1
Monthly statement available at https://college.edu,0
Meeting link shared on portal. See https://company.com,0
Class notice posted at https://company.com,0
Class notice posted at https://irctc.co.in,0
Visit our official site for updates: https://amazon.in,0
You won a reward from Amazon! Claim: https://verify-login.net/ks7zxzd3,1
Class notice posted at https://company.com,0
Monthly statement available at https://google.com,0
Payment failed. Retry here: http://account-check.net/ecpwwxfu,1
Monthly statement available at https://microsoft.com,0
You won a reward from Flipkart! Claim: https://pay-now.in/zgulsa1o,1
Courier fee ₹49 pending. Pay now: http://secure-update.co/9tsrokf5,1
Payment failed. Retry here: http://trackparcel.in/y2xpm8ba,1
You won a reward from Paytm! Claim: https://account-check.net/y2oswt2g,1
Class notice posted at https://microsoft.com,0
Your order is confirmed on https://microsoft.com,0
Meeting link shared on portal. See https://amazon.in,0
Monthly statement available at https://amazon.in,0
KYC pending for Netflix. Update immediately at https://secure-update.co/27eu51gp,1
Visit our official site for updates: https://company.com,0
Your Google account is locked. Verify now: http://verify-login.net/j4tagexr,1
Visit our official site for updates: https://microsoft.com,0
Courier fee ₹49 pending. Pay now: http://trackparcel.in/gae94yv4,1
Monthly statement available at https://irctc.co.in,0
Courier fee ₹49 pending. Pay now: http://gift-claim.org/ivyutaw2,1
Meeting link shared on portal. See https://google.com,0
Your Paytm account is locked. Verify now: http://verify-login.net/2nwlcpr5,1
Your order is confirmed on https://irctc.co.in,0
You won a reward from Flipkart! Claim: https://gift-claim.org/za9schp3,1
Class notice posted at https://company.com,0
Class notice posted at https://microsoft.com,0
Visit our official site for updates: https://microsoft.com,0
Visit our official site for updates: https://microsoft.com,0
Visit our official site for updates: https://amazon.in,0
Monthly statement available at https://microsoft.com,0
Courier fee ₹49 pending. Pay now: http://verify-login.net/yt4ghaix,1
Payment failed. Retry here: http://pay-now.in/g0knozku,1
Your order is confirmed on https://irctc.co.in,0
Meeting link shared on portal. See https://microsoft.com,0
Your Microsoft account is locked. Verify now: http://pay-now.in/33pttmto,1
Class notice posted at https://irctc.co.in,0
Your Paytm account is locked. Verify now: http://secure-update.co/6xu222ty,1
Visit our official site for updates: https://company.com,0
KYC pending for Google. Update immediately at https://gift-claim.org/wq7t75kq,1
Your Flipkart account is locked. Verify now: http://account-check.net/a4khvw94,1
Monthly statement available at https://college.edu,0
Meeting link shared on portal. See https://irctc.co.in,0
Your order is confirmed on https://google.com,0
Your order is confirmed on https://amazon.in,0
KYC pending for WhatsApp. Update immediately at https://account-check.net/98rilxpg,1
Meeting link shared on portal. See https://microsoft.com,0
Your order is confirmed on https://company.com,0
Visit our official site for updates: https://irctc.co.in,0
Your SBI account is locked. Verify now: http://pay-now.in/bi5ral97,1
Class notice posted at https://college.edu,0
Visit our official site for updates: https://microsoft.com,0
Visit our official site for updates: https://irctc.co.in,0
Monthly statement available at https://college.edu,0
Monthly statement available at https://amazon.in,0
Class notice posted at https://company.com,0
Meeting link shared on portal. See https://irctc.co.in,0
Meeting link shared on portal. See https://college.edu,0
Payment failed. Retry here: http://verify-login.net/1kzc6ceb,1
Monthly statement available at https://amazon.in,0
KYC pending for Amazon. Update immediately at https://gift-claim.org/91qwmr1g,1
Monthly statement available at https://google.com,0
Meeting link shared on portal. See https://microsoft.com,0
Your order is confirmed on https://company.com,0
Courier fee ₹49 pending. Pay now: http://secure-update.co/dynho41u,1
You won a reward from Netflix! Claim: https://gift-claim.org/hrkeb47i,1
KYC pending for ICICI. Update immediately at https://pay-now.in/0he06hxr,1
Class notice posted at https://college.edu,0
Payment failed. Retry here: http://pay-now.in/5yoopu50,1
KYC pending for Google. Update immediately at https://verify-login.net/6dfbbx4k,1
KYC pending for HDFC. Update immediately at https://pay-now.in/svhk654f,1
Meeting link shared on portal. See https://college.edu,0
Meeting link shared on portal. See https://company.com,0
You won a reward from HDFC! Claim: https://trackparcel.in/gvu9jx8h,1
Class notice posted at https://company.com,0
Payment failed. Retry here: http://secure-update.co/hjp7vqjn,1
Courier fee ₹49 pending. Pay now: http://account-check.net/zigin84u,1
Your SBI account is locked. Verify now: http://verify-login.net/egf1852z,1
Meeting link shared on portal. See https://google.com,0
Visit our official site for updates: https://microsoft.com,0
Your order is confirmed on https://amazon.in,0
Payment failed. Retry here: http://verify-login.net/ljlhgpi7,1
Visit our official site for updates: https://amazon.in,0
Your HDFC account is locked. Verify now: http://account-check.net/pf1l59zv,1
Visit our official site for updates: https://google.com,0
Visit our official site for updates: https://irctc.co.in,0
KYC pending for Microsoft. Update immediately at https://trackparcel.in/yhtyx5ho,1
Meeting link shared on portal. See https://company.com,0
Monthly statement available at https://google.com,0
You won a reward from Amazon! Claim: https://verify-login.net/4br0u68h,1
You won a reward from HDFC! Claim: https://pay-now.in/hywycdab,1
Payment failed. Retry here: http://gift-claim.org/s31pm0t1,1
Your Google account is locked. Verify now: http://pay-now.in/t88lv6jg,1
Your order is confirmed on https://microsoft.com,0
You won a reward from Amazon! Claim: https://pay-now.in/f57w39kl,1
Class notice posted at https://microsoft.com,0
You won a reward from Amazon! Claim: https://secure-update.co/5sn7h0pi,1
Meeting link shared on portal. See https://amazon.in,0
Payment failed. Retry here: http://gift-claim.org/lw3t3zss,1
Monthly statement available at https://google.com,0
Payment failed. Retry here: http://gift-claim.org/d8sj3lx0,1
Class notice posted at https://amazon.in,0
Payment failed. Retry here: http://trackparcel.in/7k3v0k7a,1
Your order is confirmed on https://company.com,0
Class notice posted at https://amazon.in,0
You won a reward from Flipkart! Claim: https://trackparcel.in/lbdm9a51,1
Meeting link shared on portal. See https://company.com,0
Meeting link shared on portal. See https://college.edu,0
KYC pending for Paytm. Update immediately at https://pay-now.in/92u9u6xp,1
Class notice posted at https://amazon.in,0
Monthly statement available at https://amazon.in,0
Your ICICI account is locked. Verify now: http://gift-claim.org/6tyiq1ms,1
Monthly statement available at https://microsoft.com,0
Courier fee ₹49 pending. Pay now: http://secure-update.co/23mu5eg3,1
Meeting link shared on portal. See https://microsoft.com,0
Meeting link shared on portal. See https://google.com,0
Your Amazon account is locked. Verify now: http://verify-login.net/65v1zhdw,1
Meeting link shared on portal. See https://irctc.co.in,0
Your HDFC account is locked. Verify now: http://gift-claim.org/t44o0yea,1
Meeting link shared on portal. See https://amazon.in,0
Monthly statement available at https://google.com,0
Monthly statement available at https://microsoft.com,0
Class notice posted at https://google.com,0
KYC pending for Paytm. Update immediately at https://gift-claim.org/lozxzjhx,1
Meeting link shared on portal. See https://microsoft.com,0
Class notice posted at https://company.com,0
Your WhatsApp account is locked. Verify now: http://gift-claim.org/h4b8t39i,1
Class notice posted at https://microsoft.com,0
KYC pending for Paytm. Update immediately at https://pay-now.in/cb0vrm30,1
Your order is confirmed on https://microsoft.com,0
KYC pending for WhatsApp. Update immediately at https://account-check.net/x5aij9bl,1
KYC pending for Paytm. Update immediately at https://secure-update.co/iq47xs14,1
Courier fee ₹49 pending. Pay now: http://account-check.net/3p1fv22w,1
Monthly statement available at https://company.com,0
Courier fee ₹49 pending. Pay now: http://account-check.net/ipt5xvpd,1
You won a reward from Paytm! Claim: https://gift-claim.org/nj33z4ni,1
Your order is confirmed on https://company.com,0
Your order is confirmed on https://amazon.in,0
Monthly statement available at https://irctc.co.in,0
Meeting link shared on portal. See https://google.com,0
Meeting link shared on portal. See https://irctc.co.in,0
You won a reward from HDFC! Claim: https://verify-login.net/apfxtlui,1
Your SBI account is locked. Verify now: http://gift-claim.org/z6mje502,1
Your WhatsApp account is locked. Verify now: http://secure-update.co/dstfj1zd,1
Meeting link shared on portal. See https://google.com,0
KYC pending for Netflix. Update immediately at https://pay-now.in/xm91zu01,1
Visit our official site for updates: https://irctc.co.in,0
Courier fee ₹49 pending. Pay now: http://pay-now.in/0h9dpk1o,1
Class notice posted at https://college.edu,0
You won a reward from WhatsApp! Claim: https://pay-now.in/zark1pez,1
Your order is confirmed on https://college.edu,0
Meeting link shared on portal. See https://amazon.in,0
You won a reward from WhatsApp! Claim: https://account-check.net/7oe4cy3u,1
Meeting link shared on portal. See https://amazon.in,0
You won a reward from Google! Claim: https://verify-login.net/jrqdk521,1
Visit our official site for updates: https://irctc.co.in,0
Payment failed. Retry here: http://account-check.net/qb65kmrk,1
Visit our official site for updates: https://google.com,0
KYC pending for HDFC. Update immediately at https://trackparcel.in/xq95wj3y,1
Payment failed. Retry here: http://verify-login.net/wy0zs99n,1
Courier fee ₹49 pending. Pay now: http://verify-login.net/yewblwhe,1
You won a reward from Paytm! Claim: https://pay-now.in/jzx5tqs4,1
Your order is confirmed on https://irctc.co.in,0
KYC pending for HDFC. Update immediately at https://secure-update.co/tydk8et5,1
Visit our official site for updates: https://google.com,0
Class notice posted at https://microsoft.com,0
Your order is confirmed on https://company.com,0
You won a reward from Amazon! Claim: https://secure-update.co/9fo2xtml,1
Class notice posted at https://microsoft.com,0
Your order is confirmed on https://microsoft.com,0
Courier fee ₹49 pending. Pay now: http://pay-now.in/nrr79ptz,1
Class notice posted at https://irctc.co.in,0
Your Microsoft account is locked. Verify now: http://trackparcel.in/lycmg5i0,1
Courier fee ₹49 pending. Pay now: http://account-check.net/7x5suyqg,1
You won a reward from Microsoft! Claim: https://secure-update.co/p5jzvk6j,1
You won a reward from Paytm! Claim: https://trackparcel.in/strwpp2f,1
Courier fee ₹49 pending. Pay now: http://verify-login.net/svahyg6k,1
Your Amazon account is locked. Verify now: http://gift-claim.org/j5u97zhm,1
Class notice posted at https://microsoft.com,0
Payment failed. Retry here: http://trackparcel.in/g3nu8hxt,1
Class notice posted at https://amazon.in,0
Visit our official site for updates: https://amazon.in,0
KYC pending for Microsoft. Update immediately at https://verify-login.net/4y4owgxz,1
KYC pending for Amazon. Update immediately at https://account-check.net/l8l6ap5e,1
Class notice posted at https://college.edu,0
Your order is confirmed on https://irctc.co.in,0
Class notice posted at https://google.com,0
Payment failed. Retry here: http://trackparcel.in/rpdwvob3,1
Your SBI account is locked. Verify now: http://secure-update.co/lwn734n8,1
Payment failed. Retry here: http://pay-now.in/puguvefm,1
Monthly statement available at https://amazon.in,0
Your Flipkart account is locked. Verify now: http://trackparcel.in/lvuoaej0,1
Payment failed. Retry here: http://trackparcel.in/qrui3urq,1
Monthly statement available at https://company.com,0
Payment failed. Retry here: http://verify-login.net/gnn8g7dg,1
Visit our official site for updates: https://google.com,0
You won a reward from Paytm! Claim: https://secure-update.co/xcn97hcl,1
Monthly statement available at https://microsoft.com,0
Payment failed. Retry here: http://gift-claim.org/6gvxb1e9,1
Courier fee ₹49 pending. Pay now: http://verify-login.net/ffddmtvp,1
Courier fee ₹49 pending. Pay now: http://account-check.net/zxzo4bzf,1
Your order is confirmed on https://company.com,0
Visit our official site for updates: https://microsoft.com,0
Class notice posted at https://amazon.in,0
Meeting link shared on portal. See https://irctc.co.in,0
Meeting link shared on portal. See https://google.com,0
Class notice posted at https://microsoft.com,0
Monthly statement available at https://amazon.in,0
Meeting link shared on portal. See https://company.com,0
Payment failed. Retry here: http://pay-now.in/3dh3v73t,1
KYC pending for Google. Update immediately at https://pay-now.in/vfvamloa,1
Your Amazon account is locked. Verify now: http://trackparcel.in/151tgscr,1
Your Microsoft account is locked. Verify now: http://pay-now.in/299ffpae,1
Meeting link shared on portal. See https://company.com,0
KYC pending for SBI. Update immediately at https://pay-now.in/ta70d74w,1
Visit our official site for updates: https://irctc.co.in,0
Courier fee ₹49 pending. Pay now: http://gift-claim.org/hijvq9rn,1
KYC pending for Flipkart. Update immediately at https://gift-claim.org/xob74bau,1
KYC pending for Microsoft. Update immediately at https://pay-now.in/0ibwybwv,1
Class notice posted at https://google.com,0
Meeting link shared on portal. See https://google.com,0
Monthly statement available at https://college.edu,0
Your order is confirmed on https://amazon.in,0
You won a reward from SBI! Claim: https://gift-claim.org/bloybtg8,1
Visit our official site for updates: https://amazon.in,0
Payment failed. Retry here: http://pay-now.in/373sxbws,1
Payment failed. Retry here: http://secure-update.co/lmsm0g0a,1
Courier fee ₹49 pending. Pay now: http://trackparcel.in/fvl36viy,1
Class notice posted at https://microsoft.com,0
Meeting link shared on portal. See https://college.edu,0
Monthly statement available at https://microsoft.com,0
Monthly statement available at https://company.com,0
Payment failed. Retry here: http://account-check.net/lpcckszj,1
Payment failed. Retry here: http://verify-login.net/pjsedvnt,1
Class notice posted at https://google.com,0
Meeting link shared on portal. See https://college.edu,0
You won a reward from Flipkart! Claim: https://pay-now.in/a7qweqj8,1
Meeting link shared on portal. See https://google.com,0
Payment failed. Retry here: http://verify-login.net/jcivk8fc,1
Visit our official site for updates: https://google.com,0
Class notice posted at https://microsoft.com,0
Courier fee ₹49 pending. Pay now: http://pay-now.in/umqd0e0o,1
Courier fee ₹49 pending. Pay now: http://gift-claim.org/idswb31d,1
Visit our official site for updates: https://company.com,0
Visit our official site for updates: https://microsoft.com,0
You won a reward from Google! Claim: https://verify-login.net/z3pgs370,1
Courier fee ₹49 pending. Pay now: http://pay-now.in/5nx3iotn,1
Meeting link shared on portal. See https://amazon.in,0
Payment failed. Retry here: http://pay-now.in/br8py1fm,1
Courier fee ₹49 pending. Pay now: http://verify-login.net/h85f77mo,1
KYC pending for SBI. Update immediately at https://verify-login.net/jgv8i8jg,1
Meeting link shared on portal. See https://amazon.in,0
Meeting link shared on portal. See https://company.com,0
Meeting link shared on portal. See https://company.com,0
Class notice posted at https://google.com,0
Meeting link shared on portal. See https://college.edu,0
You won a reward from Paytm! Claim: https://verify-login.net/q5tpulzn,1
Payment failed. Retry here: http://secure-update.co/22xkxr04,1
Monthly statement available at https://college.edu,0
Payment failed. Retry here: http://trackparcel.in/73p68kwy,1
Class notice posted at https://college.edu,0
Courier fee ₹49 pending. Pay now: http://secure-update.co/y225ez5f,1
Meeting link shared on portal. See https://amazon.in,0
Class notice posted at https://irctc.co.in,0
KYC pending for Amazon. Update immediately at https://verify-login.net/eue0f02u,1
You won a reward from WhatsApp! Claim: https://verify-login.net/4i3jejfh,1
Payment failed. Retry here: http://verify-login.net/p71l38y9,1
Visit our official site for updates: https://irctc.co.in,0
Visit our official site for updates: https://amazon.in,0
Your Amazon account is locked. Verify now: http://pay-now.in/q5z7zxyj,1
Meeting link shared on portal. See https://amazon.in,0
Visit our official site for updates: https://google.com,0
Courier fee ₹49 pending. Pay now: http://verify-login.net/scez1og0,1
Payment failed. Retry here: http://secure-update.co/nw6iwhud,1
Class notice posted at https://amazon.in,0
Monthly statement available at https://company.com,0
KYC pending for HDFC. Update immediately at https://pay-now.in/ifb1kchd,1
Monthly statement available at https://microsoft.com,0
Your SBI account is locked. Verify now: http://account-check.net/m56iekq7,1
Monthly statement available at https://college.edu,0
Your SBI account is locked. Verify now: http://trackparcel.in/7tm4jsfx,1
Meeting link shared on portal. See https://irctc.co.in,0
Monthly statement available at https://google.com,0
Your order is confirmed on https://company.com,0
KYC pending for Paytm. Update immediately at https://account-check.net/gok2irxh,1
Visit our official site for updates: https://google.com,0
Meeting link shared on portal. See https://microsoft.com,0
You won a reward from ICICI! Claim: https://secure-update.co/4iedtuch,1
Meeting link shared on portal. See https://college.edu,0
Courier fee ₹49 pending. Pay now: http://verify-login.net/4k7xnq7a,1
You won a reward from Microsoft! Claim: https://verify-login.net/n0a6eu6y,1
Visit our official site for updates: https://college.edu,0
KYC pending for Amazon. Update immediately at https://gift-claim.org/4wc4y5hy,1
Visit our official site for updates: https://irctc.co.in,0
KYC pending for WhatsApp. Update immediately at https://gift-claim.org/hrz29t0b,1
Meeting link shared on portal. See https://google.com,0
Your HDFC account is locked. Verify now: http://pay-now.in/p7luxp1d,1
Your Amazon account is locked. Verify now: http://account-check.net/sp4zn21t,1
Meeting link shared on portal. See https://microsoft.com,0
Payment failed. Retry here: http://pay-now.in/528pdqe7,1
Visit our official site for updates: https://microsoft.com,0
Monthly statement available at https://company.com,0
Your order is confirmed on https://college.edu,0
Class notice posted at https://google.com,0
Your Netflix account is locked. Verify now: http://secure-update.co/b7k48ove,1
You won a reward from SBI! Claim: https://account-check.net/192xpabx,1
Meeting link shared on portal. See https://irctc.co.in,0
Your Amazon account is locked. Verify now: http://account-check.net/dud2sfjc,1
Class notice posted at https://amazon.in,0
Monthly statement available at https://google.com,0
Payment failed. Retry here: http://gift-claim.org/ioo9pdko,1
KYC pending for Google. Update immediately at https://account-check.net/pmc19gtt,1
Visit our official site for updates: https://company.com,0
Your order is confirmed on https://company.com,0
Payment failed. Retry here: http://account-check.net/hmo4psdj,1
Your Amazon account is locked. Verify now: http://trackparcel.in/9zt06op3,1
Your Microsoft account is locked. Verify now: http://pay-now.in/darxy291,1
Your order is confirmed on https://amazon.in,0
Your ICICI account is locked. Verify now: http://account-check.net/yld0r85o,1
Meeting link shared on portal. See https://google.com,0
Your Microsoft account is locked. Verify now: http://trackparcel.in/3njgscg0,1
Visit our official site for updates: https://company.com,0
Meeting link shared on portal. See https://amazon.in,0
Your order is confirmed on https://company.com,0
Monthly statement available at https://company.com,0
Your order is confirmed on https://company.com,0
Meeting link shared on portal. See https://college.edu,0
Payment failed. Retry here: http://trackparcel.in/99t8u58w,1
You won a reward from ICICI! Claim: https://pay-now.in/nxfy5dvv,1
Meeting link shared on portal. See https://microsoft.com,0
KYC pending for Paytm. Update immediately at https://secure-update.co/lfyduiw0,1
KYC pending for WhatsApp. Update immediately at https://gift-claim.org/126kwa10,1
Meeting link shared on portal. See https://microsoft.com,0
Courier fee ₹49 pending. Pay now: http://pay-now.in/wqgydzjr,1
Your SBI account is locked. Verify now: http://secure-update.co/xlz77po3,1
Your order is confirmed on https://college.edu,0
Courier fee ₹49 pending. Pay now: http://account-check.net/r975188m,1
Your order is confirmed on https://amazon.in,0
Monthly statement available at https://amazon.in,0
Meeting link shared on portal. See https://irctc.co.in,0
Your Microsoft account is locked. Verify now: http://account-check.net/e0hzx5b2,1
Monthly statement available at https://company.com,0
Class notice posted at https://google.com,0
Payment failed. Retry here: http://account-check.net/o0ir4yxz,1
Payment failed. Retry here: http://verify-login.net/6uo585vm,1
Your ICICI account is locked. Verify now: http://verify-login.net/q2j4368p,1
Monthly statement available at https://college.edu,0
KYC pending for Paytm. Update immediately at https://verify-login.net/d729hsu5,1
KYC pending for Microsoft. Update immediately at https://trackparcel.in/0a3ws3e8,1
Monthly statement available at https://google.com,0
Your Amazon account is locked. Verify now: http://gift-claim.org/yrmo6d7n,1
Payment failed. Retry here: http://account-check.net/gceriafe,1
Courier fee ₹49 pending. Pay now: http://verify-login.net/8d7adrev,1
KYC pending for Amazon. Update immediately at https://account-check.net/u0wlfnz1,1
Courier fee ₹49 pending. Pay now: http://gift-claim.org/o208jscy,1
Courier fee ₹49 pending. Pay now: http://pay-now.in/pzx12we4,1
Courier fee ₹49 pending. Pay now: http://trackparcel.in/f8u4gacs,1
You won a reward from Flipkart! Claim: https://pay-now.in/s92pgz71,1
Your HDFC account is locked. Verify now: http://account-check.net/707cjy9h,1
Class notice posted at https://company.com,0
KYC pending for Netflix. Update immediately at https://pay-now.in/lpeusyt4,1
Visit our official site for updates: https://irctc.co.in,0
Your order is confirmed on https://microsoft.com,0
Visit our official site for updates: https://google.com,0
Class notice posted at https://microsoft.com,0
Payment failed. Retry here: http://account-check.net/xzu4x4jt,1
Monthly statement available at https://irctc.co.in,0
Your ICICI account is locked. Verify now: http://pay-now.in/uslgx89t,1
Payment failed. Retry here: http://secure-update.co/w1byvyc7,1
Your order is confirmed on https://google.com,0
Monthly statement available at https://company.com,0
Class notice posted at https://google.com,0
Your order is confirmed on https://college.edu,0
Payment failed. Retry here: http://verify-login.net/4vmlkjgg,1
Your ICICI account is locked. Verify now: http://pay-now.in/fh77lgjf,1
Your ICICI account is locked. Verify now: http://verify-login.net/no7igeqb,1
Class notice posted at https://google.com,0
Visit our official site for updates: https://irctc.co.in,0
You won a reward from HDFC! Claim: https://pay-now.in/feti06vj,1
You won a reward from ICICI! Claim: https://verify-login.net/ixd4zo6s,1
Your order is confirmed on https://microsoft.com,0
Courier fee ₹49 pending. Pay now: http://pay-now.in/7200vg7a,1
You won a reward from SBI! Claim: https://gift-claim.org/bcuu4bhz,1
Your order is confirmed on https://amazon.in,0
Visit our official site for updates: https://company.com,0
Class notice posted at https://microsoft.com,0
Monthly statement available at https://amazon.in,0
Meeting link shared on portal. See https://microsoft.com,0
Your order is confirmed on https://google.com,0
Class notice posted at https://irctc.co.in,0
Your order is confirmed on https://irctc.co.in,0
Your Netflix account is locked. Verify now: http://gift-claim.org/9j65ppww,1
Visit our official site for updates: https://amazon.in,0
KYC pending for SBI. Update immediately at https://verify-login.net/hwnm6ovw,1
Class notice posted at https://amazon.in,0
Payment failed. Retry here: http://gift-claim.org/csnhp5v4,1
Payment failed. Retry here: http://secure-update.co/b3sfdtlw,1
Monthly statement available at https://google.com,0
Payment failed. Retry here: http://account-check.net/dmqqyh89,1
Payment failed. Retry here: http://account-check.net/ob1kso2u,1
Your order is confirmed on https://college.edu,0
You won a reward from WhatsApp! Claim: https://secure-update.co/0rno22ly,1
Your order is confirmed on https://microsoft.com,0
KYC pending for Netflix. Update immediately at https://pay-now.in/9yyagaxq,1
Meeting link shared on portal. See https://amazon.in,0
Your Flipkart account is locked. Verify now: http://pay-now.in/fg4blpu9,1
Your Netflix account is locked. Verify now: http://account-check.net/83e5vi6w,1
Meeting link shared on portal. See https://company.com,0
Payment failed. Retry here: http://pay-now.in/ymrpbi85,1
Payment failed. Retry here: http://pay-now.in/964yfebd,1
Monthly statement available at https://college.edu,0
Courier fee ₹49 pending. Pay now: http://trackparcel.in/byb31i6x,1
Monthly statement available at https://company.com,0
Your Amazon account is locked. Verify now: http://trackparcel.in/hublms3t,1
Class notice posted at https://amazon.in,0
You won a reward from SBI! Claim: https://verify-login.net/rmpumza5,1
Your order is confirmed on https://college.edu,0
Class notice posted at https://amazon.in,0
You won a reward from Amazon! Claim: https://trackparcel.in/aiudelxo,1
Courier fee ₹49 pending. Pay now: http://gift-claim.org/f9st5um7,1
Payment failed. Retry here: http://gift-claim.org/3rpo89k5,1
You won a reward from Amazon! Claim: https://pay-now.in/a5myppiv,1
Meeting link shared on portal. See https://amazon.in,0
Monthly statement available at https://company.com,0
Payment failed. Retry here: http://verify-login.net/p8zirpoo,1
Meeting link shared on portal. See https://company.com,0
Your Amazon account is locked. Verify now: http://trackparcel.in/omlu0ihc,1
Meeting link shared on portal. See https://company.com,0
Visit our official site for updates: https://amazon.in,0
Your order is confirmed on https://college.edu,0
Courier fee ₹49 pending. Pay now: http://account-check.net/rn9y8o6v,1
You won a reward from Amazon! Claim: https://verify-login.net/lovu7kmy,1
Visit our official site for updates: https://microsoft.com,0
Payment failed. Retry here: http://verify-login.net/oat49h53,1
Visit our official site for updates: https://irctc.co.in,0
Monthly statement available at https://amazon.in,0
Monthly statement available at https://irctc.co.in,0
Visit our official site for updates: https://company.com,0
Monthly statement available at https://amazon.in,0
You won a reward from Amazon! Claim: https://pay-now.in/uhwczvip,1
Courier fee ₹49 pending. Pay now: http://pay-now.in/jhwp6qp6,1
Your Flipkart account is locked. Verify now: http://account-check.net/jwumfk9w,1
KYC pending for Paytm. Update immediately at https://pay-now.in/y88zr8um,1
KYC pending for Paytm. Update immediately at https://pay-now.in/opz7oyyb,1
You won a reward from Microsoft! Claim: https://gift-claim.org/e0xxoiku,1
Your Netflix account is locked. Verify now: http://gift-claim.org/z5i47sm0,1
KYC pending for Paytm. Update immediately at https://account-check.net/z29d6k2k,1
Your order is confirmed on https://company.com,0
Visit our official site for updates: https://amazon.in,0
You won a reward from Microsoft! Claim: https://pay-now.in/ywr741mw,1
Payment failed. Retry here: http://pay-now.in/kl61ctze,1
Meeting link shared on portal. See https://microsoft.com,0
You won a reward from HDFC! Claim: https://verify-login.net/63kkuxqj,1
Visit our official site for updates: https://irctc.co.in,0
KYC pending for Flipkart. Update immediately at https://pay-now.in/lcn6wyss,1
Payment failed. Retry here: http://verify-login.net/dc2lbyqw,1
You won a reward from Microsoft! Claim: https://pay-now.in/6jkbaffz,1
Payment failed. Retry here: http://secure-update.co/comuyde4,1
Monthly statement available at https://company.com,0
KYC pending for WhatsApp. Update immediately at https://verify-login.net/xj6whdsv,1
Class notice posted at https://microsoft.com,0
Class notice posted at https://irctc.co.in,0
Your order is confirmed on https://irctc.co.in,0
Payment failed. Retry here: http://secure-update.co/n9l966aj,1
Courier fee ₹49 pending. Pay now: http://pay-now.in/ki3kd1m3,1
KYC pending for Amazon. Update immediately at https://secure-update.co/munl5o5z,1
You won a reward from Amazon! Claim: https://trackparcel.in/jh2kkl0v,1
Your Paytm account is locked. Verify now: http://trackparcel.in/g2aeuc1w,1
Monthly statement available at https://microsoft.com,0
Your Netflix account is locked. Verify now: http://pay-now.in/3xcm5w0x,1
Class notice posted at https://microsoft.com,0
You won a reward from Paytm! Claim: https://trackparcel.in/asrtjtt3,1
You won a reward from Paytm! Claim: https://verify-login.net/v9dr62uu,1
You won a reward from Amazon! Claim: https://verify-login.net/gw4xo0fh,1
Class notice posted at https://company.com,0
Monthly statement available at https://amazon.in,0
Monthly statement available at https://college.edu,0
KYC pending for Flipkart. Update immediately at https://account-check.net/rig7mbt2,1
Class notice posted at https://irctc.co.in,0
KYC pending for Microsoft. Update immediately at https://verify-login.net/gpcef528,1
Class notice posted at https://google.com,0
Courier fee ₹49 pending. Pay now: http://account-check.net/xtkpx5ii,1
Courier fee ₹49 pending. Pay now: http://verify-login.net/8dtdrleh,1
Your ICICI account is locked. Verify now: http://gift-claim.org/hpwmlzip,1
Courier fee ₹49 pending. Pay now: http://verify-login.net/ili7ktwb,1
Class notice posted at https://google.com,0
Your Paytm account is locked. Verify now: http://secure-update.co/2v94tzie,1
Courier fee ₹49 pending. Pay now: http://gift-claim.org/1b6znn2m,1
Your Netflix account is locked. Verify now: http://verify-login.net/nbm8f6vu,1
Visit our official site for updates: https://amazon.in,0
Your Amazon account is locked. Verify now: http://trackparcel.in/i3p9axuz,1
Monthly statement available at https://irctc.co.in,0
Your order is confirmed on https://amazon.in,0
Visit our official site for updates: https://irctc.co.in,0
Your order is confirmed on https://google.com,0
Visit our official site for updates: https://irctc.co.in,0
You won a reward from ICICI! Claim: https://account-check.net/iwo6vfqq,1
Class notice posted at https://microsoft.com,0
KYC pending for Microsoft. Update immediately at https://pay-now.in/g1j8607l,1
You won a reward from ICICI! Claim: https://account-check.net/ffs5qgq0,1
Class notice posted at https://college.edu,0
Monthly statement available at https://microsoft.com,0
You won a reward from WhatsApp! Claim: https://secure-update.co/i5q5yigt,1
Class notice posted at https://amazon.in,0
Meeting link shared on portal. See https://microsoft.com,0
Visit our official site for updates: https://irctc.co.in,0
Your ICICI account is locked. Verify now: http://gift-claim.org/rt3n3kto,1
Courier fee ₹49 pending. Pay now: http://verify-login.net/4zwfq1vj,1
Courier fee ₹49 pending. Pay now: http://gift-claim.org/6d7dcvkv,1
You won a reward from Paytm! Claim: https://pay-now.in/rvp202u8,1
You won a reward from Amazon! Claim: https://secure-update.co/k1xnyl2k,1
KYC pending for Paytm. Update immediately at https://secure-update.co/g6pyw4f7,1
Courier fee ₹49 pending. Pay now: http://gift-claim.org/eky83th6,1
Monthly statement available at https://college.edu,0
Visit our official site for updates: https://irctc.co.in,0
Visit our official site for updates: https://college.edu,0
Your WhatsApp account is locked. Verify now: http://trackparcel.in/dwub6ja1,1
Payment failed. Retry here: http://secure-update.co/3ahib894,1
Class notice posted at https://company.com,0
Monthly statement available at https://irctc.co.in,0
Monthly statement available at https://amazon.in,0
Meeting link shared on portal. See https://microsoft.com,0
Your order is confirmed on https://irctc.co.in,0
Meeting link shared on portal. See https://microsoft.com,0
Meeting link shared on portal. See https://microsoft.com,0
Payment failed. Retry here: http://secure-update.co/oi7qc049,1
Visit our official site for updates: https://irctc.co.in,0
Visit our official site for updates: https://college.edu,0
Your order is confirmed on https://irctc.co.in,0
Meeting link shared on portal. See https://amazon.in,0
Class notice posted at https://company.com,0
Payment failed. Retry here: http://account-check.net/bszr9akj,1
KYC pending for Paytm. Update immediately at https://verify-login.net/msdais1t,1
You won a reward from WhatsApp! Claim: https://gift-claim.org/6dwlmigc,1
KYC pending for HDFC. Update immediately at https://account-check.net/65puq0xu,1
KYC pending for ICICI. Update immediately at https://gift-claim.org/xr5b5h0c,1
Your order is confirmed on https://college.edu,0
Payment failed. Retry here: http://account-check.net/p565gn58,1
You won a reward from WhatsApp! Claim: https://gift-claim.org/9k5g29l7,1
Your order is confirmed on https://college.edu,0
Meeting link shared on portal. See https://irctc.co.in,0
Meeting link shared on portal. See https://amazon.in,0
Visit our official site for updates: https://college.edu,0
KYC pending for HDFC. Update immediately at https://trackparcel.in/ux5r3yx6,1
Payment failed. Retry here: http://secure-update.co/4x7dvwnf,1
You won a reward from Amazon! Claim: https://secure-update.co/cj07c4ph,1
Meeting link shared on portal. See https://amazon.in,0
Visit our official site for updates: https://google.com,0
Meeting link shared on portal. See https://irctc.co.in,0
Monthly statement available at https://college.edu,0
Your Paytm account is locked. Verify now: http://trackparcel.in/ipvzfv9x,1
Meeting link shared on portal. See https://google.com,0
Class notice posted at https://microsoft.com,0
Visit our official site for updates: https://college.edu,0
You won a reward from Amazon! Claim: https://verify-login.net/24210jum,1
Your Flipkart account is locked. Verify now: http://verify-login.net/3ucmlfnk,1
Monthly statement available at https://google.com,0
Class notice posted at https://college.edu,0
Your Netflix account is locked. Verify now: http://secure-update.co/jhgdcu96,1
Visit our official site for updates: https://irctc.co.in,0
Meeting link shared on portal. See https://google.com,0
Payment failed. Retry here: http://pay-now.in/rcmtyano,1
Class notice posted at https://company.com,0
Class notice posted at https://amazon.in,0
KYC pending for ICICI. Update immediately at https://trackparcel.in/3kzbuymu,1
Class notice posted at https://amazon.in,0
Your order is confirmed on https://company.com,0
Courier fee ₹49 pending. Pay now: http://account-check.net/6e0qzpoo,1
Payment failed. Retry here: http://verify-login.net/9st5w766,1
KYC pending for SBI. Update immediately at https://gift-claim.org/12lxkgcr,1
You won a reward from HDFC! Claim: https://verify-login.net/yngeioge,1
You won a reward from Paytm! Claim: https://secure-update.co/g9sxp50m,1
Your Microsoft account is locked. Verify now: http://pay-now.in/clk48c4r,1
Your Flipkart account is locked. Verify now: http://gift-claim.org/sc1ooi1r,1
Payment failed. Retry here: http://account-check.net/7n19ro7b,1
Meeting link shared on portal. See https://amazon.in,0
Payment failed. Retry here: http://gift-claim.org/8ub0wtsu,1
Payment failed. Retry here: http://pay-now.in/4be0wzfl,1
Payment failed. Retry here: http://account-check.net/dv49fbpi,1
Class notice posted at https://company.com,0
Monthly statement available at https://college.edu,0
Your Netflix account is locked. Verify now: http://secure-update.co/608u7jr1,1
Visit our official site for updates: https://irctc.co.in,0
Payment failed. Retry here: http://gift-claim.org/1phldz2t,1
You won a reward from Amazon! Claim: https://trackparcel.in/k3nl5yqh,1
KYC pending for Amazon. Update immediately at https://gift-claim.org/8hl7dljv,1
Your order is confirmed on https://microsoft.com,0
Your order is confirmed on https://google.com,0
KYC pending for Flipkart. Update immediately at https://account-check.net/k8cqwyh9,1
You won a reward from WhatsApp! Claim: https://secure-update.co/wdow4qf2,1
Payment failed. Retry here: http://trackparcel.in/03npfiz8,1
Visit our official site for updates: https://microsoft.com,0
Visit our official site for updates: https://amazon.in,0
You won a reward from Google! Claim: https://pay-now.in/busprl47,1
Class notice posted at https://company.com,0
Courier fee ₹49 pending. Pay now: http://gift-claim.org/25qc9g9v,1
Your order is confirmed on https://amazon.in,0
Courier fee ₹49 pending. Pay now: http://verify-login.net/ge0f71rd,1
Monthly statement available at https://microsoft.com,0
Class notice posted at https://amazon.in,0
KYC pending for Paytm. Update immediately at https://verify-login.net/8h79fee6,1
KYC pending for HDFC. Update immediately at https://verify-login.net/bx1gucd4,1
Courier fee ₹49 pending. Pay now: http://gift-claim.org/sdl1gobb,1
You won a reward from Google! Claim: https://trackparcel.in/sgp74i7x,1
You won a reward from SBI! Claim: https://pay-now.in/eq486hfu,1
Payment failed. Retry here: http://gift-claim.org/l6lkzkml,1
Monthly statement available at https://company.com,0
Your order is confirmed on https://microsoft.com,0
Monthly statement available at https://college.edu,0
Payment failed. Retry here: http://secure-update.co/xd8kt3yl,1
Courier fee ₹49 pending. Pay now: http://gift-claim.org/afccv7hp,1
Meeting link shared on portal. See https://amazon.in,0
You won a reward from Amazon! Claim: https://verify-login.net/p5cjy26l,1
You won a reward from Flipkart! Claim: https://gift-claim.org/gid3yoxz,1
Your Amazon account is locked. Verify now: http://gift-claim.org/vczzl375,1
Your order is confirmed on https://amazon.in,0
Class notice posted at https://amazon.in,0
Visit our official site for updates: https://college.edu,0
KYC pending for Paytm. Update immediately at https://pay-now.in/nnohpxvy,1
Monthly statement available at https://google.com,0
Courier fee ₹49 pending. Pay now: http://verify-login.net/ydonkxuv,1
KYC pending for Google. Update immediately at https://account-check.net/y11fdhf4,1
Visit our official site for updates: https://amazon.in,0
Courier fee ₹49 pending. Pay now: http://account-check.net/vtdwlwbn,1
Meeting link shared on portal. See https://college.edu,0
Class notice posted at https://amazon.in,0
Courier fee ₹49 pending. Pay now: http://gift-claim.org/do7xszwb,1
Your HDFC account is locked. Verify now: http://secure-update.co/fwc682zi,1
Payment failed. Retry here: http://verify-login.net/ycq82mum,1
Your order is confirmed on https://microsoft.com,0
Class notice posted at https://irctc.co.in,0
Courier fee ₹49 pending. Pay now: http://pay-now.in/xv5gdlbq,1
Visit our official site for updates: https://amazon.in,0
Meeting link shared on portal. See https://microsoft.com,0
Courier fee ₹49 pending. Pay now: http://account-check.net/90lyrrps,1
You won a reward from ICICI! Claim: https://account-check.net/ag48wpsp,1
Your order is confirmed on https://google.com,0
Payment failed. Retry here: http://trackparcel.in/9jeyp4l6,1
Visit our official site for updates: https://google.com,0
Your order is confirmed on https://college.edu,0
Your order is confirmed on https://microsoft.com,0
Your order is confirmed on https://google.com,0
Visit our official site for updates: https://google.com,0
Your ICICI account is locked. Verify now: http://trackparcel.in/4kl9ou51,1
Visit our official site for updates: https://google.com,0
Your Flipkart account is locked. Verify now: http://gift-claim.org/imb13e3k,1
Meeting link shared on portal. See https://amazon.in,0
Monthly statement available at https://microsoft.com,0
Your order is confirmed on https://amazon.in,0
Meeting link shared on portal. See https://amazon.in,0
Monthly statement available at https://college.edu,0
Visit our official site for updates: https://amazon.in,0
Your WhatsApp account is locked. Verify now: http://pay-now.in/f3ldflwx,1
You won a reward from Google! Claim: https://secure-update.co/0rja8xtk,1
Meeting link shared on portal. See https://irctc.co.in,0
Your order is confirmed on https://microsoft.com,0
KYC pending for Amazon. Update immediately at https://account-check.net/ujcfy5px,1
Monthly statement available at https://google.com,0
Monthly statement available at https://google.com,0
Class notice posted at https://microsoft.com,0
You won a reward from WhatsApp! Claim: https://trackparcel.in/a1q1v496,1
Payment failed. Retry here: http://verify-login.net/qe7cci7v,1
Payment failed. Retry here: http://secure-update.co/bwciabmi,1
Monthly statement available at https://microsoft.com,0
Your Google account is locked. Verify now: http://pay-now.in/w4pgspou,1
Monthly statement available at https://irctc.co.in,0
Monthly statement available at https://google.com,0
KYC pending for Google. Update immediately at https://verify-login.net/vix4gj2t,1
Monthly statement available at https://microsoft.com,0
KYC pending for HDFC. Update immediately at https://secure-update.co/47ehabi4,1
Courier fee ₹49 pending. Pay now: http://pay-now.in/bs2q7mtg,1
Your Flipkart account is locked. Verify now: http://gift-claim.org/72itbw2n,1
Payment failed. Retry here: http://account-check.net/tx9rlmfn,1
Your SBI account is locked. Verify now: http://secure-update.co/v5o5kj4j,1
Visit our official site for updates: https://amazon.in,0
Visit our official site for updates: https://microsoft.com,0
Monthly statement available at https://microsoft.com,0
KYC pending for Amazon. Update immediately at https://secure-update.co/k5cdy50c,1
Monthly statement available at https://microsoft.com,0
Class notice posted at https://college.edu,0
Your order is confirmed on https://amazon.in,0
You won a reward from Microsoft! Claim: https://gift-claim.org/dfll7cnr,1
Meeting link shared on portal. See https://amazon.in,0
Courier fee ₹49 pending. Pay now: http://gift-claim.org/foswaa0r,1
Payment failed. Retry here: http://verify-login.net/vprj3inn,1
Visit our official site for updates: https://google.com,0
Your order is confirmed on https://amazon.in,0
Class notice posted at https://microsoft.com,0
You won a reward from ICICI! Claim: https://account-check.net/die6td7m,1
Monthly statement available at https://amazon.in,0
Meeting link shared on portal. See https://college.edu,0
Payment failed. Retry here: http://trackparcel.in/u99e7s47,1
Your order is confirmed on https://irctc.co.in,0
Payment failed. Retry here: http://pay-now.in/uja45n66,1
KYC pending for Amazon. Update immediately at https://secure-update.co/xx7xghuh,1
Your order is confirmed on https://irctc.co.in,0
Payment failed. Retry here: http://gift-claim.org/obyp7o0y,1
Meeting link shared on portal. See https://irctc.co.in,0
Your order is confirmed on https://google.com,0
You won a reward from ICICI! Claim: https://pay-now.in/6zp6x0rw,1
Visit our official site for updates: https://company.com,0
Your SBI account is locked. Verify now: http://verify-login.net/chu96cl4,1
Payment failed. Retry here: http://verify-login.net/kx9sssq9,1
Class notice posted at https://google.com,0
Meeting link shared on portal. See https://college.edu,0
Monthly statement available at https://company.com,0
Your Amazon account is locked. Verify now: http://gift-claim.org/0qgc8bx5,1
Visit our official site for updates: https://amazon.in,0
Payment failed. Retry here: http://secure-update.co/2me18cu3,1
KYC pending for SBI. Update immediately at https://trackparcel.in/2vyoll3h,1
Your ICICI account is locked. Verify now: http://secure-update.co/wq86q7fw,1
Courier fee ₹49 pending. Pay now: http://secure-update.co/kne570xl,1
KYC pending for Google. Update immediately at https://account-check.net/prr17db0,1
KYC pending for Amazon. Update immediately at https://secure-update.co/gw0189yc,1
Courier fee ₹49 pending. Pay now: http://gift-claim.org/577tlgr8,1
Courier fee ₹49 pending. Pay now: http://pay-now.in/hjsfcg6n,1
Meeting link shared on portal. See https://microsoft.com,0
Class notice posted at https://irctc.co.in,0
Monthly statement available at https://amazon.in,0
You won a reward from HDFC! Claim: https://pay-now.in/u2jjpzc7,1
Your SBI account is locked. Verify now: http://verify-login.net/t5n20z89,1
Payment failed. Retry here: http://verify-login.net/rwe3nv30,1
Class notice posted at https://company.com,0
You won a reward from Paytm! Claim: https://verify-login.net/6y15k1fw,1
KYC pending for Netflix. Update immediately at https://trackparcel.in/ymox3ki4,1
Visit our official site for updates: https://irctc.co.in,0
Courier fee ₹49 pending. Pay now: http://pay-now.in/1pofs0xu,1
KYC pending for Netflix. Update immediately at https://secure-update.co/lzpq9wmq,1
You won a reward from Amazon! Claim: https://gift-claim.org/sqsa6902,1
Class notice posted at https://google.com,0
Monthly statement available at https://irctc.co.in,0
Your SBI account is locked. Verify now: http://pay-now.in/629qkmj5,1
You won a reward from Google! Claim: https://verify-login.net/f47khab0,1
You won a reward from Microsoft! Claim: https://secure-update.co/iwcbonfy,1
Your order is confirmed on https://amazon.in,0
KYC pending for Flipkart. Update immediately at https://secure-update.co/mikaycp7,1
Visit our official site for updates: https://amazon.in,0
Class notice posted at https://amazon.in,0
Payment failed. Retry here: http://gift-claim.org/f43dvb7o,1
Meeting link shared on portal. See https://microsoft.com,0
Meeting link shared on portal. See https://irctc.co.in,0
Courier fee ₹49 pending. Pay now: http://trackparcel.in/fwz25sya,1
Meeting link shared on portal. See https://irctc.co.in,0
KYC pending for Paytm. Update immediately at https://secure-update.co/votbgjlg,1
Courier fee ₹49 pending. Pay now: http://pay-now.in/9ems7hg9,1
Class notice posted at https://college.edu,0
Your order is confirmed on https://company.com,0
Courier fee ₹49 pending. Pay now: http://account-check.net/lx3j7c9j,1
You won a reward from ICICI! Claim: https://verify-login.net/vku9zk1e,1
KYC pending for Paytm. Update immediately at https://gift-claim.org/8fm2bp8c,1
Visit our official site for updates: https://amazon.in,0
Courier fee ₹49 pending. Pay now: http://verify-login.net/am8uy1g5,1
Class notice posted at https://microsoft.com,0
You won a reward from HDFC! Claim: https://gift-claim.org/dpd5vpn4,1
Monthly statement available at https://irctc.co.in,0
Courier fee ₹49 pending. Pay now: http://trackparcel.in/xilxaz8r,1
Your Paytm account is locked. Verify now: http://verify-login.net/i8jaos1o,1
You won a reward from Microsoft! Claim: https://secure-update.co/mau8m42p,1
KYC pending for Netflix. Update immediately at https://pay-now.in/q5t09p3z,1
Class notice posted at https://college.edu,0
Class notice posted at https://company.com,0
Your Paytm account is locked. Verify now: http://trackparcel.in/8lg9fv96,1
KYC pending for Flipkart. Update immediately at https://trackparcel.in/8m8ngz2p,1
Courier fee ₹49 pending. Pay now: http://gift-claim.org/bkzr67q9,1
Class notice posted at https://microsoft.com,0
Your order is confirmed on https://company.com,0
Your order is confirmed on https://college.edu,0
Payment failed. Retry here: http://trackparcel.in/8qcjqp83,1
Monthly statement available at https://google.com,0
You won a reward from Flipkart! Claim: https://verify-login.net/o640374p,1
KYC pending for WhatsApp. Update immediately at https://secure-update.co/d574x6yg,1
Monthly statement available at https://amazon.in,0
Visit our official site for updates: https://microsoft.com,0
Monthly statement available at https://microsoft.com,0
Your ICICI account is locked. Verify now: http://trackparcel.in/e2uvtd3b,1
Payment failed. Retry here: http://gift-claim.org/8z10ob09,1
KYC pending for HDFC. Update immediately at https://secure-update.co/p432mnwm,1
Your order is confirmed on https://company.com,0
You won a reward from WhatsApp! Claim: https://secure-update.co/2zadgecf,1
Your order is confirmed on https://college.edu,0
Payment failed. Retry here: http://gift-claim.org/d6bwg38d,1
Your Netflix account is locked. Verify now: http://secure-update.co/p9snrl3b,1
Class notice posted at https://amazon.in,0
Monthly statement available at https://amazon.in,0
You won a reward from SBI! Claim: https://verify-login.net/dd2anglp,1
Your Paytm account is locked. Verify now: http://gift-claim.org/s7vtpnz2,1
Courier fee ₹49 pending. Pay now: http://verify-login.net/aroeiybl,1
Visit our official site for updates: https://college.edu,0
Monthly statement available at https://company.com,0
You won a reward from ICICI! Claim: https://secure-update.co/xnxvjk70,1
KYC pending for Microsoft. Update immediately at https://gift-claim.org/7cj06gld,1
Visit our official site for updates: https://microsoft.com,0
Monthly statement available at https://college.edu,0
Class notice posted at https://microsoft.com,0
Your order is confirmed on https://irctc.co.in,0
Payment failed. Retry here: http://pay-now.in/ht6mz2li,1
Meeting link shared on portal. See https://college.edu,0
Payment failed. Retry here: http://gift-claim.org/sswmos7z,1
Class notice posted at https://company.com,0
Class notice posted at https://irctc.co.in,0
KYC pending for Netflix. Update immediately at https://trackparcel.in/3l7lxnax,1
Class notice posted at https://amazon.in,0
Payment failed. Retry here: http://gift-claim.org/lxjluro2,1
Your order is confirmed on https://irctc.co.in,0
Class notice posted at https://company.com,0
Your order is confirmed on https://irctc.co.in,0
KYC pending for SBI. Update immediately at https://trackparcel.in/dcb62uxs,1
You won a reward from HDFC! Claim: https://gift-claim.org/ngykoevs,1
Payment failed. Retry here: http://pay-now.in/m12nthkj,1
Your WhatsApp account is locked. Verify now: http://pay-now.in/vwtpj170,1
You won a reward from Netflix! Claim: https://trackparcel.in/z9rt0n7h,1
Courier fee ₹49 pending. Pay now: http://secure-update.co/v7j7hgz5,1
Courier fee ₹49 pending. Pay now: http://pay-now.in/udrja0j0,1
You won a reward from Google! Claim: https://gift-claim.org/621boxbq,1
Visit our official site for updates: https://college.edu,0
Visit our official site for updates: https://google.com,0
Your Netflix account is locked. Verify now: http://pay-now.in/4t5tcygh,1
Meeting link shared on portal. See https://irctc.co.in,0
Visit our official site for updates: https://google.com,0
Meeting link shared on portal. See https://google.com,0
Meeting link shared on portal. See https://microsoft.com,0
Class notice posted at https://microsoft.com,0
You won a reward from Paytm! Claim: https://verify-login.net/tsf9uu89,1
KYC pending for Microsoft. Update immediately at https://trackparcel.in/oib55lvg,1
Your order is confirmed on https://company.com,0
Monthly statement available at https://college.edu,0
Class notice posted at https://company.com,0
Monthly statement available at https://college.edu,0
Meeting link shared on portal. See https://company.com,0
Class notice posted at https://company.com,0
Payment failed. Retry here: http://trackparcel.in/jsw68iy4,1
Visit our official site for updates: https://college.edu,0
Your HDFC account is locked. Verify now: http://gift-claim.org/32y3tb8z,1
Visit our official site for updates: https://irctc.co.in,0
Courier fee ₹49 pending. Pay now: http://verify-login.net/v19u232b,1
Class notice posted at https://irctc.co.in,0
Payment failed. Retry here: http://account-check.net/5hm859on,1
Your Paytm account is locked. Verify now: http://pay-now.in/njimkw55,1
Your order is confirmed on https://irctc.co.in,0
Your Microsoft account is locked. Verify now: http://verify-login.net/ywu4r9zf,1
Your order is confirmed on https://irctc.co.in,0
Meeting link shared on portal. See https://google.com,0
Meeting link shared on portal. See https://college.edu,0
KYC pending for Amazon. Update immediately at https://trackparcel.in/nt4tgtnk,1
Your ICICI account is locked. Verify now: http://gift-claim.org/7cnvyt9w,1
Monthly statement available at https://company.com,0
Visit our official site for updates: https://company.com,0
Your order is confirmed on https://company.com,0
Visit our official site for updates: https://company.com,0
Payment failed. Retry here: http://gift-claim.org/zf5aq2zy,1
Your order is confirmed on https://amazon.in,0
Your SBI account is locked. Verify now: http://gift-claim.org/lwkfe6vx,1
Monthly statement available at https://college.edu,0
Visit our official site for updates: https://company.com,0
Payment failed. Retry here: http://gift-claim.org/lbssk4hl,1
Your order is confirmed on https://microsoft.com,0
Your Amazon account is locked. Verify now: http://account-check.net/h662ffwr,1
Class notice posted at https://college.edu,0
You won a reward from ICICI! Claim: https://account-check.net/c574km73,1
You won a reward from SBI! Claim: https://gift-claim.org/je96iuru,1
Monthly statement available at https://irctc.co.in,0
Monthly statement available at https://amazon.in,0
KYC pending for Amazon. Update immediately at https://verify-login.net/a8turu78,1
Meeting link shared on portal. See https://google.com,0
KYC pending for WhatsApp. Update immediately at https://trackparcel.in/5dfl71ee,1
Your Microsoft account is locked. Verify now: http://pay-now.in/dom08gsr,1
Courier fee ₹49 pending. Pay now: http://verify-login.net/jjjah6ig,1
Your WhatsApp account is locked. Verify now: http://verify-login.net/xq9x0iob,1
Your order is confirmed on https://college.edu,0
Monthly statement available at https://microsoft.com,0
Courier fee ₹49 pending. Pay now: http://pay-now.in/zvwljfu6,1
KYC pending for HDFC. Update immediately at https://trackparcel.in/06rjjeg4,1
Class notice posted at https://company.com,0
Meeting link shared on portal. See https://irctc.co.in,0
Payment failed. Retry here: http://pay-now.in/wfknua9h,1
Monthly statement available at https://company.com,0
Class notice posted at https://irctc.co.in,0
Class notice posted at https://microsoft.com,0
Your order is confirmed on https://company.com,0
Courier fee ₹49 pending. Pay now: http://verify-login.net/1ymb47ts,1
KYC pending for Paytm. Update immediately at https://trackparcel.in/mgkh9ua6,1
Monthly statement available at https://college.edu,0
Meeting link shared on portal. See https://microsoft.com,0
KYC pending for Netflix. Update immediately at https://trackparcel.in/hy9znld1,1
Class notice posted at https://college.edu,0
Visit our official site for updates: https://microsoft.com,0
Class notice posted at https://amazon.in,0
Your order is confirmed on https://google.com,0
Monthly statement available at https://google.com,0
KYC pending for WhatsApp. Update immediately at https://account-check.net/rozw691n,1
Your order is confirmed on https://irctc.co.in,0
Class notice posted at https://microsoft.com,0
Payment failed. Retry here: http://secure-update.co/65hfjir0,1
Visit our official site for updates: https://microsoft.com,0
You won a reward from Flipkart! Claim: https://trackparcel.in/0hw5smvg,1
You won a reward from SBI! Claim: https://secure-update.co/spz9l41r,1
KYC pending for WhatsApp. Update immediately at https://account-check.net/bl3g07y0,1
Your Paytm account is locked. Verify now: http://trackparcel.in/ukue89d2,1
Courier fee ₹49 pending. Pay now: http://account-check.net/9pa43z8g,1
Your Netflix account is locked. Verify now: http://pay-now.in/bbigjq56,1
KYC pending for ICICI. Update immediately at https://account-check.net/59dal3g6,1
Payment failed. Retry here: http://pay-now.in/auzxtdj1,1
Class notice posted at https://company.com,0
KYC pending for SBI. Update immediately at https://pay-now.in/h0cxc3pc,1
Monthly statement available at https://amazon.in,0
KYC pending for SBI. Update immediately at https://account-check.net/0wosru3m,1
Your order is confirmed on https://google.com,0
Class notice posted at https://college.edu,0
Monthly statement available at https://amazon.in,0
Visit our official site for updates: https://college.edu,0
Your order is confirmed on https://college.edu,0
Payment failed. Retry here: http://trackparcel.in/kh8e19e9,1
Payment failed. Retry here: http://trackparcel.in/k1chhnc3,1
KYC pending for WhatsApp. Update immediately at https://pay-now.in/xrug7omv,1
Payment failed. Retry here: http://trackparcel.in/j453ux29,1
Your order is confirmed on https://company.com,0
Courier fee ₹49 pending. Pay now: http://trackparcel.in/dmnzynvi,1
Visit our official site for updates: https://company.com,0
Your order is confirmed on https://google.com,0
Payment failed. Retry here: http://account-check.net/z0eedvvz,1
Class notice posted at https://amazon.in,0
KYC pending for Microsoft. Update immediately at https://account-check.net/4ul0byl7,1
KYC pending for Amazon. Update immediately at https://trackparcel.in/httqnx2p,1
You won a reward from Paytm! Claim: https://pay-now.in/cb2z5nkr,1
KYC pending for Paytm. Update immediately at https://account-check.net/tiso5qxd,1
Monthly statement available at https://company.com,0
KYC pending for Netflix. Update immediately at https://verify-login.net/kni282hd,1
Meeting link shared on portal. See https://college.edu,0
Class notice posted at https://irctc.co.in,0
KYC pending for HDFC. Update immediately at https://gift-claim.org/op3f3bmj,1
Class notice posted at https://company.com,0
Payment failed. Retry here: http://secure-update.co/i1wx1gqw,1
Class notice posted at https://google.com,0
Your Netflix account is locked. Verify now: http://trackparcel.in/8ef922ep,1
KYC pending for WhatsApp. Update immediately at https://trackparcel.in/xsyod6gc,1
Payment failed. Retry here: http://account-check.net/ge3zyw58,1
Payment failed. Retry here: http://secure-update.co/3fn6yww1,1
Meeting link shared on portal. See https://amazon.in,0
Your order is confirmed on https://college.edu,0
Your order is confirmed on https://microsoft.com,0
Meeting link shared on portal. See https://amazon.in,0
Class notice posted at https://irctc.co.in,0
Payment failed. Retry here: http://verify-login.net/hak5j931,1
KYC pending for HDFC. Update immediately at https://verify-login.net/lokodujr,1
Class notice posted at https://microsoft.com,0
Your Google account is locked. Verify now: http://verify-login.net/pglh5oq0,1
Courier fee ₹49 pending. Pay now: http://pay-now.in/9itflaaq,1
You won a reward from ICICI! Claim: https://trackparcel.in/2hern2sr,1
Monthly statement available at https://irctc.co.in,0
Visit our official site for updates: https://google.com,0
Your ICICI account is locked. Verify now: http://verify-login.net/jhto9aox,1
Visit our official site for updates: https://company.com,0
KYC pending for Flipkart. Update immediately at https://trackparcel.in/ek0ed436,1
Courier fee ₹49 pending. Pay now: http://gift-claim.org/l6i042fb,1
Payment failed. Retry here: http://gift-claim.org/3dah3att,1
KYC pending for SBI. Update immediately at https://verify-login.net/djrdw1qp,1
Visit our official site for updates: https://college.edu,0
Monthly statement available at https://college.edu,0
KYC pending for Google. Update immediately at https://trackparcel.in/mospn4c4,1
Payment failed. Retry here: http://secure-update.co/k2fkm3rj,1
Courier fee ₹49 pending. Pay now: http://verify-login.net/f2haf1e4,1
Payment failed. Retry here: http://pay-now.in/m3d3avcn,1
Your Google account is locked. Verify now: http://gift-claim.org/nf9cr6t3,1
Class notice posted at https://irctc.co.in,0
Meeting link shared on portal. See https://amazon.in,0
Courier fee ₹49 pending. Pay now: http://secure-update.co/nwek3iqj,1
Your order is confirmed on https://college.edu,0
Visit our official site for updates: https://college.edu,0
Monthly statement available at https://company.com,0
Your Amazon account is locked. Verify now: http://verify-login.net/gqr4oqjq,1
KYC pending for Amazon. Update immediately at https://account-check.net/eod1ju9a,1
Monthly statement available at https://college.edu,0
Class notice posted at https://company.com,0
Payment failed. Retry here: http://verify-login.net/wqkbh24i,1
Class notice posted at https://irctc.co.in,0
Your HDFC account is locked. Verify now: http://trackparcel.in/cai1vzry,1
You won a reward from Amazon! Claim: https://verify-login.net/djsx8gxs,1
Your order is confirmed on https://college.edu,0
Class notice posted at https://amazon.in,0
KYC pending for Google. Update immediately at https://gift-claim.org/49ksew51,1
KYC pending for Microsoft. Update immediately at https://gift-claim.org/to0gbwyn,1
Monthly statement available at https://company.com,0
Visit our official site for updates: https://company.com,0
Payment failed. Retry here: http://account-check.net/20cq7pk3,1
Your order is confirmed on https://amazon.in,0
Your order is confirmed on https://irctc.co.in,0
Visit our official site for updates: https://company.com,0
Class notice posted at https://company.com,0
Monthly statement available at https://irctc.co.in,0
Visit our official site for updates: https://irctc.co.in,0
Your WhatsApp account is locked. Verify now: http://account-check.net/3dc6idkp,1
You won a reward from Microsoft! Claim: https://pay-now.in/fxl4f23i,1
Courier fee ₹49 pending. Pay now: http://account-check.net/6tgi0vuo,1
You won a reward from Flipkart! Claim: https://verify-login.net/r63javqf,1
Courier fee ₹49 pending. Pay now: http://account-check.net/hxy9996m,1
Monthly statement available at https://company.com,0
KYC pending for SBI. Update immediately at https://pay-now.in/gh6tqn5n,1
Your Amazon account is locked. Verify now: http://account-check.net/ql59fzzl,1
You won a reward from WhatsApp! Claim: https://trackparcel.in/v9lf7xoi,1
Your HDFC account is locked. Verify now: http://verify-login.net/u09vs6jb,1
Courier fee ₹49 pending. Pay now: http://pay-now.in/bc2nxs5u,1
Your order is confirmed on https://amazon.in,0
Class notice posted at https://microsoft.com,0
You won a reward from Microsoft! Claim: https://secure-update.co/c92hkchn,1
Monthly statement available at https://irctc.co.in,0
KYC pending for HDFC. Update immediately at https://verify-login.net/29qtaxj2,1
Monthly statement available at https://company.com,0
Your order is confirmed on https://college.edu,0
KYC pending for SBI. Update immediately at https://verify-login.net/43ypexdd,1
Monthly statement available at https://company.com,0
Meeting link shared on portal. See https://college.edu,0
Monthly statement available at https://college.edu,0
Class notice posted at https://company.com,0
Meeting link shared on portal. See https://amazon.in,0
Visit our official site for updates: https://google.com,0
Visit our official site for updates: https://college.edu,0
You won a reward from Google! Claim: https://secure-update.co/wzwk0lbs,1
Your order is confirmed on https://irctc.co.in,0
KYC pending for SBI. Update immediately at https://trackparcel.in/9d15tf0b,1
Class notice posted at https://company.com,0
KYC pending for Microsoft. Update immediately at https://pay-now.in/ru2nddh5,1
Meeting link shared on portal. See https://college.edu,0
Your order is confirmed on https://college.edu,0
Visit our official site for updates: https://amazon.in,0
Your order is confirmed on https://college.edu,0
Your SBI account is locked. Verify now: http://account-check.net/uibshy97,1
Monthly statement available at https://company.com,0
Monthly statement available at https://college.edu,0
Monthly statement available at https://microsoft.com,0
Visit our official site for updates: https://irctc.co.in,0
Visit our official site for updates: https://amazon.in,0
KYC pending for Microsoft. Update immediately at https://secure-update.co/mh03nmi6,1
You won a reward from ICICI! Claim: https://pay-now.in/gu2778ve,1
KYC pending for Flipkart. Update immediately at https://account-check.net/jiji7iw4,1
You won a reward from SBI! Claim: https://secure-update.co/53ngb99d,1
Visit our official site for updates: https://microsoft.com,0
You won a reward from HDFC! Claim: https://secure-update.co/j0l8qctr,1
KYC pending for ICICI. Update immediately at https://verify-login.net/llej3zle,1
Meeting link shared on portal. See https://microsoft.com,0
Meeting link shared on portal. See https://college.edu,0
You won a reward from WhatsApp! Claim: https://gift-claim.org/diifkuej,1
Courier fee ₹49 pending. Pay now: http://pay-now.in/56jr0lk2,1
Payment failed. Retry here: http://verify-login.net/6572nua0,1
Your Amazon account is locked. Verify now: http://verify-login.net/c32ajbb4,1
Courier fee ₹49 pending. Pay now: http://pay-now.in/c3pu9tf7,1
Your order is confirmed on https://company.com,0
Your Microsoft account is locked. Verify now: http://pay-now.in/wfou0jtp,1
Meeting link shared on portal. See https://microsoft.com,0
Meeting link shared on portal. See https://amazon.in,0
You won a reward from Netflix! Claim: https://pay-now.in/gfg9nr55,1
Your Microsoft account is locked. Verify now: http://account-check.net/mb2byvqt,1
Courier fee ₹49 pending. Pay now: http://verify-login.net/7efv2drm,1
Visit our official site for updates: https://microsoft.com,0
Payment failed. Retry here: http://account-check.net/3d77a8qj,1
Monthly statement available at https://microsoft.com,0
Class notice posted at https://company.com,0
KYC pending for Amazon. Update immediately at https://trackparcel.in/hl9ouy34,1
Visit our official site for updates: https://google.com,0
Class notice posted at https://microsoft.com,0
You won a reward from Amazon! Claim: https://account-check.net/evh1hxzv,1
Meeting link shared on portal. See https://microsoft.com,0
You won a reward from Paytm! Claim: https://trackparcel.in/39fhxo26,1
Courier fee ₹49 pending. Pay now: http://pay-now.in/0uxu736i,1
You won a reward from Amazon! Claim: https://secure-update.co/ule3kajo,1
Meeting link shared on portal. See https://company.com,0
Payment failed. Retry here: http://gift-claim.org/ypvvav1i,1
Payment failed. Retry here: http://verify-login.net/ihq6cmac,1
Visit our official site for updates: https://amazon.in,0
Class notice posted at https://company.com,0
You won a reward from Microsoft! Claim: https://gift-claim.org/psmltubx,1
Monthly statement available at https://microsoft.com,0
Visit our official site for updates: https://irctc.co.in,0
Meeting link shared on portal. See https://company.com,0
KYC pending for Microsoft. Update immediately at https://verify-login.net/ovcnlyti,1
Your SBI account is locked. Verify now: http://secure-update.co/bqguh4ws,1
Payment failed. Retry here: http://account-check.net/rxroi8au,1
Class notice posted at https://microsoft.com,0
Payment failed. Retry here: http://pay-now.in/n27tyols,1
Monthly statement available at https://irctc.co.in,0
KYC pending for Microsoft. Update immediately at https://trackparcel.in/ktlcllh1,1
Monthly statement available at https://company.com,0
Visit our official site for updates: https://company.com,0
Payment failed. Retry here: http://secure-update.co/ez51qq87,1
Payment failed. Retry here: http://pay-now.in/q7prmxhw,1
Meeting link shared on portal. See https://college.edu,0
Payment failed. Retry here: http://account-check.net/h35blvv9,1
Monthly statement available at https://irctc.co.in,0
Visit our official site for updates: https://amazon.in,0
You won a reward from Netflix! Claim: https://trackparcel.in/6kliz6oc,1
KYC pending for WhatsApp. Update immediately at https://pay-now.in/gs3clrdc,1
Courier fee ₹49 pending. Pay now: http://secure-update.co/3t4o60zk,1
Visit our official site for updates: https://google.com,0
Your order is confirmed on https://google.com,0
Your order is confirmed on https://company.com,0
Your order is confirmed on https://google.com,0
Meeting link shared on portal. See https://amazon.in,0
Monthly statement available at https://microsoft.com,0
Visit our official site for updates: https://company.com,0
KYC pending for SBI. Update immediately at https://verify-login.net/ppbw05z2,1
KYC pending for WhatsApp. Update immediately at https://secure-update.co/6fwhjo3k,1
Payment failed. Retry here: http://gift-claim.org/h7zfdj70,1
KYC pending for SBI. Update immediately at https://pay-now.in/nzldieb3,1
Class notice posted at https://company.com,0
Monthly statement available at https://amazon.in,0
Your WhatsApp account is locked. Verify now: http://pay-now.in/hs75y61l,1
Meeting link shared on portal. See https://amazon.in,0
Your Netflix account is locked. Verify now: http://gift-claim.org/u0g9yujx,1
Class notice posted at https://amazon.in,0
Courier fee ₹49 pending. Pay now: http://secure-update.co/s28ts6k6,1
Your order is confirmed on https://amazon.in,0
You won a reward from ICICI! Claim: https://pay-now.in/sw7n7ili,1
Class notice posted at https://amazon.in,0
Your Paytm account is locked. Verify now: http://secure-update.co/oge8wh8w,1
You won a reward from Netflix! Claim: https://trackparcel.in/yz5ss6rj,1
Class notice posted at https://microsoft.com,0
Class notice posted at https://company.com,0
KYC pending for Paytm. Update immediately at https://secure-update.co/wb14z7a5,1
Your Google account is locked. Verify now: http://pay-now.in/1zw59rvb,1
Your order is confirmed on https://company.com,0
Your Amazon account is locked. Verify now: http://pay-now.in/r0bgdp90,1
Your Paytm account is locked. Verify now: http://verify-login.net/ybh15xfh,1
Meeting link shared on portal. See https://irctc.co.in,0
Meeting link shared on portal. See https://irctc.co.in,0
Payment failed. Retry here: http://secure-update.co/csoidj3j,1
Your order is confirmed on https://company.com,0
Visit our official site for updates: https://company.com,0
Monthly statement available at https://irctc.co.in,0
Payment failed. Retry here: http://account-check.net/zkouedau,1
Payment failed. Retry here: http://pay-now.in/njkyomk6,1
KYC pending for WhatsApp. Update immediately at https://gift-claim.org/h7cnoeya,1
KYC pending for WhatsApp. Update immediately at https://secure-update.co/ivdtsakc,1
Payment failed. Retry here: http://trackparcel.in/wtishkmq,1
Your order is confirmed on https://microsoft.com,0
Your Google account is locked. Verify now: http://pay-now.in/o76v4ol5,1
You won a reward from Paytm! Claim: https://secure-update.co/4olwihlk,1
Visit our official site for updates: https://company.com,0
Monthly statement available at https://irctc.co.in,0
Your Microsoft account is locked. Verify now: http://trackparcel.in/3upjycnd,1
Payment failed. Retry here: http://trackparcel.in/ux6ejmw0,1
KYC pending for SBI. Update immediately at https://verify-login.net/g36ln1rt,1
You won a reward from Paytm! Claim: https://verify-login.net/odwq485d,1
Your HDFC account is locked. Verify now: http://secure-update.co/47nrzsnr,1
Monthly statement available at https://microsoft.com,0
Payment failed. Retry here: http://secure-update.co/17jn2ot6,1
You won a reward from WhatsApp! Claim: https://trackparcel.in/h45yt648,1
Monthly statement available at https://microsoft.com,0
Your SBI account is locked. Verify now: http://verify-login.net/inmkalxn,1
Meeting link shared on portal. See https://college.edu,0
Monthly statement available at https://google.com,0
You won a reward from Netflix! Claim: https://secure-update.co/79oi39jq,1
Monthly statement available at https://irctc.co.in,0
Your ICICI account is locked. Verify now: http://gift-claim.org/5odksmdt,1
Visit our official site for updates: https://amazon.in,0
Class notice posted at https://irctc.co.in,0
You won a reward from SBI! Claim: https://gift-claim.org/bwo0qome,1
Meeting link shared on portal. See https://microsoft.com,0
Visit our official site for updates: https://college.edu,0
You won a reward from Google! Claim: https://verify-login.net/60k6b00n,1
Class notice posted at https://company.com,0
Monthly statement available at https://college.edu,0
You won a reward from Amazon! Claim: https://verify-login.net/o5h9muwm,1
Meeting link shared on portal. See https://irctc.co.in,0
Visit our official site for updates: https://microsoft.com,0
Courier fee ₹49 pending. Pay now: http://trackparcel.in/8xu5c0xu,1
Courier fee ₹49 pending. Pay now: http://trackparcel.in/5rxmkx6x,1
Courier fee ₹49 pending. Pay now: http://trackparcel.in/7dmz6d3s,1
Courier fee ₹49 pending. Pay now: http://trackparcel.in/qylv6e6f,1
Class notice posted at https://google.com,0
Meeting link shared on portal. See https://irctc.co.in,0
KYC pending for HDFC. Update immediately at https://secure-update.co/y1ko0b96,1
Visit our official site for updates: https://irctc.co.in,0
Your WhatsApp account is locked. Verify now: http://trackparcel.in/0tn06nmo,1
Your Google account is locked. Verify now: http://verify-login.net/savotwxj,1
KYC pending for SBI. Update immediately at https://account-check.net/0v1r2oog,1
Your Google account is locked. Verify now: http://verify-login.net/nby1m2aa,1
Courier fee ₹49 pending. Pay now: http://account-check.net/j2w0pq7g,1
Visit our official site for updates: https://microsoft.com,0
Your order is confirmed on https://amazon.in,0
KYC pending for WhatsApp. Update immediately at https://gift-claim.org/hhxab5ve,1
Class notice posted at https://google.com,0
Courier fee ₹49 pending. Pay now: http://pay-now.in/em7mfs89,1
You won a reward from Flipkart! Claim: https://trackparcel.in/28p6kwe1,1
Meeting link shared on portal. See https://college.edu,0
KYC pending for SBI. Update immediately at https://gift-claim.org/yx1vjr1x,1
You won a reward from Microsoft! Claim: https://verify-login.net/q26imyck,1
Payment failed. Retry here: http://account-check.net/pr5cnxdw,1
Payment failed. Retry here: http://secure-update.co/izx95b60,1
Visit our official site for updates: https://microsoft.com,0
Meeting link shared on portal. See https://company.com,0
Your order is confirmed on https://company.com,0
Payment failed. Retry here: http://gift-claim.org/6eir19ao,1
Visit our official site for updates: https://company.com,0
Courier fee ₹49 pending. Pay now: http://secure-update.co/koarn27w,1
Courier fee ₹49 pending. Pay now: http://secure-update.co/me94fmpf,1
You won a reward from HDFC! Claim: https://secure-update.co/ywpn9d2v,1
Visit our official site for updates: https://amazon.in,0
Monthly statement available at https://company.com,0
Your Netflix account is locked. Verify now: http://account-check.net/ol9tfwz7,1
Class notice posted at https://college.edu,0
Your order is confirmed on https://google.com,0
Your order is confirmed on https://irctc.co.in,0
Courier fee ₹49 pending. Pay now: http://verify-login.net/cqwd1e9e,1
Visit our official site for updates: https://irctc.co.in,0
KYC pending for SBI. Update immediately at https://verify-login.net/ax0v5tnf,1
Class notice posted at https://google.com,0
Your order is confirmed on https://company.com,0
KYC pending for Netflix. Update immediately at https://verify-login.net/6nd0upyh,1
Visit our official site for updates: https://google.com,0
You won a reward from Flipkart! Claim: https://account-check.net/gcdfubwo,1
Payment failed. Retry here: http://trackparcel.in/fza5v7wu,1
Visit our official site for updates: https://company.com,0
Your order is confirmed on https://irctc.co.in,0
KYC pending for WhatsApp. Update immediately at https://gift-claim.org/p7idpjhh,1
KYC pending for SBI. Update immediately at https://verify-login.net/5jafpexm,1
Class notice posted at https://company.com,0
Visit our official site for updates: https://amazon.in,0
Class notice posted at https://irctc.co.in,0
Visit our official site for updates: https://company.com,0
Your order is confirmed on https://amazon.in,0
KYC pending for HDFC. Update immediately at https://trackparcel.in/seoehd51,1
Visit our official site for updates: https://google.com,0
Your order is confirmed on https://college.edu,0
KYC pending for WhatsApp. Update immediately at https://trackparcel.in/1ofv2zjo,1
Payment failed. Retry here: http://pay-now.in/uje91dzx,1
Visit our official site for updates: https://amazon.in,0
Meeting link shared on portal. See https://microsoft.com,0
Courier fee ₹49 pending. Pay now: http://gift-claim.org/w305q9tz,1
Courier fee ₹49 pending. Pay now: http://secure-update.co/4zxwwpar,1
Monthly statement available at https://college.edu,0
Monthly statement available at https://irctc.co.in,0
Courier fee ₹49 pending. Pay now: http://account-check.net/e4m5njw7,1
Class notice posted at https://amazon.in,0
Monthly statement available at https://company.com,0
KYC pending for ICICI. Update immediately at https://verify-login.net/qfeyzycs,1
Courier fee ₹49 pending. Pay now: http://verify-login.net/zpmlidxh,1
Visit our official site for updates: https://google.com,0
You won a reward from Paytm! Claim: https://account-check.net/873c25ib,1
Payment failed. Retry here: http://verify-login.net/fsgtnj16,1
Visit our official site for updates: https://irctc.co.in,0
Class notice posted at https://google.com,0
You won a reward from HDFC! Claim: https://gift-claim.org/s7myzzw6,1
Your ICICI account is locked. Verify now: http://account-check.net/yvlneb52,1
Class notice posted at https://google.com,0
You won a reward from Flipkart! Claim: https://pay-now.in/dert98bh,1
Your order is confirmed on https://irctc.co.in,0
Class notice posted at https://microsoft.com,0
Visit our official site for updates: https://company.com,0
Class notice posted at https://irctc.co.in,0
Class notice posted at https://amazon.in,0
Visit our official site for updates: https://company.com,0
Visit our official site for updates: https://company.com,0
You won a reward from SBI! Claim: https://pay-now.in/u7sybjuy,1
Courier fee ₹49 pending. Pay now: http://trackparcel.in/yqucyjuu,1
Visit our official site for updates: https://company.com,0
Your Google account is locked. Verify now: http://gift-claim.org/salzr6ul,1
Monthly statement available at https://google.com,0
Visit our official site for updates: https://college.edu,0
Your order is confirmed on https://irctc.co.in,0
You won a reward from Google! Claim: https://pay-now.in/5adceak3,1
Courier fee ₹49 pending. Pay now: http://gift-claim.org/78ppgb2d,1
Courier fee ₹49 pending. Pay now: http://account-check.net/q60hr7rm,1
Class notice posted at https://microsoft.com,0
You won a reward from Netflix! Claim: https://account-check.net/ab6koxl4,1
Your order is confirmed on https://irctc.co.in,0
KYC pending for Netflix. Update immediately at https://secure-update.co/aerqpfmp,1
Your Flipkart account is locked. Verify now: http://verify-login.net/29kknems,1
Courier fee ₹49 pending. Pay now: http://trackparcel.in/qboh6xzf,1
Your HDFC account is locked. Verify now: http://trackparcel.in/l1tgcezl,1
Meeting link shared on portal. See https://amazon.in,0
Your order is confirmed on https://college.edu,0
Payment failed. Retry here: http://account-check.net/izgiagj5,1
KYC pending for Paytm. Update immediately at https://trackparcel.in/ju36si3m,1
KYC pending for Netflix. Update immediately at https://secure-update.co/5y837dmz,1
KYC pending for Flipkart. Update immediately at https://verify-login.net/w4skzvpf,1
Visit our official site for updates: https://microsoft.com,0
Your ICICI account is locked. Verify now: http://trackparcel.in/99a34h2n,1
Your SBI account is locked. Verify now: http://secure-update.co/yc3o3jiv,1
Payment failed. Retry here: http://verify-login.net/68bcphgv,1
Class notice posted at https://irctc.co.in,0
Payment failed. Retry here: http://verify-login.net/c93ct00i,1
Visit our official site for updates: https://google.com,0
Visit our official site for updates: https://google.com,0
Meeting link shared on portal. See https://irctc.co.in,0
Your order is confirmed on https://college.edu,0
Your order is confirmed on https://irctc.co.in,0
Class notice posted at https://college.edu,0
Payment failed. Retry here: http://account-check.net/5em55d9i,1
Class notice posted at https://google.com,0
You won a reward from WhatsApp! Claim: https://pay-now.in/9ba1tvj0,1
Courier fee ₹49 pending. Pay now: http://pay-now.in/oamrn3u8,1
Courier fee ₹49 pending. Pay now: http://trackparcel.in/ld4cmq2q,1
Your ICICI account is locked. Verify now: http://account-check.net/14i7zhw4,1
Payment failed. Retry here: http://verify-login.net/t1r5pj6a,1
Your SBI account is locked. Verify now: http://verify-login.net/e4n6rqmh,1
Class notice posted at https://college.edu,0
Visit our official site for updates: https://company.com,0
Your Netflix account is locked. Verify now: http://account-check.net/wri1y16d,1
Payment failed. Retry here: http://secure-update.co/34td2ywx,1
Courier fee ₹49 pending. Pay now: http://gift-claim.org/7hlskv7w,1
Your Flipkart account is locked. Verify now: http://trackparcel.in/c3438hdv,1
You won a reward from Amazon! Claim: https://trackparcel.in/olqu9917,1
Monthly statement available at https://microsoft.com,0
Payment failed. Retry here: http://secure-update.co/e0h888jc,1
Payment failed. Retry here: http://pay-now.in/nj8ftc24,1
Courier fee ₹49 pending. Pay now: http://trackparcel.in/b1r4emn9,1
Courier fee ₹49 pending. Pay now: http://pay-now.in/cnx7tnr6,1
Meeting link shared on portal. See https://amazon.in,0
Payment failed. Retry here: http://verify-login.net/agmvj82l,1
KYC pending for Paytm. Update immediately at https://verify-login.net/umetpri5,1
You won a reward from ICICI! Claim: https://secure-update.co/4dd06bpm,1
Payment failed. Retry here: http://secure-update.co/puhggf8s,1
Class notice posted at https://microsoft.com,0
Monthly statement available at https://google.com,0
Courier fee ₹49 pending. Pay now: http://pay-now.in/quyhi54j,1
Payment failed. Retry here: http://pay-now.in/206m3wch,1
Class notice posted at https://company.com,0
Visit our official site for updates: https://google.com,0
Class notice posted at https://college.edu,0
Payment failed. Retry here: http://gift-claim.org/aqzph8uz,1
Visit our official site for updates: https://amazon.in,0
Your order is confirmed on https://college.edu,0
Your Flipkart account is locked. Verify now: http://account-check.net/clerzp9u,1
Your Google account is locked. Verify now: http://pay-now.in/hksrtxhh,1
Your Netflix account is locked. Verify now: http://pay-now.in/essx8j5q,1
Monthly statement available at https://company.com,0
Visit our official site for updates: https://amazon.in,0
Your order is confirmed on https://company.com,0
Your WhatsApp account is locked. Verify now: http://verify-login.net/n6w80t0m,1
Visit our official site for updates: https://microsoft.com,0
Visit our official site for updates: https://college.edu,0
Monthly statement available at https://microsoft.com,0
Meeting link shared on portal. See https://google.com,0
Monthly statement available at https://microsoft.com,0
Monthly statement available at https://company.com,0
You won a reward from Amazon! Claim: https://gift-claim.org/jc0dyet2,1
Your order is confirmed on https://amazon.in,0
Class notice posted at https://google.com,0
You won a reward from ICICI! Claim: https://gift-claim.org/94kyylks,1
Payment failed. Retry here: http://pay-now.in/zr9gvgp3,1
Visit our official site for updates: https://amazon.in,0
You won a reward from HDFC! Claim: https://trackparcel.in/23k34wcf,1
Class notice posted at https://amazon.in,0
KYC pending for Amazon. Update immediately at https://pay-now.in/b6gkbbau,1
Payment failed. Retry here: http://account-check.net/nbjw9b6i,1
Your order is confirmed on https://microsoft.com,0
You won a reward from Microsoft! Claim: https://verify-login.net/9r8upf3z,1
Class notice posted at https://amazon.in,0
Payment failed. Retry here: http://pay-now.in/5ki4f4yz,1
Payment failed. Retry here: http://secure-update.co/e8tpp2mk,1
Courier fee ₹49 pending. Pay now: http://secure-update.co/wgtlpxik,1
Visit our official site for updates: https://irctc.co.in,0
Visit our official site for updates: https://company.com,0
Your Google account is locked. Verify now: http://account-check.net/m25ack7x,1
Your order is confirmed on https://microsoft.com,0
You won a reward from Google! Claim: https://pay-now.in/h4yk43f4,1
Your order is confirmed on https://irctc.co.in,0
You won a reward from SBI! Claim: https://pay-now.in/dpkm7d3k,1
Class notice posted at https://company.com,0
Visit our official site for updates: https://google.com,0
Class notice posted at https://company.com,0
Your order is confirmed on https://company.com,0
Monthly statement available at https://microsoft.com,0
Meeting link shared on portal. See https://irctc.co.in,0
Your Amazon account is locked. Verify now: http://gift-claim.org/e8qpjytn,1
You won a reward from Flipkart! Claim: https://gift-claim.org/7g8n71i8,1
Meeting link shared on portal. See https://microsoft.com,0
Visit our official site for updates: https://irctc.co.in,0
Payment failed. Retry here: http://account-check.net/rrslhcbw,1
Meeting link shared on portal. See https://amazon.in,0
You won a reward from SBI! Claim: https://pay-now.in/asyjt142,1
You won a reward from Microsoft! Claim: https://account-check.net/54o6w3hk,1
Visit our official site for updates: https://irctc.co.in,0
Your Google account is locked. Verify now: http://trackparcel.in/ltxitise,1
Courier fee ₹49 pending. Pay now: http://verify-login.net/p4ixwpmi,1
Monthly statement available at https://microsoft.com,0
You won a reward from Paytm! Claim: https://account-check.net/up0cg5w7,1
Meeting link shared on portal. See https://microsoft.com,0
Monthly statement available at https://microsoft.com,0
Your order is confirmed on https://irctc.co.in,0
Courier fee ₹49 pending. Pay now: http://account-check.net/tnr0lotu,1
Monthly statement available at https://amazon.in,0
Your ICICI account is locked. Verify now: http://gift-claim.org/vkihfhpw,1
Courier fee ₹49 pending. Pay now: http://verify-login.net/3n4gtm31,1
Monthly statement available at https://google.com,0
Class notice posted at https://irctc.co.in,0
Monthly statement available at https://college.edu,0
Your Paytm account is locked. Verify now: http://gift-claim.org/do3h5xkd,1
Visit our official site for updates: https://microsoft.com,0
Meeting link shared on portal. See https://irctc.co.in,0
You won a reward from WhatsApp! Claim: https://gift-claim.org/7zrlwg5n,1
Visit our official site for updates: https://company.com,0
Courier fee ₹49 pending. Pay now: http://account-check.net/gvenxa4k,1
KYC pending for Flipkart. Update immediately at https://trackparcel.in/i6treld2,1
Payment failed. Retry here: http://secure-update.co/lt1xrs4i,1
Your order is confirmed on https://google.com,0
You won a reward from Paytm! Claim: https://trackparcel.in/vaid7h7v,1
KYC pending for Microsoft. Update immediately at https://verify-login.net/600eprho,1
Monthly statement available at https://google.com,0
Class notice posted at https://google.com,0
Your Flipkart account is locked. Verify now: http://pay-now.in/zji1uzb4,1
Monthly statement available at https://company.com,0
Monthly statement available at https://irctc.co.in,0
You won a reward from WhatsApp! Claim: https://account-check.net/eatqz786,1
Your order is confirmed on https://college.edu,0
Meeting link shared on portal. See https://amazon.in,0
Monthly statement available at https://microsoft.com,0
Courier fee ₹49 pending. Pay now: http://verify-login.net/jkbt86mk,1
Payment failed. Retry here: http://pay-now.in/ifo5d47i,1
You won a reward from HDFC! Claim: https://account-check.net/udfwr4up,1
Your order is confirmed on https://google.com,0
Your order is confirmed on https://google.com,0
Payment failed. Retry here: http://gift-claim.org/56btootp,1
Your Netflix account is locked. Verify now: http://account-check.net/4t9vb87e,1
Your order is confirmed on https://irctc.co.in,0
KYC pending for WhatsApp. Update immediately at https://secure-update.co/y5xmxxs9,1
Payment failed. Retry here: http://gift-claim.org/rhxhx3f8,1
Class notice posted at https://google.com,0
Your order is confirmed on https://microsoft.com,0
Courier fee ₹49 pending. Pay now: http://gift-claim.org/p64rn09g,1
You won a reward from Paytm! Claim: https://gift-claim.org/tw4imxg0,1
KYC pending for Amazon. Update immediately at https://trackparcel.in/kjdrfxj6,1
Payment failed. Retry here: http://secure-update.co/0ziayec7,1
Payment failed. Retry here: http://trackparcel.in/1jrx35x3,1
Courier fee ₹49 pending. Pay now: http://secure-update.co/lb1er6u8,1
Payment failed. Retry here: http://trackparcel.in/vmahk9lh,1
Your WhatsApp account is locked. Verify now: http://account-check.net/5xxybn48,1
Class notice posted at https://amazon.in,0
KYC pending for Flipkart. Update immediately at https://gift-claim.org/0uofat53,1
Your order is confirmed on https://microsoft.com,0
Meeting link shared on portal. See https://company.com,0
Visit our official site for updates: https://irctc.co.in,0
KYC pending for Microsoft. Update immediately at https://pay-now.in/l2o29e5s,1
Meeting link shared on portal. See https://microsoft.com,0
You won a reward from SBI! Claim: https://account-check.net/nt59vax3,1
You won a reward from Amazon! Claim: https://verify-login.net/pfk4c5h6,1
You won a reward from Netflix! Claim: https://account-check.net/dbr6yuw9,1
Payment failed. Retry here: http://secure-update.co/rqs2jkkk,1
Class notice posted at https://college.edu,0
Your Microsoft account is locked. Verify now: http://gift-claim.org/el35cikq,1
Courier fee ₹49 pending. Pay now: http://pay-now.in/4yyxx2i5,1
Your order is confirmed on https://amazon.in,0
KYC pending for Amazon. Update immediately at https://gift-claim.org/v5ktxvxd,1
KYC pending for Microsoft. Update immediately at https://pay-now.in/fssooig1,1
You won a reward from Netflix! Claim: https://verify-login.net/dlp0bd9p,1
Your order is confirmed on https://college.edu,0
Meeting link shared on portal. See https://irctc.co.in,0
Meeting link shared on portal. See https://google.com,0
Monthly statement available at https://irctc.co.in,0
You won a reward from HDFC! Claim: https://verify-login.net/v44ovl82,1
KYC pending for HDFC. Update immediately at https://verify-login.net/q582vgd1,1
Visit our official site for updates: https://irctc.co.in,0
You won a reward from Microsoft! Claim: https://account-check.net/92f8r03k,1
Class notice posted at https://amazon.in,0
Your order is confirmed on https://college.edu,0
Your WhatsApp account is locked. Verify now: http://pay-now.in/gr7i4stn,1
Payment failed. Retry here: http://verify-login.net/pdqy2yos,1
Monthly statement available at https://irctc.co.in,0
Monthly statement available at https://college.edu,0
Your order is confirmed on https://microsoft.com,0
